id,paper_id
1001,1001
1002,1002
1003,1003
1004,1004
1005,1005
1006,1006
1007,1007
1008,1008
1009,1009
1010,1010
1011,1011
1013,1013
1014,1014
1015,1015
1016,1016
1017,1017
1018,1018
1019,1019
1020,1020
1021,1021
1022,1022
1023,1023
1024,1024
1025,1025
1026,1026
1027,1027
1028,1028
1029,1029
1030,1030
1031,1031
1032,1032
1033,1033
1034,1034
1035,1035
1037,1037
1038,1038
1039,1039
1040,1040
1041,1041
1042,1042
1043,1043
1044,1044
1045,1045
1046,1046
1047,1047
1048,1048
1049,1049
1050,1050
1051,1051
1052,1052
1053,1053
1054,1054
1055,1055
1056,1056
1057,1057
1058,1058
1059,1059
1060,1060
1061,1061
1062,1062
1063,1063
1064,1064
1065,1065
1066,1066
1067,1067
1068,1068
1069,1069
1070,1070
1071,1071
1072,1072
1073,1073
1074,1074
1075,1075
1076,1076
1077,1077
1078,1078
1079,1079
1080,1080
1081,1081
1082,1082
1083,1083
1084,1084
1085,1085
1086,1086
1087,1087
1088,1088
1089,1089
1090,1090
1092,1092
1093,1093
1094,1094
1095,1095
1096,1096
1097,1097
1098,1098
1099,1099
1100,1100
1101,1101
1102,1102
1103,1103
1104,1104
1105,1105
1106,1106
1107,1107
1108,1108
1109,1109
1110,1110
1111,1111
1112,1112
1113,1113
1114,1114
1115,1115
1117,1117
1118,1118
1119,1119
1120,1120
1121,1121
1122,1122
1123,1123
1124,1124
1125,1125
1126,1126
1127,1127
1128,1128
1129,1129
1130,1130
1131,1131
1132,1132
1133,1133
1134,1134
1135,1135
1136,1136
1137,1137
1138,1138
1139,1139
1140,1140
1141,1141
1142,1142
1143,1143
1145,1145
1146,1146
1147,1147
1148,1148
1149,1149
1150,1150
1151,1151
1152,1152
1153,1153
1154,1154
1155,1155
1156,1156
1157,1157
1158,1158
1159,1159
1160,1160
1161,1161
1162,1162
1163,1163
1164,1164
1165,1165
1166,1166
1167,1167
1168,1168
1169,1169
1170,1170
1171,1171
1172,1172
1173,1173
1174,1174
1175,1175
1176,1176
1177,1177
1178,1178
1179,1179
1180,1180
1181,1181
1182,1182
1183,1183
1184,1184
1185,1185
1186,1186
1187,1187
1188,1188
1189,1189
1190,1190
1191,1191
1192,1192
1193,1193
1194,1194
1195,1195
1196,1196
1197,1197
1198,1198
1199,1199
1200,1200
1201,1201
1202,1202
1203,1203
1204,1204
1205,1205
1206,1206
1207,1207
1208,1208
1209,1209
1210,1210
1211,1211
1212,1212
1213,1213
1214,1214
1215,1215
1216,1216
1218,1218
1219,1219
1220,1220
1221,1221
1222,1222
1223,1223
1224,1224
1225,1225
1226,1226
1227,1227
1229,1229
1230,1230
1231,1231
1232,1232
1233,1233
1234,1234
1235,1235
1236,1236
1237,1237
1238,1238
1239,1239
1240,1240
1241,1241
1242,1242
1243,1243
1244,1244
1245,1245
1246,1246
1247,1247
1248,1248
1249,1249
1250,1250
1251,1251
1252,1252
1253,1253
1254,1254
1255,1255
1256,1256
1257,1257
1258,1258
1259,1259
1260,1260
1261,1261
1262,1262
1263,1263
1264,1264
1265,1265
1266,1266
1267,1267
1268,1268
1269,1269
1270,1270
1271,1271
1272,1272
1273,1273
1274,1274
1275,1275
1276,1276
1277,1277
1278,1278
1279,1279
1280,1280
1281,1281
1283,1283
1284,1284
1285,1285
1286,1286
1287,1287
1288,1288
1289,1289
1290,1290
1291,1291
1292,1292
1293,1293
1294,1294
1295,1295
1296,1296
1297,1297
1298,1298
1299,1299
1300,1300
1301,1301
1302,1302
1303,1303
1304,1304
1305,1305
1306,1306
1307,1307
1308,1308
1309,1309
1310,1310
1311,1311
1312,1312
1313,1313
1314,1314
1315,1315
1316,1316
1317,1317
1318,1318
1319,1319
1320,1320
1321,1321
1322,1322
1323,1323
1324,1324
1325,1325
1326,1326
1327,1327
1329,1329
1330,1330
1331,1331
1332,1332
1333,1333
1334,1334
1335,1335
2001,2001
2002,2002
2003,2003
2004,2004
2006,2006
2007,2007
2008,2008
2009,2009
2011,2011
2012,2012
2013,2013
2014,2014
2015,2015
2016,2016
2017,2017
2018,2018
2021,2021
2022,2022
2023,2023
2024,2024
2025,2025
2026,2026
2027,2027
2028,2028
2029,2029
2031,2031
2032,2032
2033,2033
2034,2034
2035,2035
2036,2036
2037,2037
2038,2038
2039,2039
2040,2040
2041,2041
2042,2042
2043,2043
2044,2044
2045,2045
2046,2046
2047,2047
2048,2048
2049,2049
2050,2050
2051,2051
2052,2052
2053,2053
2054,2054
2055,2055
2056,2056
2057,2057
2058,2058
2059,2059
2060,2060
2061,2061
2062,2062
2063,2063
2064,2064
2065,2065
2066,2066
2068,2068
2069,2069
2070,2070
2071,2071
2072,2072
2073,2073
2074,2074
2075,2075
2076,2076
2077,2077
2078,2078
2079,2079
2080,2080
2081,2081
2082,2082
2083,2083
2084,2084
2085,2085
2086,2086
2087,2087
2088,2088
2089,2089
2090,2090
2091,2091
2092,2092
2093,2093
2094,2094
2095,2095
2096,2096
2097,2097
2098,2098
2099,2099
2100,2100
2101,2101
2102,2102
2103,2103
2104,2104
2105,2105
2106,2106
2107,2107
2108,2108
2109,2109
2110,2110
2111,2111
2112,2112
2113,2113
2114,2114
2115,2115
2116,2116
2117,2117
2118,2118
2119,2119
2120,2120
2121,2121
2122,2122
2123,2123
2124,2124
2125,2125
2126,2126
2127,2127
2128,2128
2129,2129
2130,2130
2131,2131
2132,2132
2133,2133
2134,2134
2135,2135
2136,2136
2137,2137
2138,2138
2139,2139
2140,2140
2141,2141
2142,2142
2143,2143
2144,2144
2145,2145
2146,2146
2147,2147
2148,2148
2149,2149
2150,2150
2151,2151
2152,2152
2153,2153
2154,2154
2155,2155
2156,2156
2157,2157
2158,2158
2159,2159
2160,2160
2161,2161
2162,2162
2163,2163
2164,2164
2165,2165
2166,2166
2167,2167
2168,2168
2169,2169
2170,2170
2171,2171
2172,2172
2173,2173
2174,2174
2175,2175
2176,2176
2177,2177
2178,2178
2179,2179
2180,2180
2181,2181
2182,2182
2183,2183
2184,2184
2185,2185
2186,2186
2187,2187
2188,2188
2189,2189
2190,2190
2191,2191
2192,2192
2193,2193
2194,2194
2195,2195
2197,2197
2198,2198
2199,2199
2200,2200
2201,2201
2202,2202
2203,2203
2204,2204
2205,2205
2206,2206
2207,2207
2208,2208
2209,2209
2210,2210
2211,2211
2212,2212
2213,2213
2214,2214
2215,2215
2216,2216
2217,2217
2218,2218
2219,2219
2220,2220
2221,2221
2222,2222
2223,2223
2224,2224
2226,2226
2227,2227
2228,2228
2229,2229
2231,2231
2232,2232
2233,2233
2234,2234
2235,2235
2236,2236
2237,2237
2238,2238
2239,2239
2240,2240
2241,2241
2242,2242
2243,2243
2244,2244
2245,2245
2246,2246
2247,2247
2248,2248
2249,2249
2250,2250
2251,2251
2252,2252
2253,2253
2254,2254
2255,2255
2256,2256
2257,2257
2258,2258
2259,2259
2260,2260
2261,2261
2262,2262
2263,2263
2264,2264
2265,2265
2266,2266
2267,2267
2268,2268
2269,2269
2270,2270
2271,2271
2272,2272
2273,2273
2274,2274
2275,2275
2276,2276
2277,2277
2278,2278
2279,2279
2280,2280
2281,2281
2282,2282
2283,2283
2284,2284
2285,2285
2286,2286
2287,2287
2288,2288
2289,2289
2290,2290
2291,2291
2292,2292
2293,2293
2294,2294
2295,2295
2296,2296
2297,2297
2298,2298
2299,2299
2300,2300
2301,2301
2302,2302
2303,2303
2304,2304
2305,2305
3001,3001
3002,3002
3003,3003
3004,3004
3005,3005
3006,3006
3007,3007
3008,3008
3009,3009
3010,3010
3011,3011
3012,3012
3013,3013
3015,3015
3016,3016
3017,3017
3018,3018
3019,3019
3020,3020
3021,3021
3022,3022
3023,3023
3024,3024
3025,3025
3026,3026
3027,3027
3028,3028
3029,3029
3030,3030
3031,3031
3032,3032
3033,3033
3034,3034
3035,3035
3036,3036
3037,3037
3038,3038
3039,3039
3040,3040
3041,3041
3042,3042
3043,3043
3044,3044
3045,3045
3046,3046
3047,3047
3048,3048
3049,3049
3050,3050
3051,3051
3052,3052
3053,3053
3054,3054
3055,3055
3056,3056
3057,3057
3058,3058
3059,3059
3060,3060
3061,3061
3062,3062
3063,3063
3064,3064
3065,3065
3066,3066
3067,3067
3068,3068
3069,3069
3070,3070
3071,3071
3072,3072
3073,3073
3075,3075
3076,3076
3077,3077
3078,3078
3079,3079
3080,3080
3081,3081
3082,3082
3083,3083
3084,3084
3085,3085
3086,3086
3087,3087
3088,3088
3089,3089
3090,3090
3091,3091
3092,3092
3093,3093
3094,3094
3095,3095
3096,3096
3097,3097
3098,3098
3099,3099
3100,3100
3101,3101
3102,3102
3103,3103
3104,3104
3105,3105
3106,3106
3107,3107
3108,3108
3109,3109
3110,3110
3111,3111
3112,3112
3113,3113
3114,3114
3115,3115
3116,3116
3117,3117
3118,3118
3119,3119
3120,3120
3121,3121
3122,3122
3123,3123
3124,3124
3125,3125
3126,3126
3127,3127
3128,3128
3129,3129
3130,3130
3131,3131
3132,3132
3133,3133
3134,3134
3135,3135
3136,3136
3137,3137
3138,3138
3139,3139
3140,3140
3141,3141
3142,3142
3143,3143
3144,3144
3145,3145
3146,3146
3147,3147
3148,3148
3149,3149
3150,3150
3151,3151
3152,3152
3154,3154
3155,3155
3156,3156
3157,3157
3158,3158
3159,3159
3160,3160
3161,3161
3162,3162
3163,3163
3165,3165
3166,3166
3167,3167
3168,3168
3169,3169
3170,3170
3171,3171
3172,3172
3173,3173
3174,3174
3175,3175
3176,3176
3177,3177
3178,3178
3179,3179
3180,3180
3181,3181
3182,3182
3183,3183
3184,3184
3185,3185
3186,3186
3187,3187
3188,3188
3189,3189
3190,3190
3191,3191
3192,3192
3193,3193
3194,3194
3195,3195
3196,3196
3197,3197
3198,3198
3199,3199
3200,3200
3201,3201
3202,3202
3203,3203
3204,3204
3205,3205
3206,3206
3207,3207
3208,3208
3209,3209
3210,3210
3211,3211
3212,3212
3213,3213
3214,3214
3215,3215
3216,3216
3217,3217
3218,3218
3219,3219
3220,3220
3221,3221
3222,3222
3223,3223
3224,3224
3225,3225
3226,3226
3227,3227
3228,3228
3229,3229
3230,3230
3231,3231
3232,3232
3233,3233
3234,3234
3235,3235
3236,3236
3237,3237
3238,3238
3239,3239
3240,3240
3241,3241
3242,3242
3243,3243
3244,3244
3245,3245
3246,3246
3247,3247
3248,3248
3249,3249
3250,3250
3251,3251
3252,3252
3253,3253
3254,3254
3255,3255
3256,3256
3257,3257
3258,3258
3259,3259
3260,3260
3261,3261
3262,3262
3263,3263
3264,3264
3265,3265
3266,3266
3267,3267
3268,3268
3269,3269
3270,3270
3271,3271
3272,3272
3273,3273
3274,3274
3275,3275
3276,3276
3277,3277
3278,3278
3279,3279
3280,3280
3281,3281
3282,3282
3283,3283
3284,3284
3285,3285
3286,3286
3287,3287
3288,3288
3289,3289
3290,3290
3291,3291
3292,3292
3293,3293
3294,3294
3295,3295
3296,3296
3297,3297
3298,3298
3299,3299
3300,3300
3301,3301
3302,3302
3303,3303
3304,3304
3305,3305
3306,3306
3307,3307
3308,3308
3309,3309
3310,3310
3311,3311
3312,3312
3313,3313
3314,3314
3315,3315
3316,3316
3317,3317
3318,3318
3319,3319
3320,3320
3321,3321
3322,3322
3323,3323
3324,3324
3325,3325
3326,3326
3327,3327
3328,3328
3329,3329
4001,4001
4002,4002
4003,4003
4004,4004
4005,4005
4006,4006
4007,4007
4008,4008
4009,4009
4010,4010
4011,4011
4012,4012
4013,4013
4014,4014
4015,4015
4016,4016
4017,4017
4018,4018
4019,4019
4020,4020
4021,4021
4022,4022
4023,4023
4024,4024
4025,4025
4026,4026
4027,4027
4028,4028
4029,4029
4030,4030
4031,4031
4032,4032
4033,4033
4034,4034
4035,4035
4036,4036
4037,4037
4038,4038
4039,4039
4040,4040
4041,4041
4042,4042
4043,4043
4044,4044
4045,4045
4046,4046
4047,4047
4048,4048
4049,4049
4050,4050
4051,4051
4052,4052
4053,4053
4054,4054
4055,4055
4056,4056
4057,4057
4058,4058
4059,4059
4060,4060
4061,4061
4062,4062
4063,4063
4064,4064
4065,4065
4066,4066
4067,4067
4068,4068
4069,4069
4070,4070
4071,4071
4072,4072
4073,4073
4074,4074
4075,4075
4077,4077
4078,4078
4079,4079
4080,4080
4081,4081
4082,4082
4083,4083
4084,4084
4085,4085
4086,4086
4087,4087
4088,4088
4089,4089
4090,4090
4091,4091
4092,4092
4093,4093
4094,4094
4095,4095
4096,4096
4097,4097
4098,4098
4100,4100
4101,4101
4102,4102
4103,4103
4104,4104
4105,4105
4106,4106
4107,4107
4108,4108
4109,4109
4110,4110
4111,4111
4112,4112
4113,4113
4114,4114
4115,4115
4116,4116
4118,4118
4119,4119
4120,4120
4121,4121
4122,4122
4123,4123
4124,4124
4125,4125
4126,4126
4127,4127
4128,4128
4129,4129
4130,4130
4131,4131
4132,4132
4133,4133
4135,4135
4136,4136
4137,4137
4138,4138
4139,4139
4140,4140
4141,4141
4143,4143
4144,4144
4145,4145
4146,4146
4147,4147
4148,4148
4149,4149
4150,4150
4151,4151
4152,4152
4153,4153
4154,4154
4155,4155
4156,4156
4157,4157
4159,4159
4160,4160
4161,4161
4162,4162
4163,4163
4164,4164
4165,4165
4166,4166
4167,4167
4168,4168
4169,4169
4170,4170
4171,4171
4172,4172
4173,4173
4174,4174
4175,4175
4176,4176
4177,4177
4178,4178
4179,4179
4180,4180
4181,4181
4182,4182
4183,4183
4184,4184
4185,4185
4186,4186
4188,4188
4189,4189
4190,4190
4191,4191
4192,4192
4193,4193
4194,4194
4195,4195
4196,4196
4197,4197
4198,4198
4199,4199
4200,4200
4201,4201
4202,4202
4203,4203
4204,4204
4205,4205
4206,4206
4207,4207
4208,4208
4209,4209
4210,4210
4211,4211
4212,4212
4213,4213
4214,4214
4215,4215
4216,4216
4217,4217
4218,4218
4219,4219
4220,4220
4221,4221
4222,4222
4223,4223
4224,4224
4225,4225
4226,4226
4227,4227
4228,4228
4229,4229
4230,4230
4231,4231
4232,4232
4233,4233
4234,4234
4235,4235
4236,4236
4237,4237
4238,4238
4239,4239
4240,4240
4241,4241
4242,4242
4243,4243
4244,4244
4245,4245
4246,4246
4247,4247
4248,4248
4249,4249
4250,4250
4251,4251
4252,4252
4255,4255
4256,4256
4257,4257
4258,4258
4259,4259
4260,4260
4261,4261
4262,4262
4263,4263
4264,4264
4265,4265
4266,4266
4267,4267
4268,4268
4269,4269
4270,4270
4271,4271
5001,5001
5002,5002
5003,5003
5004,5004
5006,5006
5007,5007
5008,5008
5009,5009
5010,5010
5011,5011
5012,5012
5013,5013
5014,5014
5015,5015
5016,5016
5017,5017
5018,5018
5019,5019
5020,5020
5021,5021
5022,5022
5023,5023
5024,5024
5025,5025
5026,5026
5027,5027
5028,5028
5029,5029
5030,5030
5031,5031
5032,5032
5033,5033
5035,5035
5036,5036
5037,5037
5038,5038
5039,5039
5040,5040
5041,5041
5042,5042
5043,5043
5044,5044
5045,5045
5046,5046
5047,5047
5048,5048
5049,5049
5050,5050
5051,5051
5052,5052
5053,5053
5054,5054
5055,5055
5056,5056
5057,5057
5059,5059
5060,5060
5061,5061
5062,5062
5063,5063
5064,5064
5066,5066
5067,5067
5068,5068
5069,5069
5070,5070
5071,5071
5073,5073
5074,5074
5075,5075
5076,5076
5077,5077
5078,5078
5079,5079
5080,5080
5081,5081
5082,5082
5083,5083
5084,5084
5085,5085
5086,5086
5087,5087
5088,5088
5089,5089
5090,5090
5091,5091
5092,5092
5093,5093
5094,5094
5095,5095
5096,5096
5097,5097
5098,5098
5099,5099
5100,5100
5101,5101
5102,5102
5103,5103
5104,5104
5105,5105
5106,5106
5107,5107
5108,5108
5109,5109
5110,5110
5111,5111
5112,5112
5113,5113
5114,5114
5115,5115
5116,5116
5117,5117
5118,5118
5119,5119
5120,5120
5121,5121
5122,5122
5123,5123
5124,5124
5125,5125
5126,5126
5127,5127
5128,5128
5129,5129
5130,5130
5131,5131
5132,5132
5133,5133
5134,5134
5135,5135
5136,5136
5137,5137
5138,5138
5139,5139
5140,5140
5141,5141
5142,5142
5143,5143
5144,5144
5145,5145
5146,5146
5147,5147
5148,5148
5149,5149
5150,5150
5151,5151
5152,5152
5153,5153
5154,5154
5155,5155
5156,5156
5157,5157
5158,5158
5159,5159
5161,5161
5162,5162
5163,5163
5164,5164
5165,5165
5166,5166
5167,5167
5168,5168
5169,5169
5170,5170
5171,5171
5172,5172
5173,5173
5174,5174
5175,5175
5176,5176
5177,5177
5178,5178
5179,5179
5180,5180
5181,5181
5182,5182
5183,5183
5184,5184
5185,5185
5186,5186
5187,5187
5188,5188
5189,5189
5190,5190
5191,5191
5192,5192
5193,5193
5194,5194
5195,5195
5196,5196
5197,5197
5198,5198
5199,5199
5200,5200
5201,5201
5202,5202
5203,5203
5204,5204
5205,5205
5206,5206
5207,5207
5208,5208
5209,5209
5210,5210
5211,5211
5212,5212
5213,5213
5214,5214
5215,5215
5216,5216
5217,5217
5218,5218
5219,5219
5220,5220
5221,5221
5222,5222
5223,5223
5224,5224
5225,5225
5226,5226
5227,5227
5228,5228
5229,5229
5230,5230
5231,5231
5232,5232
5233,5233
5234,5234
5235,5235
5236,5236
5237,5237
5238,5238
5239,5239
5240,5240
5241,5241
5242,5242
5243,5243
5244,5244
5245,5245
5246,5246
5247,5247
5248,5248
5249,5249
5250,5250
5251,5251
5252,5252
5253,5253
5254,5254
5255,5255
5256,5256
5258,5258
5259,5259
5260,5260
5261,5261
5262,5262
5263,5263
5264,5264
5265,5265
5266,5266
5267,5267
5268,5268
5269,5269
5270,5270
5271,5271
5272,5272
5273,5273
5274,5274
5275,5275
5276,5276
5277,5277
5278,5278
5279,5279
5280,5280
5281,5281
5282,5282
5283,5283
5284,5284
5285,5285
5286,5286
5287,5287
5288,5288
5289,5289
5290,5290
5291,5291
5292,5292
5293,5293
5294,5294
5295,5295
5296,5296
5297,5297
5298,5298
5299,5299
5300,5300
5301,5301
5302,5302
5303,5303
5304,5304
5305,5305
5306,5306
5307,5307
5308,5308
5309,5309
5310,5310
5311,5311
5312,5312
5313,5313
5315,5315
5316,5316
5317,5317
5318,5318
5320,5320
5321,5321
5322,5322
5323,5323
5324,5324
5325,5325
5326,5326
5327,5327
5328,5328
5329,5329
5330,5330
6001,6001
6002,6002
6003,6003
6004,6004
6005,6005
6006,6006
6007,6007
6008,6008
6009,6009
6010,6010
6011,6011
6012,6012
6013,6013
6014,6014
6015,6015
6016,6016
6017,6017
6018,6018
6019,6019
6020,6020
6021,6021
6022,6022
6023,6023
6024,6024
6025,6025
6026,6026
6027,6027
6028,6028
6029,6029
6030,6030
6031,6031
6032,6032
6033,6033
6034,6034
6035,6035
6036,6036
6038,6038
6039,6039
6040,6040
6041,6041
6042,6042
6043,6043
6044,6044
6045,6045
6046,6046
6047,6047
6048,6048
6049,6049
6050,6050
6051,6051
6052,6052
6053,6053
6054,6054
6055,6055
6056,6056
6057,6057
6058,6058
6059,6059
6060,6060
6061,6061
6062,6062
6063,6063
6064,6064
6065,6065
6066,6066
6067,6067
6068,6068
6069,6069
6070,6070
6071,6071
6072,6072
6073,6073
6074,6074
6075,6075
6076,6076
6077,6077
6078,6078
6080,6080
6081,6081
6082,6082
6083,6083
6084,6084
6085,6085
6086,6086
6087,6087
6088,6088
6089,6089
6090,6090
6091,6091
6092,6092
6093,6093
6094,6094
6095,6095
6096,6096
6097,6097
6098,6098
6099,6099
6100,6100
6101,6101
6102,6102
6103,6103
6104,6104
6105,6105
6106,6106
6107,6107
6109,6109
6110,6110
6111,6111
6112,6112
6113,6113
6114,6114
6115,6115
6116,6116
6117,6117
6118,6118
6119,6119
6120,6120
6121,6121
6122,6122
6123,6123
6124,6124
6125,6125
6126,6126
6127,6127
6128,6128
6129,6129
6130,6130
6131,6131
6132,6132
6133,6133
6134,6134
6135,6135
6136,6136
6137,6137
6138,6138
6140,6140
6141,6141
6142,6142
6143,6143
6144,6144
6145,6145
6146,6146
6147,6147
6148,6148
6149,6149
6150,6150
6151,6151
6152,6152
6153,6153
6154,6154
6155,6155
6156,6156
6157,6157
6158,6158
6159,6159
6160,6160
6161,6161
6162,6162
6163,6163
6164,6164
6165,6165
6166,6166
6167,6167
6168,6168
6169,6169
6170,6170
6171,6171
6172,6172
6173,6173
6174,6174
6175,6175
6176,6176
6177,6177
6178,6178
6179,6179
6180,6180
6181,6181
6182,6182
6183,6183
6184,6184
6185,6185
6186,6186
6187,6187
6189,6189
6190,6190
6191,6191
6192,6192
6193,6193
6194,6194
6195,6195
6196,6196
6197,6197
6198,6198
6199,6199
6200,6200
6201,6201
6202,6202
6203,6203
6204,6204
6205,6205
6206,6206
6207,6207
6209,6209
6210,6210
6211,6211
6212,6212
6213,6213
6214,6214
6215,6215
6216,6216
6217,6217
6218,6218
6219,6219
6220,6220
6221,6221
6222,6222
6223,6223
6224,6224
6225,6225
6226,6226
6227,6227
6228,6228
6229,6229
6230,6230
6231,6231
6232,6232
6233,6233
6234,6234
6235,6235
6236,6236
6237,6237
6238,6238
6239,6239
6240,6240
6241,6241
6242,6242
6243,6243
6244,6244
6245,6245
6246,6246
6247,6247
6249,6249
6250,6250
6251,6251
6252,6252
6253,6253
6254,6254
6255,6255
6256,6256
6257,6257
6258,6258
6259,6259
6260,6260
6261,6261
6262,6262
6263,6263
6264,6264
6265,6265
6266,6266
6267,6267
6269,6269
6270,6270
6271,6271
6272,6272
6273,6273
6274,6274
6275,6275
6276,6276
6277,6277
6278,6278
6279,6279
6280,6280
6281,6281
6282,6282
6283,6283
6284,6284
6285,6285
6286,6286
6287,6287
6288,6288
6289,6289
6290,6290
6291,6291
6292,6292
6293,6293
6294,6294
6295,6295
6296,6296
6297,6297
6298,6298
6299,6299
6300,6300
6301,6301
6302,6302
6303,6303
6304,6304
6305,6305
6306,6306
6307,6307
6308,6308
6309,6309
6310,6310
6311,6311
6312,6312
6313,6313
6314,6314
6315,6315
6316,6316
6317,6317
6318,6318
6319,6319
6320,6320
6321,6321
6322,6322
6323,6323
6324,6324
6325,6325
6326,6326
6327,6327
6328,6328
6329,6329
6330,6330
6331,6331
6332,6332
6333,6333
6334,6334
6335,6335
6336,6336
6337,6337
6338,6338
6339,6339
6340,6340
6341,6341
6342,6342
6343,6343
6344,6344
6345,6345
6346,6346
6347,6347
6348,6348
6350,6350
6351,6351
6352,6352
6353,6353
6354,6354
6355,6355
6356,6356
6357,6357
6358,6358
6359,6359
7001,7001
7002,7002
7003,7003
7004,7004
7005,7005
7006,7006
7008,7008
7009,7009
7010,7010
7011,7011
7012,7012
7013,7013
7014,7014
7015,7015
7016,7016
7017,7017
7018,7018
7019,7019
7020,7020
7021,7021
7022,7022
7023,7023
7024,7024
7025,7025
7026,7026
7027,7027
7028,7028
7029,7029
7030,7030
7031,7031
7032,7032
7033,7033
7034,7034
7036,7036
7037,7037
7038,7038
7039,7039
7040,7040
7041,7041
7042,7042
7043,7043
7044,7044
7045,7045
7046,7046
7047,7047
7048,7048
7049,7049
7050,7050
7051,7051
7053,7053
7054,7054
7055,7055
7056,7056
7057,7057
7058,7058
7059,7059
7060,7060
7061,7061
7062,7062
7063,7063
7064,7064
7065,7065
7066,7066
7067,7067
7068,7068
7069,7069
7070,7070
7071,7071
7072,7072
7073,7073
7074,7074
7075,7075
7076,7076
7077,7077
7078,7078
7079,7079
7080,7080
7081,7081
7082,7082
7083,7083
7084,7084
7085,7085
7086,7086
7087,7087
7088,7088
7089,7089
7090,7090
7091,7091
7092,7092
7093,7093
7094,7094
7095,7095
7096,7096
7097,7097
7098,7098
7099,7099
7100,7100
7101,7101
7102,7102
7104,7104
7105,7105
7106,7106
7107,7107
7108,7108
7109,7109
7110,7110
7111,7111
7112,7112
7113,7113
7116,7116
7117,7117
7118,7118
7119,7119
7120,7120
7121,7121
7122,7122
7123,7123
7124,7124
7125,7125
7126,7126
7127,7127
7129,7129
7130,7130
7131,7131
7132,7132
7133,7133
7134,7134
7135,7135
7136,7136
7137,7137
7138,7138
7139,7139
7140,7140
7141,7141
7142,7142
7143,7143
7144,7144
7145,7145
7146,7146
7147,7147
7148,7148
7149,7149
7150,7150
7151,7151
7152,7152
7153,7153
7154,7154
7155,7155
7156,7156
7157,7157
7158,7158
7159,7159
7160,7160
7161,7161
7162,7162
7163,7163
7164,7164
7165,7165
7166,7166
7167,7167
7168,7168
7169,7169
7170,7170
7171,7171
7172,7172
7173,7173
7174,7174
7175,7175
7176,7176
7177,7177
7178,7178
7179,7179
7180,7180
7181,7181
7182,7182
7183,7183
7184,7184
7185,7185
7186,7186
7187,7187
7188,7188
7189,7189
7190,7190
7191,7191
7192,7192
7193,7193
7194,7194
7195,7195
7196,7196
7197,7197
7198,7198
7199,7199
7200,7200
7201,7201
7202,7202
7203,7203
7204,7204
7205,7205
7206,7206
7207,7207
7208,7208
7209,7209
7210,7210
7211,7211
7212,7212
7213,7213
7214,7214
7215,7215
7216,7216
7217,7217
7218,7218
7219,7219
7220,7220
7221,7221
7222,7222
7223,7223
7224,7224
7225,7225
7226,7226
7227,7227
7228,7228
7229,7229
7230,7230
7231,7231
7232,7232
7233,7233
7234,7234
7235,7235
7236,7236
7237,7237
7238,7238
7239,7239
7240,7240
7242,7242
7243,7243
7244,7244
7245,7245
7246,7246
7247,7247
7248,7248
7249,7249
7250,7250
7251,7251
7252,7252
7253,7253
7254,7254
7255,7255
7256,7256
7257,7257
7258,7258
7259,7259
7260,7260
7261,7261
7262,7262
7263,7263
7264,7264
7265,7265
7266,7266
7267,7267
7268,7268
7269,7269
7270,7270
7271,7271
7272,7272
7273,7273
7274,7274
7275,7275
7276,7276
7277,7277
7278,7278
7279,7279
7280,7280
7281,7281
7282,7282
7283,7283
7284,7284
7285,7285
7286,7286
7287,7287
7288,7288
7289,7289
7290,7290
7291,7291
7292,7292
7293,7293
7294,7294
7295,7295
7296,7296
7297,7297
7298,7298
7299,7299
7300,7300
7301,7301
7302,7302
7303,7303
7304,7304
7305,7305
7306,7306
7307,7307
7308,7308
7309,7309
7310,7310
7311,7311
7312,7312
7313,7313
7314,7314
7315,7315
7316,7316
7317,7317
7318,7318
7319,7319
7320,7320
7321,7321
7322,7322
7323,7323
7324,7324
7325,7325
7326,7326
7327,7327
7328,7328
7329,7329
7330,7330
7331,7331
7332,7332
7333,7333
7334,7334
7335,7335
7336,7336
7338,7338
7339,7339
7340,7340
7341,7341
7342,7342
7343,7343
7344,7344
7345,7345
7346,7346
7347,7347
7348,7348
7349,7349
7350,7350
7351,7351
7352,7352
7353,7353
7354,7354
7355,7355
7356,7356
7357,7357
7358,7358
7359,7359
7360,7360
7361,7361
7362,7362
8001,8001
8002,8002
8003,8003
8004,8004
8005,8005
8006,8006
8007,8007
8008,8008
8009,8009
8010,8010
8011,8011
8012,8012
8013,8013
8014,8014
8015,8015
8016,8016
8017,8017
8018,8018
8019,8019
8020,8020
8021,8021
8022,8022
8023,8023
8024,8024
8025,8025
8026,8026
8027,8027
8028,8028
8029,8029
8030,8030
8031,8031
8032,8032
8033,8033
8034,8034
8035,8035
8036,8036
8037,8037
8038,8038
8041,8041
8042,8042
8043,8043
8044,8044
8045,8045
8046,8046
8047,8047
8048,8048
8049,8049
8050,8050
8051,8051
8052,8052
8053,8053
8054,8054
8055,8055
8056,8056
8057,8057
8058,8058
8059,8059
8060,8060
8061,8061
8062,8062
8063,8063
8064,8064
8065,8065
8066,8066
8067,8067
8068,8068
8069,8069
8070,8070
8071,8071
8072,8072
8073,8073
8074,8074
8075,8075
8076,8076
8077,8077
8078,8078
8079,8079
8080,8080
8081,8081
8082,8082
8083,8083
8084,8084
8085,8085
8086,8086
8087,8087
8088,8088
8089,8089
8090,8090
8091,8091
8092,8092
8093,8093
8094,8094
8095,8095
8096,8096
8097,8097
8098,8098
8099,8099
8100,8100
8101,8101
8102,8102
8103,8103
8104,8104
8105,8105
8107,8107
8108,8108
8109,8109
8110,8110
8111,8111
8112,8112
8113,8113
8114,8114
8115,8115
8116,8116
8117,8117
8118,8118
8119,8119
8120,8120
8121,8121
8122,8122
8123,8123
8124,8124
8125,8125
8126,8126
8127,8127
8128,8128
8129,8129
8130,8130
8131,8131
8132,8132
8133,8133
8134,8134
8135,8135
8136,8136
8137,8137
8138,8138
8139,8139
8140,8140
8141,8141
8142,8142
8143,8143
8144,8144
8145,8145
8146,8146
8147,8147
8148,8148
8149,8149
8150,8150
8151,8151
8152,8152
8153,8153
8154,8154
8155,8155
8156,8156
8157,8157
8158,8158
8159,8159
8160,8160
8161,8161
8162,8162
8163,8163
8164,8164
8165,8165
8166,8166
8167,8167
8168,8168
8169,8169
8170,8170
8171,8171
8172,8172
8173,8173
8174,8174
8175,8175
8176,8176
8177,8177
8178,8178
8179,8179
8180,8180
8181,8181
8182,8182
8183,8183
8184,8184
8185,8185
8186,8186
8187,8187
8188,8188
8189,8189
8190,8190
8191,8191
8192,8192
8193,8193
8194,8194
8195,8195
8196,8196
8197,8197
8198,8198
8199,8199
8200,8200
8201,8201
8202,8202
8203,8203
8204,8204
8205,8205
8206,8206
8207,8207
8208,8208
8209,8209
8210,8210
8211,8211
8212,8212
8213,8213
8214,8214
8215,8215
8216,8216
8217,8217
8218,8218
8219,8219
8220,8220
8221,8221
8222,8222
8223,8223
8224,8224
8225,8225
8226,8226
8227,8227
8228,8228
8229,8229
8230,8230
8231,8231
8232,8232
8233,8233
8234,8234
8235,8235
8236,8236
8237,8237
8238,8238
8239,8239
8240,8240
8241,8241
8242,8242
8243,8243
8244,8244
8245,8245
8246,8246
8247,8247
8248,8248
8249,8249
8250,8250
8251,8251
8252,8252
8253,8253
8254,8254
8255,8255
8256,8256
8258,8258
8259,8259
8260,8260
8261,8261
8262,8262
8263,8263
8264,8264
8265,8265
8266,8266
8267,8267
8268,8268
8269,8269
8270,8270
8271,8271
8272,8272
8273,8273
8274,8274
8275,8275
8276,8276
8277,8277
8278,8278
8279,8279
8280,8280
8282,8282
8283,8283
8284,8284
8285,8285
8286,8286
8287,8287
8288,8288
8289,8289
8290,8290
8291,8291
8292,8292
8293,8293
8294,8294
8295,8295
8296,8296
8297,8297
8298,8298
8299,8299
8300,8300
8301,8301
8302,8302
8303,8303
8305,8305
8306,8306
8307,8307
8308,8308
8309,8309
8311,8311
8312,8312
8313,8313
8314,8314
8315,8315
8316,8316
8317,8317
8318,8318
8319,8319
8320,8320
8321,8321
8322,8322
8324,8324
8325,8325
8326,8326
8327,8327
8328,8328
8329,8329
8330,8330
8331,8331
8332,8332
8333,8333
8334,8334
8335,8335
8336,8336
8337,8337
8338,8338
9001,9001
9002,9002
9003,9003
9004,9004
9005,9005
9006,9006
9007,9007
9008,9008
9009,9009
9010,9010
9011,9011
9012,9012
9013,9013
9014,9014
9015,9015
9016,9016
9017,9017
9018,9018
9019,9019
9020,9020
9021,9021
9022,9022
9023,9023
9024,9024
9025,9025
9026,9026
9027,9027
9028,9028
9029,9029
9030,9030
9031,9031
9032,9032
9033,9033
9034,9034
9035,9035
9036,9036
9037,9037
9038,9038
9039,9039
9041,9041
9042,9042
9043,9043
9044,9044
9045,9045
9046,9046
9047,9047
9048,9048
9049,9049
9050,9050
9051,9051
9052,9052
9053,9053
9054,9054
9055,9055
9056,9056
9057,9057
9058,9058
9059,9059
9060,9060
9061,9061
9062,9062
9064,9064
9065,9065
9066,9066
9067,9067
9068,9068
9069,9069
9070,9070
9071,9071
9072,9072
9073,9073
9074,9074
9075,9075
9076,9076
9077,9077
9078,9078
9079,9079
9080,9080
9081,9081
9082,9082
9083,9083
9084,9084
9085,9085
9086,9086
9087,9087
9088,9088
9089,9089
9090,9090
9091,9091
9092,9092
9093,9093
9094,9094
9095,9095
9096,9096
9097,9097
9098,9098
9099,9099
9100,9100
9101,9101
9102,9102
9103,9103
9104,9104
9105,9105
9106,9106
9107,9107
9108,9108
9109,9109
9110,9110
9111,9111
9112,9112
9113,9113
9114,9114
9115,9115
9116,9116
9117,9117
9118,9118
9119,9119
9120,9120
9121,9121
9122,9122
9123,9123
9124,9124
9125,9125
9126,9126
9127,9127
9128,9128
9129,9129
9130,9130
9131,9131
9132,9132
9133,9133
9135,9135
9136,9136
9138,9138
9140,9140
9141,9141
9142,9142
9143,9143
9144,9144
9145,9145
9146,9146
9147,9147
9148,9148
9149,9149
9150,9150
9151,9151
9152,9152
9153,9153
9154,9154
9155,9155
9156,9156
9157,9157
9158,9158
9159,9159
9160,9160
9161,9161
9162,9162
9163,9163
9164,9164
9165,9165
9166,9166
9167,9167
9168,9168
9169,9169
9170,9170
9171,9171
9172,9172
9173,9173
9174,9174
9175,9175
9176,9176
9177,9177
9178,9178
9179,9179
9180,9180
9181,9181
9182,9182
9183,9183
9184,9184
9185,9185
9186,9186
9187,9187
9188,9188
9189,9189
9190,9190
9191,9191
9192,9192
9193,9193
9194,9194
9195,9195
9196,9196
9197,9197
9198,9198
9199,9199
9200,9200
9201,9201
9202,9202
9203,9203
9204,9204
9205,9205
9206,9206
9207,9207
9208,9208
9209,9209
9210,9210
9211,9211
9212,9212
9213,9213
9214,9214
9215,9215
9216,9216
9217,9217
9218,9218
9219,9219
9220,9220
9221,9221
9222,9222
9223,9223
9224,9224
9225,9225
9226,9226
9227,9227
9228,9228
9229,9229
9230,9230
9231,9231
9232,9232
9233,9233
9234,9234
9235,9235
9236,9236
9237,9237
9238,9238
9239,9239
9240,9240
9241,9241
9242,9242
9243,9243
9244,9244
9245,9245
9246,9246
9247,9247
9248,9248
9249,9249
9250,9250
9251,9251
9252,9252
9253,9253
9254,9254
9255,9255
9256,9256
9257,9257
9258,9258
9259,9259
9260,9260
9261,9261
9262,9262
9263,9263
9264,9264
9265,9265
9266,9266
9267,9267
9268,9268
9269,9269
9270,9270
9271,9271
9272,9272
9273,9273
9274,9274
9275,9275
9276,9276
9277,9277
9278,9278
9279,9279
9280,9280
9281,9281
9282,9282
9283,9283
9284,9284
9285,9285
9286,9286
9287,9287
9288,9288
9289,9289
9290,9290
9291,9291
9292,9292
9293,9293
9294,9294
9295,9295
9296,9296
9297,9297
9298,9298
9299,9299
9300,9300
9301,9301
9302,9302
9303,9303
9304,9304
9305,9305
9306,9306
9307,9307
9308,9308
9309,9309
9310,9310
9311,9311
9312,9312
9313,9313
9314,9314
9315,9315
9316,9316
9317,9317
9318,9318
9319,9319
9320,9320
9321,9321
9322,9322
9323,9323
9324,9324
9325,9325
9326,9326
9327,9327
9328,9328
9329,9329
9330,9330
9331,9331
9332,9332
9333,9333
9334,9334
9336,9336
9337,9337
9338,9338
9339,9339
9340,9340
9341,9341
9342,9342
9343,9343
9344,9344
9345,9345
9346,9346
9347,9347
9348,9348
9349,9349
9350,9350
9351,9351
9352,9352
9353,9353
9354,9354
9355,9355
9356,9356
9357,9357
9358,9358
10002,10002
10003,10003
10004,10004
10005,10005
10006,10006
10007,10007
10008,10008
10009,10009
10010,10010
10011,10011
10012,10012
10013,10013
10014,10014
10015,10015
10016,10016
10017,10017
10018,10018
10019,10019
10020,10020
10021,10021
10022,10022
10023,10023
10024,10024
10025,10025
10026,10026
10027,10027
10028,10028
10029,10029
10030,10030
10031,10031
10032,10032
10033,10033
10034,10034
10035,10035
10036,10036
10037,10037
10039,10039
10040,10040
10041,10041
10042,10042
10043,10043
10044,10044
10045,10045
10046,10046
10047,10047
10048,10048
10049,10049
10050,10050
10051,10051
10052,10052
10053,10053
10054,10054
10055,10055
10056,10056
10057,10057
10058,10058
10059,10059
10060,10060
10061,10061
10062,10062
10063,10063
10064,10064
10065,10065
10066,10066
10067,10067
10068,10068
10069,10069
10070,10070
10071,10071
10072,10072
10073,10073
10074,10074
10075,10075
10076,10076
10077,10077
10078,10078
10079,10079
10080,10080
10081,10081
10082,10082
10083,10083
10084,10084
10085,10085
10086,10086
10087,10087
10088,10088
10089,10089
10090,10090
10091,10091
10092,10092
10094,10094
10095,10095
10096,10096
10097,10097
10098,10098
10099,10099
10100,10100
10101,10101
10102,10102
10103,10103
10104,10104
10105,10105
10106,10106
10107,10107
10108,10108
10109,10109
10110,10110
10111,10111
10112,10112
10113,10113
10114,10114
10115,10115
10116,10116
10117,10117
10118,10118
10119,10119
10120,10120
10121,10121
10122,10122
10123,10123
10124,10124
10125,10125
10126,10126
10128,10128
10129,10129
10130,10130
10131,10131
10132,10132
10133,10133
10134,10134
10135,10135
10136,10136
10137,10137
10138,10138
10139,10139
10140,10140
10141,10141
10142,10142
10143,10143
10144,10144
10145,10145
10146,10146
10147,10147
10148,10148
10149,10149
10150,10150
10151,10151
10152,10152
10153,10153
10154,10154
10155,10155
10156,10156
10157,10157
10158,10158
10159,10159
10160,10160
10161,10161
10162,10162
10163,10163
10164,10164
10165,10165
10166,10166
10167,10167
10168,10168
10169,10169
10171,10171
10172,10172
10173,10173
10174,10174
10175,10175
10176,10176
10177,10177
10178,10178
10179,10179
10180,10180
10181,10181
10182,10182
10183,10183
10184,10184
10185,10185
10186,10186
10187,10187
10188,10188
10189,10189
10190,10190
10191,10191
10192,10192
10193,10193
10194,10194
10195,10195
10196,10196
10197,10197
10198,10198
10199,10199
10200,10200
10201,10201
10202,10202
10203,10203
10204,10204
10205,10205
10206,10206
10207,10207
10208,10208
10209,10209
10210,10210
10212,10212
10213,10213
10215,10215
10216,10216
10217,10217
10218,10218
10219,10219
10220,10220
10221,10221
10222,10222
10223,10223
10224,10224
10225,10225
10226,10226
10227,10227
10228,10228
10229,10229
10230,10230
10231,10231
10232,10232
10233,10233
10234,10234
10235,10235
10236,10236
10237,10237
10238,10238
10239,10239
10240,10240
10241,10241
10242,10242
10243,10243
10244,10244
10245,10245
10246,10246
10247,10247
10248,10248
10249,10249
10250,10250
10251,10251
10252,10252
10253,10253
10254,10254
10255,10255
10256,10256
10257,10257
10258,10258
10259,10259
10260,10260
10261,10261
10262,10262
10263,10263
10264,10264
10265,10265
10266,10266
10267,10267
10268,10268
10269,10269
10270,10270
10271,10271
10272,10272
10273,10273
10274,10274
10275,10275
10276,10276
10277,10277
10279,10279
10280,10280
10281,10281
10282,10282
10283,10283
10284,10284
10285,10285
10287,10287
10288,10288
10289,10289
10290,10290
10291,10291
10292,10292
10293,10293
10294,10294
10296,10296
10297,10297
10298,10298
10299,10299
10300,10300
10301,10301
10302,10302
10303,10303
10304,10304
10305,10305
10306,10306
10307,10307
10308,10308
10309,10309
10310,10310
10311,10311
10312,10312
10313,10313
10314,10314
10315,10315
10316,10316
10317,10317
10318,10318
10319,10319
10320,10320
10321,10321
10322,10322
10323,10323
10324,10324
10325,10325
10326,10326
10327,10327
10328,10328
10329,10329
10330,10330
10331,10331
10332,10332
10333,10333
10334,10334
10335,10335
10336,10336
10337,10337
10338,10338
10339,10339
10340,10340
10341,10341
10342,10342
10343,10343
10344,10344
10345,10345
10346,10346
10347,10347
10348,10348
10349,10349
10350,10350
10351,10351
10352,10352
10353,10353
10354,10354
11001,11001
11002,11002
11003,11003
11004,11004
11005,11005
11006,11006
11007,11007
11008,11008
11009,11009
11010,11010
11011,11011
11014,11014
11015,11015
11017,11017
11018,11018
11019,11019
11020,11020
11021,11021
11022,11022
11023,11023
11024,11024
11025,11025
11026,11026
11027,11027
11028,11028
11029,11029
11030,11030
11031,11031
11032,11032
11033,11033
11034,11034
11035,11035
11036,11036
11037,11037
11038,11038
11039,11039
11040,11040
11041,11041
11042,11042
11043,11043
11044,11044
11045,11045
11046,11046
11047,11047
11048,11048
11049,11049
11050,11050
11051,11051
11052,11052
11053,11053
11054,11054
11055,11055
11056,11056
11057,11057
11058,11058
11059,11059
11060,11060
11061,11061
11062,11062
11063,11063
11064,11064
11065,11065
11066,11066
11067,11067
11068,11068
11069,11069
11070,11070
11071,11071
11072,11072
11073,11073
11074,11074
11075,11075
11076,11076
11077,11077
11078,11078
11079,11079
11080,11080
11081,11081
11082,11082
11083,11083
11084,11084
11085,11085
11086,11086
11087,11087
11088,11088
11089,11089
11090,11090
11091,11091
11092,11092
11093,11093
11094,11094
11095,11095
11096,11096
11097,11097
11098,11098
11099,11099
11100,11100
11101,11101
11104,11104
11105,11105
11106,11106
11107,11107
11108,11108
11109,11109
11110,11110
11111,11111
11112,11112
11113,11113
11114,11114
11115,11115
11116,11116
11117,11117
11118,11118
11119,11119
11120,11120
11121,11121
11122,11122
11123,11123
11124,11124
11125,11125
11126,11126
11127,11127
11128,11128
11129,11129
11130,11130
11131,11131
11132,11132
11133,11133
11134,11134
11135,11135
11136,11136
11137,11137
11138,11138
11139,11139
11140,11140
11141,11141
11142,11142
11143,11143
11144,11144
11145,11145
11146,11146
11147,11147
11148,11148
11149,11149
11150,11150
11151,11151
11152,11152
11153,11153
11154,11154
11155,11155
11156,11156
11157,11157
11158,11158
11159,11159
11160,11160
11161,11161
11162,11162
11163,11163
11164,11164
11165,11165
11166,11166
11167,11167
11168,11168
11169,11169
11170,11170
11171,11171
11172,11172
11173,11173
11174,11174
11175,11175
11176,11176
11177,11177
11178,11178
11179,11179
11180,11180
11181,11181
11183,11183
11184,11184
11185,11185
11186,11186
11187,11187
11188,11188
11189,11189
11190,11190
11191,11191
11192,11192
11193,11193
11194,11194
11195,11195
11196,11196
11197,11197
11198,11198
11199,11199
11200,11200
11201,11201
11202,11202
11203,11203
11204,11204
11205,11205
11206,11206
11207,11207
11208,11208
11209,11209
11210,11210
11211,11211
11212,11212
11213,11213
11214,11214
11215,11215
11216,11216
11217,11217
11218,11218
11219,11219
11220,11220
11221,11221
11222,11222
11224,11224
11225,11225
11226,11226
11227,11227
11228,11228
11229,11229
11230,11230
11231,11231
11232,11232
11233,11233
11234,11234
11235,11235
11236,11236
11237,11237
11238,11238
11239,11239
11240,11240
11241,11241
11242,11242
11243,11243
11244,11244
11245,11245
11246,11246
11247,11247
11248,11248
11249,11249
11250,11250
11251,11251
11252,11252
11253,11253
11254,11254
11255,11255
11256,11256
11257,11257
11258,11258
11259,11259
11260,11260
11261,11261
11263,11263
11264,11264
11265,11265
11266,11266
11267,11267
11268,11268
11269,11269
11270,11270
11271,11271
11272,11272
11273,11273
11274,11274
11275,11275
11276,11276
11277,11277
11278,11278
11279,11279
11280,11280
11281,11281
11282,11282
11283,11283
11284,11284
11285,11285
11286,11286
11287,11287
11288,11288
11289,11289
11290,11290
11291,11291
11292,11292
11293,11293
11294,11294
11295,11295
11296,11296
11297,11297
11298,11298
11299,11299
11300,11300
11301,11301
11302,11302
11303,11303
11304,11304
11305,11305
11306,11306
11307,11307
11308,11308
11309,11309
11310,11310
11311,11311
11312,11312
11313,11313
11314,11314
11315,11315
11316,11316
11317,11317
11318,11318
11319,11319
11320,11320
11321,11321
11322,11322
11323,11323
11324,11324
11325,11325
11326,11326
11328,11328
11329,11329
11330,11330
11331,11331
11332,11332
11333,11333
11334,11334
11335,11335
11336,11336
11337,11337
11338,11338
11339,11339
11340,11340
11341,11341
11342,11342
11343,11343
11344,11344
11345,11345
11346,11346
11347,11347
11348,11348
11349,11349
11351,11351
11352,11352
11353,11353
11354,11354
11355,11355
11356,11356
11357,11357
11358,11358
11359,11359
11360,11360
11361,11361
11362,11362
11363,11363
11364,11364
11365,11365
11366,11366
11367,11367
11368,11368
11369,11369
11370,11370
11371,11371
11372,11372
11373,11373
11374,11374
11375,11375
11376,11376
11377,11377
11378,11378
11379,11379
11381,11381
11382,11382
11383,11383
11384,11384
11385,11385
11386,11386
11387,11387
11388,11388
11389,11389
11390,11390
11391,11391
11392,11392
11393,11393
11394,11394
11395,11395
11396,11396
11397,11397
11398,11398
11399,11399
11400,11400
12001,12001
12002,12002
12003,12003
12004,12004
12005,12005
12006,12006
12007,12007
12008,12008
12009,12009
12010,12010
12011,12011
12012,12012
12013,12013
12014,12014
12015,12015
12016,12016
12017,12017
12018,12018
12019,12019
12020,12020
12021,12021
12022,12022
12023,12023
12024,12024
12025,12025
12026,12026
12027,12027
12028,12028
12029,12029
12030,12030
12031,12031
12032,12032
12033,12033
12034,12034
12035,12035
12037,12037
12038,12038
12039,12039
12040,12040
12041,12041
12042,12042
12043,12043
12044,12044
12045,12045
12046,12046
12047,12047
12048,12048
12049,12049
12050,12050
12051,12051
12052,12052
12053,12053
12054,12054
12055,12055
12056,12056
12057,12057
12058,12058
12059,12059
12060,12060
12061,12061
12062,12062
12063,12063
12064,12064
12065,12065
12066,12066
12067,12067
12068,12068
12069,12069
12070,12070
12071,12071
12072,12072
12073,12073
12074,12074
12075,12075
12076,12076
12077,12077
12078,12078
12079,12079
12080,12080
12081,12081
12082,12082
12083,12083
12084,12084
12085,12085
12086,12086
12087,12087
12088,12088
12089,12089
12090,12090
12091,12091
12092,12092
12093,12093
12094,12094
12095,12095
12096,12096
12097,12097
12098,12098
12099,12099
12100,12100
12101,12101
12102,12102
12103,12103
12104,12104
12105,12105
12106,12106
12107,12107
12108,12108
12109,12109
12110,12110
12111,12111
12112,12112
12113,12113
12114,12114
12115,12115
12116,12116
12117,12117
12118,12118
12120,12120
12121,12121
12122,12122
12123,12123
12124,12124
12125,12125
12126,12126
12127,12127
12128,12128
12129,12129
12130,12130
12131,12131
12132,12132
12133,12133
12134,12134
12135,12135
12136,12136
12137,12137
12138,12138
12139,12139
12140,12140
12141,12141
12142,12142
12143,12143
12144,12144
12145,12145
12146,12146
12147,12147
12148,12148
12149,12149
12150,12150
12151,12151
12152,12152
12153,12153
12154,12154
12155,12155
12156,12156
12157,12157
12158,12158
12159,12159
12160,12160
12161,12161
12162,12162
12163,12163
12164,12164
12165,12165
12166,12166
12167,12167
12168,12168
12169,12169
12170,12170
12171,12171
12172,12172
12173,12173
12174,12174
12175,12175
12176,12176
12177,12177
12178,12178
12179,12179
12180,12180
12181,12181
12182,12182
12183,12183
12184,12184
12185,12185
12186,12186
12187,12187
12188,12188
12189,12189
12190,12190
12191,12191
12192,12192
12193,12193
12194,12194
12195,12195
12196,12196
12197,12197
12198,12198
12199,12199
12200,12200
12201,12201
12202,12202
12203,12203
12204,12204
12205,12205
12206,12206
12207,12207
12208,12208
12209,12209
12210,12210
12211,12211
12212,12212
12213,12213
12214,12214
12215,12215
12216,12216
12217,12217
12218,12218
12219,12219
12220,12220
12221,12221
12222,12222
12223,12223
12224,12224
12225,12225
12226,12226
12227,12227
12228,12228
12229,12229
12230,12230
12231,12231
12232,12232
12233,12233
12234,12234
12235,12235
12236,12236
12237,12237
12238,12238
12239,12239
12240,12240
12241,12241
12242,12242
12243,12243
12244,12244
12245,12245
12246,12246
12247,12247
12248,12248
12249,12249
12250,12250
12251,12251
12252,12252
12253,12253
12254,12254
12255,12255
12256,12256
12257,12257
12258,12258
12259,12259
12260,12260
12261,12261
12262,12262
12263,12263
12264,12264
12265,12265
12266,12266
12267,12267
12268,12268
12269,12269
12270,12270
12271,12271
12272,12272
12273,12273
12274,12274
12275,12275
12276,12276
12277,12277
12278,12278
12279,12279
12280,12280
12281,12281
12282,12282
12283,12283
12284,12284
12285,12285
12286,12286
12287,12287
12288,12288
12289,12289
12290,12290
12291,12291
12292,12292
12293,12293
12294,12294
12295,12295
12296,12296
12297,12297
12298,12298
12299,12299
12300,12300
12302,12302
12303,12303
12304,12304
12305,12305
12306,12306
12307,12307
12308,12308
12309,12309
12310,12310
12311,12311
12312,12312
12313,12313
12314,12314
12315,12315
12316,12316
12317,12317
12318,12318
12319,12319
12321,12321
12322,12322
12323,12323
12324,12324
12325,12325
12326,12326
12327,12327
12329,12329
12330,12330
12331,12331
12332,12332
12333,12333
12334,12334
12335,12335
12336,12336
12337,12337
12338,12338
12339,12339
12340,12340
12341,12341
12342,12342
12343,12343
12344,12344
12345,12345
12346,12346
12347,12347
12348,12348
12349,12349
12350,12350
12351,12351
12352,12352
12353,12353
12354,12354
12355,12355
12356,12356
12357,12357
12358,12358
12359,12359
12360,12360
12361,12361
12362,12362
12363,12363
12364,12364
12365,12365
12366,12366
12367,12367
12369,12369
12370,12370
12371,12371
12372,12372
12373,12373
12374,12374
12375,12375
12376,12376
12377,12377
12378,12378
12379,12379
12380,12380
12381,12381
12382,12382
12383,12383
101001,101001
101002,101002
101003,101003
101004,101004
101005,101005
101006,101006
101007,101007
101009,101009
101010,101010
101011,101011
101012,101012
101013,101013
101014,101014
101015,101015
101016,101016
101017,101017
101018,101018
101019,101019
101020,101020
101021,101021
101022,101022
101023,101023
101024,101024
101025,101025
101026,101026
101027,101027
101028,101028
101029,101029
101030,101030
101031,101031
101032,101032
101033,101033
101034,101034
101035,101035
101037,101037
101039,101039
101040,101040
101041,101041
101042,101042
101043,101043
101044,101044
101045,101045
101046,101046
101047,101047
101048,101048
101049,101049
101050,101050
101051,101051
101052,101052
101053,101053
101054,101054
101055,101055
101056,101056
101057,101057
101058,101058
101059,101059
101060,101060
101061,101061
101062,101062
101063,101063
101065,101065
101066,101066
101067,101067
101068,101068
101069,101069
101070,101070
101071,101071
101072,101072
101073,101073
101074,101074
101075,101075
101076,101076
101077,101077
101078,101078
101079,101079
101080,101080
101081,101081
101082,101082
101083,101083
101085,101085
101086,101086
101087,101087
101088,101088
101089,101089
101090,101090
101091,101091
101092,101092
101093,101093
101094,101094
101095,101095
101096,101096
101097,101097
101098,101098
101099,101099
101100,101100
101101,101101
101102,101102
101103,101103
101104,101104
101105,101105
101106,101106
101107,101107
101108,101108
101109,101109
101110,101110
101111,101111
101112,101112
101113,101113
101114,101114
101115,101115
101116,101116
101117,101117
101118,101118
101119,101119
101120,101120
101121,101121
101122,101122
101123,101123
101124,101124
101125,101125
101126,101126
101127,101127
101128,101128
101129,101129
101130,101130
101131,101131
101132,101132
101133,101133
101134,101134
101135,101135
101136,101136
101137,101137
101138,101138
101139,101139
101140,101140
101141,101141
101142,101142
101143,101143
101144,101144
101145,101145
101146,101146
101147,101147
101148,101148
101149,101149
101150,101150
101151,101151
101152,101152
101153,101153
101154,101154
101155,101155
101156,101156
101158,101158
101159,101159
101160,101160
101161,101161
101162,101162
101163,101163
101164,101164
101165,101165
101166,101166
101167,101167
101168,101168
101169,101169
101170,101170
101171,101171
101172,101172
101173,101173
101174,101174
101175,101175
101176,101176
101177,101177
101178,101178
101179,101179
101180,101180
101181,101181
101182,101182
101183,101183
101184,101184
101185,101185
101187,101187
101188,101188
101189,101189
101190,101190
101191,101191
101192,101192
101193,101193
101194,101194
101195,101195
101196,101196
101197,101197
101198,101198
101199,101199
101200,101200
101201,101201
101202,101202
101203,101203
101204,101204
101205,101205
101206,101206
101207,101207
101208,101208
101210,101210
101211,101211
101212,101212
101213,101213
101214,101214
101215,101215
101216,101216
101217,101217
101218,101218
101219,101219
101220,101220
101221,101221
101222,101222
101223,101223
101224,101224
101225,101225
101226,101226
101227,101227
101228,101228
101229,101229
101230,101230
101231,101231
101232,101232
101233,101233
101234,101234
101235,101235
101236,101236
101237,101237
101238,101238
101239,101239
101240,101240
101241,101241
101242,101242
101243,101243
101244,101244
101245,101245
101246,101246
101247,101247
101248,101248
101249,101249
101250,101250
101251,101251
101252,101252
101253,101253
101254,101254
101255,101255
101256,101256
101257,101257
101258,101258
101259,101259
101260,101260
101261,101261
101262,101262
101263,101263
101264,101264
101265,101265
101266,101266
101267,101267
101268,101268
101269,101269
101270,101270
101271,101271
101272,101272
101273,101273
101274,101274
101275,101275
101276,101276
101277,101277
101278,101278
101279,101279
101280,101280
101281,101281
101282,101282
101283,101283
101284,101284
101285,101285
101286,101286
101287,101287
101289,101289
101290,101290
101291,101291
101292,101292
101293,101293
101294,101294
101295,101295
101296,101296
101297,101297
101299,101299
101300,101300
101301,101301
101302,101302
101303,101303
101304,101304
101305,101305
101306,101306
101307,101307
101308,101308
101309,101309
101310,101310
101311,101311
101313,101313
101314,101314
101315,101315
101316,101316
101317,101317
101318,101318
101319,101319
101320,101320
101321,101321
101322,101322
101323,101323
101324,101324
101325,101325
101326,101326
101327,101327
101328,101328
101329,101329
101330,101330
101331,101331
101332,101332
101333,101333
101334,101334
101335,101335
101336,101336
101337,101337
101338,101338
101339,101339
101340,101340
101341,101341
101342,101342
101343,101343
101344,101344
101345,101345
101346,101346
101347,101347
101348,101348
101349,101349
101350,101350
101351,101351
101352,101352
101353,101353
101354,101354
101355,101355
101356,101356
102001,102001
102002,102002
102003,102003
102004,102004
102005,102005
102006,102006
102008,102008
102009,102009
102010,102010
102011,102011
102012,102012
102013,102013
102014,102014
102015,102015
102016,102016
102017,102017
102018,102018
102019,102019
102020,102020
102021,102021
102022,102022
102023,102023
102024,102024
102025,102025
102026,102026
102027,102027
102028,102028
102029,102029
102030,102030
102031,102031
102032,102032
102033,102033
102034,102034
102035,102035
102036,102036
102037,102037
102038,102038
102039,102039
102040,102040
102041,102041
102042,102042
102043,102043
102044,102044
102045,102045
102046,102046
102047,102047
102048,102048
102049,102049
102050,102050
102051,102051
102052,102052
102053,102053
102054,102054
102055,102055
102056,102056
102057,102057
102058,102058
102059,102059
102060,102060
102061,102061
102062,102062
102063,102063
102064,102064
102065,102065
102066,102066
102067,102067
102068,102068
102069,102069
102070,102070
102071,102071
102072,102072
102073,102073
102074,102074
102075,102075
102076,102076
102077,102077
102078,102078
102079,102079
102080,102080
102081,102081
102082,102082
102083,102083
102084,102084
102085,102085
102086,102086
102087,102087
102088,102088
102089,102089
102090,102090
102091,102091
102092,102092
102093,102093
102094,102094
102095,102095
102096,102096
102097,102097
102098,102098
102099,102099
102100,102100
102101,102101
102102,102102
102103,102103
102104,102104
102105,102105
102106,102106
102107,102107
102108,102108
102109,102109
102110,102110
102111,102111
102112,102112
102113,102113
102114,102114
102115,102115
102116,102116
102117,102117
102118,102118
102119,102119
102120,102120
102121,102121
102122,102122
102123,102123
102124,102124
102125,102125
102126,102126
102127,102127
102128,102128
102129,102129
102130,102130
102131,102131
102132,102132
102133,102133
102134,102134
102135,102135
102136,102136
102137,102137
102138,102138
102139,102139
102140,102140
102141,102141
102142,102142
102143,102143
102144,102144
102145,102145
102146,102146
102147,102147
102148,102148
102149,102149
102150,102150
102151,102151
102152,102152
102153,102153
102154,102154
102155,102155
102156,102156
102157,102157
102158,102158
102159,102159
102160,102160
102161,102161
102162,102162
102163,102163
102164,102164
102165,102165
102166,102166
102167,102167
102168,102168
102169,102169
102170,102170
102171,102171
102172,102172
102173,102173
102174,102174
102175,102175
102176,102176
102177,102177
102178,102178
102179,102179
102180,102180
102181,102181
102182,102182
102183,102183
102184,102184
102185,102185
102186,102186
102187,102187
102188,102188
102189,102189
102190,102190
102191,102191
102192,102192
102193,102193
102194,102194
102195,102195
102196,102196
102197,102197
102198,102198
102199,102199
102200,102200
102201,102201
102202,102202
102203,102203
102204,102204
102205,102205
102206,102206
102207,102207
102208,102208
102209,102209
102210,102210
102211,102211
102212,102212
102213,102213
102214,102214
102215,102215
102216,102216
102217,102217
102218,102218
102219,102219
102220,102220
102221,102221
102222,102222
102223,102223
102224,102224
102225,102225
102226,102226
102227,102227
102228,102228
102229,102229
102230,102230
102231,102231
102232,102232
102233,102233
102234,102234
102235,102235
102236,102236
102237,102237
102238,102238
102239,102239
102240,102240
102241,102241
102242,102242
102243,102243
102244,102244
102245,102245
102246,102246
102247,102247
102248,102248
102249,102249
102250,102250
102251,102251
102252,102252
102253,102253
102254,102254
102255,102255
102256,102256
102257,102257
102258,102258
102259,102259
102260,102260
102261,102261
102262,102262
102263,102263
102264,102264
102265,102265
102266,102266
102267,102267
102269,102269
102270,102270
102271,102271
102272,102272
102273,102273
102274,102274
102275,102275
102276,102276
102277,102277
102278,102278
102279,102279
102280,102280
102281,102281
102282,102282
102283,102283
102284,102284
102285,102285
102287,102287
102288,102288
102289,102289
102290,102290
102291,102291
102292,102292
102293,102293
102294,102294
102295,102295
102296,102296
102297,102297
102299,102299
102300,102300
102301,102301
102302,102302
102303,102303
102304,102304
102305,102305
102306,102306
102307,102307
102308,102308
102309,102309
102310,102310
102311,102311
102312,102312
102313,102313
102314,102314
102315,102315
102316,102316
102317,102317
102318,102318
102319,102319
102320,102320
102321,102321
102322,102322
102323,102323
102324,102324
102325,102325
102326,102326
102327,102327
102328,102328
102329,102329
102330,102330
102331,102331
102332,102332
102333,102333
102334,102334
102335,102335
102336,102336
102337,102337
102338,102338
102339,102339
102340,102340
102341,102341
102342,102342
102343,102343
102344,102344
102345,102345
102346,102346
103001,103001
103002,103002
103003,103003
103004,103004
103005,103005
103006,103006
103007,103007
103008,103008
103009,103009
103010,103010
103011,103011
103012,103012
103013,103013
103014,103014
103015,103015
103016,103016
103017,103017
103018,103018
103019,103019
103020,103020
103021,103021
103022,103022
103023,103023
103024,103024
103025,103025
103026,103026
103027,103027
103028,103028
103029,103029
103030,103030
103031,103031
103032,103032
103033,103033
103034,103034
103035,103035
103036,103036
103037,103037
103038,103038
103039,103039
103040,103040
103041,103041
103042,103042
103043,103043
103044,103044
103045,103045
103046,103046
103047,103047
103048,103048
103049,103049
103050,103050
103051,103051
103052,103052
103053,103053
103054,103054
103055,103055
103056,103056
103057,103057
103058,103058
103060,103060
103061,103061
103062,103062
103063,103063
103064,103064
103065,103065
103066,103066
103067,103067
103068,103068
103069,103069
103071,103071
103072,103072
103073,103073
103074,103074
103075,103075
103076,103076
103078,103078
103079,103079
103080,103080
103081,103081
103082,103082
103083,103083
103084,103084
103085,103085
103086,103086
103087,103087
103088,103088
103089,103089
103090,103090
103091,103091
103092,103092
103093,103093
103094,103094
103095,103095
103096,103096
103097,103097
103098,103098
103099,103099
103100,103100
103101,103101
103102,103102
103103,103103
103104,103104
103105,103105
103106,103106
103107,103107
103108,103108
103109,103109
103110,103110
103111,103111
103112,103112
103113,103113
103114,103114
103115,103115
103116,103116
103117,103117
103119,103119
103120,103120
103121,103121
103122,103122
103123,103123
103124,103124
103125,103125
103126,103126
103127,103127
103128,103128
103129,103129
103130,103130
103131,103131
103133,103133
103134,103134
103135,103135
103136,103136
103137,103137
103138,103138
103139,103139
103140,103140
103141,103141
103142,103142
103143,103143
103144,103144
103145,103145
103146,103146
103147,103147
103148,103148
103149,103149
103150,103150
103151,103151
103152,103152
103154,103154
103155,103155
103156,103156
103157,103157
103158,103158
103159,103159
103160,103160
103161,103161
103162,103162
103163,103163
103164,103164
103165,103165
103166,103166
103167,103167
103168,103168
103169,103169
103170,103170
103171,103171
103172,103172
103173,103173
103174,103174
103175,103175
103176,103176
103177,103177
103178,103178
103179,103179
103180,103180
103181,103181
103182,103182
103183,103183
103184,103184
103185,103185
103186,103186
103187,103187
103189,103189
103190,103190
103191,103191
103192,103192
103193,103193
103194,103194
103195,103195
103196,103196
103197,103197
103198,103198
103199,103199
103200,103200
103201,103201
103202,103202
103203,103203
103204,103204
103207,103207
103208,103208
103209,103209
103210,103210
103211,103211
103212,103212
103213,103213
103214,103214
103215,103215
103216,103216
103217,103217
103218,103218
103219,103219
103220,103220
103221,103221
103222,103222
103223,103223
103224,103224
103225,103225
103226,103226
103227,103227
103229,103229
103230,103230
103231,103231
103232,103232
103233,103233
103234,103234
103235,103235
103236,103236
103237,103237
103238,103238
103239,103239
103241,103241
103242,103242
103243,103243
103244,103244
103245,103245
103246,103246
103247,103247
103248,103248
103249,103249
103250,103250
103251,103251
103252,103252
103253,103253
103254,103254
103255,103255
103256,103256
103257,103257
103258,103258
103259,103259
103260,103260
103261,103261
103262,103262
103263,103263
103264,103264
103265,103265
103266,103266
103267,103267
103268,103268
103269,103269
103270,103270
103271,103271
103272,103272
103273,103273
103274,103274
103275,103275
103276,103276
103277,103277
103278,103278
103279,103279
103280,103280
103281,103281
103282,103282
103283,103283
103284,103284
103285,103285
103286,103286
103287,103287
103288,103288
103289,103289
103290,103290
103291,103291
103292,103292
103293,103293
103294,103294
103295,103295
103296,103296
103297,103297
103298,103298
103299,103299
103300,103300
103301,103301
103302,103302
103303,103303
103304,103304
103305,103305
103306,103306
103307,103307
103308,103308
103309,103309
103310,103310
103311,103311
103312,103312
103313,103313
103314,103314
103315,103315
103316,103316
103317,103317
103318,103318
103319,103319
103320,103320
103321,103321
103322,103322
103323,103323
103324,103324
103325,103325
103326,103326
103328,103328
103329,103329
103330,103330
103331,103331
103332,103332
103333,103333
103334,103334
103335,103335
103336,103336
103337,103337
103338,103338
103339,103339
103340,103340
103341,103341
103342,103342
103343,103343
103344,103344
103345,103345
103346,103346
103347,103347
103348,103348
103349,103349
104001,104001
104002,104002
104003,104003
104004,104004
104005,104005
104006,104006
104007,104007
104008,104008
104009,104009
104010,104010
104011,104011
104012,104012
104013,104013
104014,104014
104015,104015
104016,104016
104017,104017
104018,104018
104019,104019
104020,104020
104021,104021
104022,104022
104023,104023
104024,104024
104025,104025
104026,104026
104027,104027
104028,104028
104029,104029
104030,104030
104031,104031
104032,104032
104033,104033
104034,104034
104035,104035
104036,104036
104037,104037
104038,104038
104039,104039
104040,104040
104041,104041
104042,104042
104043,104043
104044,104044
104045,104045
104046,104046
104047,104047
104048,104048
104049,104049
104050,104050
104051,104051
104052,104052
104053,104053
104054,104054
104055,104055
104056,104056
104057,104057
104058,104058
104059,104059
104060,104060
104061,104061
104062,104062
104063,104063
104065,104065
104066,104066
104067,104067
104068,104068
104069,104069
104070,104070
104071,104071
104072,104072
104073,104073
104074,104074
104075,104075
104076,104076
104077,104077
104078,104078
104079,104079
104080,104080
104082,104082
104083,104083
104084,104084
104085,104085
104086,104086
104087,104087
104088,104088
104089,104089
104090,104090
104091,104091
104092,104092
104093,104093
104094,104094
104095,104095
104096,104096
104097,104097
104098,104098
104099,104099
104100,104100
104101,104101
104102,104102
104103,104103
104104,104104
104105,104105
104106,104106
104107,104107
104108,104108
104109,104109
104110,104110
104111,104111
104112,104112
104113,104113
104114,104114
104115,104115
104116,104116
104117,104117
104118,104118
104119,104119
104120,104120
104121,104121
104122,104122
104123,104123
104124,104124
104125,104125
104126,104126
104127,104127
104128,104128
104129,104129
104130,104130
104131,104131
104132,104132
104133,104133
104134,104134
104135,104135
104136,104136
104137,104137
104138,104138
104139,104139
104140,104140
104141,104141
104142,104142
104143,104143
104144,104144
104145,104145
104146,104146
104147,104147
104148,104148
104149,104149
104150,104150
104151,104151
104152,104152
104153,104153
104154,104154
104155,104155
104156,104156
104157,104157
104158,104158
104159,104159
104160,104160
104161,104161
104162,104162
104163,104163
104164,104164
104165,104165
104166,104166
104167,104167
104168,104168
104169,104169
104170,104170
104171,104171
104172,104172
104173,104173
104174,104174
104175,104175
104176,104176
104177,104177
104178,104178
104179,104179
104180,104180
104181,104181
104182,104182
104183,104183
104184,104184
104185,104185
104186,104186
104187,104187
104188,104188
104189,104189
104190,104190
104191,104191
104192,104192
104193,104193
104194,104194
104195,104195
104196,104196
104197,104197
104198,104198
104199,104199
104200,104200
104201,104201
104202,104202
104203,104203
104204,104204
104205,104205
104206,104206
104207,104207
104208,104208
104209,104209
104210,104210
104211,104211
104212,104212
104213,104213
104214,104214
104215,104215
104216,104216
104217,104217
104218,104218
104219,104219
104220,104220
104221,104221
104222,104222
104223,104223
104225,104225
104226,104226
104227,104227
104228,104228
104229,104229
104230,104230
104231,104231
104232,104232
104233,104233
104234,104234
104235,104235
104236,104236
104237,104237
104238,104238
104239,104239
104240,104240
104241,104241
104242,104242
104243,104243
104245,104245
104246,104246
104247,104247
104248,104248
104249,104249
104250,104250
104251,104251
104252,104252
104253,104253
104254,104254
104255,104255
104256,104256
104257,104257
104258,104258
104259,104259
104260,104260
104261,104261
104262,104262
104263,104263
104264,104264
104265,104265
104266,104266
104267,104267
104268,104268
104269,104269
104270,104270
104271,104271
104272,104272
104273,104273
104274,104274
104275,104275
104276,104276
104277,104277
104278,104278
104279,104279
104280,104280
104281,104281
104282,104282
104283,104283
104284,104284
104285,104285
104286,104286
104287,104287
104288,104288
104289,104289
104290,104290
104291,104291
104292,104292
104293,104293
104294,104294
104295,104295
104296,104296
104297,104297
104298,104298
104299,104299
104300,104300
104301,104301
104302,104302
104303,104303
104304,104304
104305,104305
104306,104306
104307,104307
104308,104308
104309,104309
104310,104310
104312,104312
104313,104313
104314,104314
104315,104315
104316,104316
104317,104317
105001,105001
105002,105002
105003,105003
105004,105004
105005,105005
105006,105006
105007,105007
105008,105008
105009,105009
105011,105011
105012,105012
105013,105013
105014,105014
105015,105015
105016,105016
105017,105017
105018,105018
105020,105020
105021,105021
105022,105022
105023,105023
105024,105024
105025,105025
105026,105026
105027,105027
105028,105028
105029,105029
105030,105030
105031,105031
105032,105032
105033,105033
105034,105034
105035,105035
105036,105036
105037,105037
105038,105038
105039,105039
105040,105040
105041,105041
105042,105042
105043,105043
105044,105044
105045,105045
105046,105046
105047,105047
105049,105049
105050,105050
105052,105052
105053,105053
105054,105054
105055,105055
105056,105056
105057,105057
105058,105058
105059,105059
105060,105060
105061,105061
105062,105062
105063,105063
105064,105064
105065,105065
105066,105066
105067,105067
105068,105068
105069,105069
105070,105070
105071,105071
105072,105072
105073,105073
105074,105074
105075,105075
105076,105076
105077,105077
105078,105078
105079,105079
105080,105080
105081,105081
105082,105082
105083,105083
105084,105084
105085,105085
105086,105086
105087,105087
105088,105088
105089,105089
105090,105090
105091,105091
105092,105092
105093,105093
105094,105094
105095,105095
105096,105096
105097,105097
105098,105098
105099,105099
105100,105100
105101,105101
105102,105102
105103,105103
105104,105104
105105,105105
105106,105106
105107,105107
105108,105108
105109,105109
105110,105110
105111,105111
105112,105112
105113,105113
105114,105114
105115,105115
105116,105116
105117,105117
105118,105118
105119,105119
105120,105120
105121,105121
105122,105122
105123,105123
105124,105124
105125,105125
105126,105126
105127,105127
105128,105128
105129,105129
105130,105130
105131,105131
105132,105132
105133,105133
105134,105134
105135,105135
105136,105136
105137,105137
105138,105138
105139,105139
105140,105140
105141,105141
105142,105142
105144,105144
105145,105145
105146,105146
105147,105147
105148,105148
105149,105149
105150,105150
105151,105151
105152,105152
105153,105153
105154,105154
105155,105155
105156,105156
105157,105157
105158,105158
105159,105159
105160,105160
105161,105161
105162,105162
105163,105163
105164,105164
105165,105165
105166,105166
105167,105167
105168,105168
105169,105169
105170,105170
105171,105171
105172,105172
105173,105173
105174,105174
105175,105175
105176,105176
105177,105177
105178,105178
105179,105179
105180,105180
105181,105181
105182,105182
105183,105183
105185,105185
105186,105186
105187,105187
105188,105188
105189,105189
105190,105190
105191,105191
105192,105192
105193,105193
105194,105194
105195,105195
105196,105196
105197,105197
105198,105198
105199,105199
105200,105200
105201,105201
105202,105202
105204,105204
105205,105205
105206,105206
105207,105207
105208,105208
105209,105209
105210,105210
105211,105211
105212,105212
105213,105213
105214,105214
105215,105215
105216,105216
105217,105217
105218,105218
105219,105219
105220,105220
105221,105221
105222,105222
105223,105223
105224,105224
105225,105225
105226,105226
105227,105227
105228,105228
105229,105229
105230,105230
105231,105231
105232,105232
105233,105233
105234,105234
105235,105235
105236,105236
105237,105237
105238,105238
105239,105239
105240,105240
105241,105241
105242,105242
105243,105243
105244,105244
105245,105245
105246,105246
105247,105247
105248,105248
105249,105249
105250,105250
105251,105251
105252,105252
105253,105253
105254,105254
105255,105255
105256,105256
105257,105257
105258,105258
105259,105259
105260,105260
105261,105261
105262,105262
105263,105263
105264,105264
105265,105265
105266,105266
105267,105267
105268,105268
105269,105269
105270,105270
105271,105271
105272,105272
105273,105273
105274,105274
105275,105275
105276,105276
105277,105277
105278,105278
105279,105279
105280,105280
105281,105281
105282,105282
105283,105283
105284,105284
105285,105285
105286,105286
105287,105287
105288,105288
105289,105289
105290,105290
105291,105291
105292,105292
105293,105293
105294,105294
105295,105295
105296,105296
105297,105297
105298,105298
105299,105299
105300,105300
105301,105301
105302,105302
105303,105303
105304,105304
105305,105305
105306,105306
105307,105307
105308,105308
105309,105309
105310,105310
105311,105311
105312,105312
105313,105313
105314,105314
105315,105315
105316,105316
105317,105317
105318,105318
105319,105319
105320,105320
105321,105321
105322,105322
105323,105323
105324,105324
105325,105325
105326,105326
105327,105327
105328,105328
105329,105329
105330,105330
105331,105331
105332,105332
105333,105333
105334,105334
105335,105335
105336,105336
105337,105337
105338,105338
105339,105339
105340,105340
105341,105341
105342,105342
105343,105343
105344,105344
105345,105345
105346,105346
105347,105347
105348,105348
105349,105349
106001,106001
106002,106002
106003,106003
106004,106004
106005,106005
106006,106006
106007,106007
106008,106008
106009,106009
106010,106010
106011,106011
106012,106012
106013,106013
106014,106014
106015,106015
106016,106016
106017,106017
106018,106018
106019,106019
106020,106020
106021,106021
106022,106022
106023,106023
106024,106024
106025,106025
106026,106026
106027,106027
106028,106028
106029,106029
106030,106030
106031,106031
106032,106032
106033,106033
106034,106034
106035,106035
106036,106036
106037,106037
106038,106038
106039,106039
106040,106040
106041,106041
106042,106042
106043,106043
106044,106044
106045,106045
106046,106046
106047,106047
106048,106048
106049,106049
106050,106050
106051,106051
106052,106052
106053,106053
106054,106054
106055,106055
106056,106056
106057,106057
106058,106058
106059,106059
106060,106060
106061,106061
106062,106062
106063,106063
106064,106064
106065,106065
106066,106066
106067,106067
106068,106068
106069,106069
106070,106070
106071,106071
106072,106072
106073,106073
106074,106074
106075,106075
106076,106076
106077,106077
106078,106078
106079,106079
106080,106080
106081,106081
106082,106082
106083,106083
106084,106084
106085,106085
106086,106086
106087,106087
106088,106088
106089,106089
106090,106090
106091,106091
106092,106092
106093,106093
106094,106094
106095,106095
106096,106096
106097,106097
106098,106098
106099,106099
106100,106100
106101,106101
106102,106102
106103,106103
106104,106104
106105,106105
106106,106106
106107,106107
106108,106108
106109,106109
106110,106110
106111,106111
106112,106112
106113,106113
106114,106114
106115,106115
106116,106116
106117,106117
106118,106118
106119,106119
106120,106120
106121,106121
106122,106122
106123,106123
106124,106124
106125,106125
106126,106126
106127,106127
106128,106128
106129,106129
106130,106130
106131,106131
106132,106132
106133,106133
106134,106134
106135,106135
106136,106136
106137,106137
106138,106138
106139,106139
106140,106140
106141,106141
106142,106142
106143,106143
106144,106144
106145,106145
106146,106146
106147,106147
106148,106148
106149,106149
106150,106150
106151,106151
106152,106152
106153,106153
106154,106154
106155,106155
106156,106156
106157,106157
106158,106158
106159,106159
106160,106160
106161,106161
106162,106162
106163,106163
106164,106164
106165,106165
106166,106166
106167,106167
106168,106168
106169,106169
106170,106170
106171,106171
106172,106172
106173,106173
106174,106174
106175,106175
106176,106176
106177,106177
106178,106178
106179,106179
106180,106180
106181,106181
106182,106182
106183,106183
106184,106184
106185,106185
106186,106186
106187,106187
106188,106188
106189,106189
106190,106190
106191,106191
106192,106192
106193,106193
106194,106194
106195,106195
106196,106196
106197,106197
106198,106198
106199,106199
106200,106200
106201,106201
106202,106202
106203,106203
106204,106204
106205,106205
106206,106206
106207,106207
106208,106208
106209,106209
106210,106210
106211,106211
106212,106212
106213,106213
106214,106214
106215,106215
106216,106216
106217,106217
106218,106218
106219,106219
106220,106220
106221,106221
106222,106222
106223,106223
106224,106224
106225,106225
106226,106226
106228,106228
106229,106229
106230,106230
106231,106231
106232,106232
106233,106233
106234,106234
106235,106235
106236,106236
106237,106237
106238,106238
106239,106239
106240,106240
106241,106241
106242,106242
106243,106243
106244,106244
106245,106245
106246,106246
106247,106247
106248,106248
106249,106249
106250,106250
106251,106251
106252,106252
106253,106253
106254,106254
106255,106255
106256,106256
106257,106257
106258,106258
106259,106259
106260,106260
106261,106261
106262,106262
106264,106264
106265,106265
106266,106266
106267,106267
106268,106268
106269,106269
106270,106270
106271,106271
106272,106272
106273,106273
106274,106274
106275,106275
106276,106276
106277,106277
106278,106278
106279,106279
106280,106280
106281,106281
106282,106282
106283,106283
106284,106284
106285,106285
106286,106286
106287,106287
106288,106288
106290,106290
106291,106291
106292,106292
106293,106293
106294,106294
106295,106295
106296,106296
106297,106297
106298,106298
106299,106299
106300,106300
106301,106301
106302,106302
106303,106303
106304,106304
106305,106305
106306,106306
106307,106307
106308,106308
106309,106309
106310,106310
106311,106311
106312,106312
106313,106313
106314,106314
106315,106315
106316,106316
106317,106317
106318,106318
106319,106319
106320,106320
106321,106321
106322,106322
106323,106323
106324,106324
106325,106325
106326,106326
106327,106327
106328,106328
106329,106329
106330,106330
106331,106331
106332,106332
106333,106333
106334,106334
106335,106335
106336,106336
106337,106337
106338,106338
106339,106339
106340,106340
106341,106341
106342,106342
106343,106343
106344,106344
106345,106345
106346,106346
106347,106347
106348,106348
106349,106349
106350,106350
106351,106351
106352,106352
106353,106353
106354,106354
106355,106355
106356,106356
107001,107001
107002,107002
107003,107003
107004,107004
107005,107005
107006,107006
107007,107007
107008,107008
107009,107009
107010,107010
107011,107011
107012,107012
107013,107013
107014,107014
107015,107015
107016,107016
107017,107017
107018,107018
107019,107019
107020,107020
107021,107021
107022,107022
107023,107023
107024,107024
107025,107025
107026,107026
107027,107027
107028,107028
107029,107029
107030,107030
107031,107031
107032,107032
107033,107033
107034,107034
107036,107036
107037,107037
107038,107038
107039,107039
107040,107040
107041,107041
107042,107042
107043,107043
107044,107044
107045,107045
107046,107046
107047,107047
107048,107048
107049,107049
107051,107051
107052,107052
107053,107053
107054,107054
107055,107055
107056,107056
107057,107057
107058,107058
107059,107059
107060,107060
107061,107061
107062,107062
107063,107063
107064,107064
107065,107065
107066,107066
107067,107067
107068,107068
107069,107069
107070,107070
107071,107071
107072,107072
107073,107073
107074,107074
107076,107076
107077,107077
107078,107078
107079,107079
107080,107080
107081,107081
107082,107082
107083,107083
107084,107084
107085,107085
107086,107086
107087,107087
107088,107088
107089,107089
107090,107090
107091,107091
107092,107092
107093,107093
107094,107094
107095,107095
107096,107096
107097,107097
107098,107098
107099,107099
107100,107100
107101,107101
107102,107102
107104,107104
107105,107105
107106,107106
107107,107107
107108,107108
107109,107109
107110,107110
107111,107111
107112,107112
107113,107113
107114,107114
107115,107115
107116,107116
107117,107117
107118,107118
107119,107119
107120,107120
107121,107121
107123,107123
107124,107124
107125,107125
107126,107126
107127,107127
107128,107128
107129,107129
107130,107130
107131,107131
107132,107132
107133,107133
107134,107134
107135,107135
107136,107136
107137,107137
107138,107138
107139,107139
107140,107140
107141,107141
107142,107142
107143,107143
107144,107144
107145,107145
107146,107146
107147,107147
107148,107148
107149,107149
107150,107150
107151,107151
107152,107152
107153,107153
107154,107154
107155,107155
107156,107156
107157,107157
107158,107158
107159,107159
107160,107160
107161,107161
107162,107162
107163,107163
107164,107164
107165,107165
107166,107166
107167,107167
107168,107168
107169,107169
107170,107170
107171,107171
107172,107172
107173,107173
107174,107174
107175,107175
107176,107176
107177,107177
107178,107178
107179,107179
107180,107180
107181,107181
107182,107182
107183,107183
107185,107185
107186,107186
107187,107187
107188,107188
107189,107189
107190,107190
107191,107191
107192,107192
107193,107193
107194,107194
107195,107195
107196,107196
107197,107197
107198,107198
107199,107199
107200,107200
107201,107201
107202,107202
107203,107203
107204,107204
107205,107205
107206,107206
107207,107207
107208,107208
107209,107209
107210,107210
107211,107211
107212,107212
107213,107213
107214,107214
107215,107215
107216,107216
107217,107217
107218,107218
107219,107219
107220,107220
107221,107221
107222,107222
107223,107223
107224,107224
107225,107225
107226,107226
107227,107227
107228,107228
107229,107229
107230,107230
107231,107231
107232,107232
107233,107233
107234,107234
107235,107235
107236,107236
107237,107237
107238,107238
107239,107239
107240,107240
107241,107241
107242,107242
107243,107243
107244,107244
107245,107245
107246,107246
107247,107247
107248,107248
107249,107249
107250,107250
107251,107251
107252,107252
107253,107253
107254,107254
107255,107255
107256,107256
107257,107257
107258,107258
107259,107259
107260,107260
107261,107261
107262,107262
107263,107263
107264,107264
107265,107265
107266,107266
107267,107267
107268,107268
107269,107269
107270,107270
107271,107271
107272,107272
107273,107273
107274,107274
107275,107275
107276,107276
107277,107277
107278,107278
107279,107279
107280,107280
107281,107281
107282,107282
107283,107283
107285,107285
107286,107286
107287,107287
107288,107288
107289,107289
107290,107290
107291,107291
107292,107292
107293,107293
107294,107294
107295,107295
107296,107296
107297,107297
107298,107298
107299,107299
107300,107300
107301,107301
107302,107302
107303,107303
107304,107304
107305,107305
107307,107307
107308,107308
107309,107309
107310,107310
107311,107311
107312,107312
107313,107313
107314,107314
107315,107315
107316,107316
107317,107317
107318,107318
107319,107319
107320,107320
107321,107321
107322,107322
107323,107323
107324,107324
107325,107325
107326,107326
107327,107327
107328,107328
107329,107329
107330,107330
107331,107331
107332,107332
107333,107333
108001,108001
108002,108002
108003,108003
108004,108004
108005,108005
108006,108006
108007,108007
108008,108008
108009,108009
108010,108010
108011,108011
108012,108012
108013,108013
108014,108014
108015,108015
108017,108017
108018,108018
108019,108019
108020,108020
108021,108021
108022,108022
108024,108024
108025,108025
108026,108026
108027,108027
108028,108028
108029,108029
108030,108030
108031,108031
108032,108032
108033,108033
108034,108034
108036,108036
108037,108037
108038,108038
108039,108039
108040,108040
108041,108041
108042,108042
108043,108043
108044,108044
108045,108045
108046,108046
108048,108048
108049,108049
108050,108050
108051,108051
108052,108052
108053,108053
108054,108054
108055,108055
108056,108056
108057,108057
108058,108058
108059,108059
108060,108060
108061,108061
108062,108062
108063,108063
108064,108064
108065,108065
108066,108066
108067,108067
108068,108068
108069,108069
108070,108070
108071,108071
108072,108072
108073,108073
108074,108074
108075,108075
108076,108076
108077,108077
108078,108078
108079,108079
108080,108080
108081,108081
108082,108082
108083,108083
108084,108084
108085,108085
108086,108086
108087,108087
108088,108088
108089,108089
108090,108090
108091,108091
108092,108092
108093,108093
108094,108094
108095,108095
108096,108096
108097,108097
108098,108098
108099,108099
108100,108100
108101,108101
108102,108102
108103,108103
108104,108104
108105,108105
108106,108106
108107,108107
108108,108108
108109,108109
108110,108110
108111,108111
108112,108112
108113,108113
108114,108114
108115,108115
108116,108116
108117,108117
108118,108118
108119,108119
108120,108120
108121,108121
108122,108122
108123,108123
108124,108124
108125,108125
108126,108126
108127,108127
108128,108128
108129,108129
108130,108130
108131,108131
108132,108132
108133,108133
108134,108134
108135,108135
108136,108136
108137,108137
108138,108138
108139,108139
108140,108140
108141,108141
108142,108142
108143,108143
108144,108144
108145,108145
108146,108146
108147,108147
108148,108148
108149,108149
108150,108150
108151,108151
108152,108152
108153,108153
108154,108154
108155,108155
108156,108156
108157,108157
108158,108158
108159,108159
108161,108161
108162,108162
108163,108163
108164,108164
108165,108165
108166,108166
108167,108167
108168,108168
108169,108169
108170,108170
108171,108171
108172,108172
108173,108173
108174,108174
108175,108175
108176,108176
108177,108177
108178,108178
108179,108179
108180,108180
108181,108181
108182,108182
108183,108183
108184,108184
108185,108185
108186,108186
108187,108187
108188,108188
108189,108189
108190,108190
108191,108191
108192,108192
108193,108193
108194,108194
108195,108195
108196,108196
108197,108197
108198,108198
108199,108199
108200,108200
108201,108201
108202,108202
108203,108203
108204,108204
108205,108205
108206,108206
108207,108207
108208,108208
108209,108209
108210,108210
108211,108211
108212,108212
108213,108213
108214,108214
108215,108215
108216,108216
108217,108217
108218,108218
108220,108220
108221,108221
108222,108222
108223,108223
108224,108224
108225,108225
108226,108226
108227,108227
108228,108228
108229,108229
108230,108230
108231,108231
108232,108232
108233,108233
108234,108234
108235,108235
108236,108236
108237,108237
108238,108238
108239,108239
108240,108240
108241,108241
108242,108242
108243,108243
108244,108244
108245,108245
108246,108246
108247,108247
108248,108248
108249,108249
108250,108250
108251,108251
108252,108252
108253,108253
108254,108254
108255,108255
108256,108256
108257,108257
108258,108258
108259,108259
108260,108260
108261,108261
108262,108262
108263,108263
108264,108264
108265,108265
108266,108266
108267,108267
108268,108268
108269,108269
108270,108270
108271,108271
108272,108272
108273,108273
108274,108274
108275,108275
109001,109001
109002,109002
109003,109003
109004,109004
109005,109005
109006,109006
109007,109007
109008,109008
109009,109009
109010,109010
109011,109011
109012,109012
109013,109013
109014,109014
109015,109015
109016,109016
109017,109017
109018,109018
109019,109019
109020,109020
109021,109021
109022,109022
109023,109023
109024,109024
109025,109025
109026,109026
109027,109027
109028,109028
109029,109029
109030,109030
109031,109031
109032,109032
109033,109033
109034,109034
109035,109035
109036,109036
109037,109037
109038,109038
109039,109039
109040,109040
109041,109041
109042,109042
109043,109043
109044,109044
109045,109045
109046,109046
109047,109047
109048,109048
109049,109049
109050,109050
109051,109051
109052,109052
109053,109053
109054,109054
109055,109055
109056,109056
109057,109057
109058,109058
109059,109059
109060,109060
109061,109061
109062,109062
109063,109063
109064,109064
109065,109065
109066,109066
109067,109067
109068,109068
109069,109069
109070,109070
109071,109071
109072,109072
109073,109073
109074,109074
109075,109075
109076,109076
109077,109077
109078,109078
109079,109079
109080,109080
109081,109081
109082,109082
109083,109083
109084,109084
109085,109085
109086,109086
109087,109087
109088,109088
109089,109089
109090,109090
109091,109091
109092,109092
109093,109093
109094,109094
109095,109095
109096,109096
109097,109097
109098,109098
109099,109099
109100,109100
109101,109101
109102,109102
109103,109103
109104,109104
109105,109105
109106,109106
109107,109107
109108,109108
109109,109109
109110,109110
109111,109111
109112,109112
109113,109113
109114,109114
109115,109115
109116,109116
109117,109117
109118,109118
109119,109119
109120,109120
109121,109121
109122,109122
109123,109123
109124,109124
109125,109125
109126,109126
109127,109127
109128,109128
109129,109129
109130,109130
109131,109131
109132,109132
109134,109134
109135,109135
109136,109136
109137,109137
109138,109138
109139,109139
109140,109140
109141,109141
109142,109142
109143,109143
109144,109144
109145,109145
109146,109146
109147,109147
109149,109149
109150,109150
109151,109151
109152,109152
109153,109153
109154,109154
109155,109155
109156,109156
109157,109157
109158,109158
109159,109159
109160,109160
109161,109161
109162,109162
109163,109163
109164,109164
109165,109165
109166,109166
109167,109167
109168,109168
109169,109169
109170,109170
109171,109171
109172,109172
109173,109173
109174,109174
109175,109175
109176,109176
109177,109177
109178,109178
109179,109179
109180,109180
109181,109181
109182,109182
109183,109183
109184,109184
109185,109185
109186,109186
109187,109187
109188,109188
109189,109189
109190,109190
109191,109191
109192,109192
109193,109193
109194,109194
109195,109195
109196,109196
109197,109197
109198,109198
109199,109199
109200,109200
109201,109201
109202,109202
109203,109203
109204,109204
109205,109205
109206,109206
109208,109208
109209,109209
109210,109210
109211,109211
109212,109212
109213,109213
109214,109214
109215,109215
109216,109216
109217,109217
109218,109218
109219,109219
109220,109220
109221,109221
109222,109222
109223,109223
109224,109224
109225,109225
109226,109226
109227,109227
109228,109228
109229,109229
109230,109230
109231,109231
109232,109232
109233,109233
109234,109234
109235,109235
109236,109236
109237,109237
109238,109238
109239,109239
109242,109242
109243,109243
109244,109244
109245,109245
109246,109246
109247,109247
109248,109248
109249,109249
109250,109250
109251,109251
109252,109252
109253,109253
109254,109254
109255,109255
109256,109256
109257,109257
109258,109258
109259,109259
109260,109260
109261,109261
109263,109263
109264,109264
109265,109265
109266,109266
109267,109267
109268,109268
109269,109269
109270,109270
109271,109271
109272,109272
109273,109273
109274,109274
109275,109275
109276,109276
109277,109277
109278,109278
109279,109279
109280,109280
109281,109281
109282,109282
109283,109283
109284,109284
109285,109285
109286,109286
109287,109287
109288,109288
109289,109289
109290,109290
109291,109291
110001,110001
110002,110002
110003,110003
110004,110004
110005,110005
110006,110006
110007,110007
110008,110008
110009,110009
110010,110010
110011,110011
110012,110012
110013,110013
110014,110014
110015,110015
110017,110017
110018,110018
110019,110019
110020,110020
110021,110021
110022,110022
110023,110023
110024,110024
110025,110025
110026,110026
110027,110027
110028,110028
110029,110029
110030,110030
110031,110031
110032,110032
110033,110033
110034,110034
110035,110035
110036,110036
110037,110037
110038,110038
110039,110039
110040,110040
110041,110041
110042,110042
110043,110043
110044,110044
110045,110045
110046,110046
110047,110047
110048,110048
110049,110049
110050,110050
110051,110051
110052,110052
110054,110054
110055,110055
110056,110056
110057,110057
110058,110058
110059,110059
110060,110060
110061,110061
110062,110062
110063,110063
110064,110064
110065,110065
110066,110066
110067,110067
110068,110068
110069,110069
110070,110070
110071,110071
110072,110072
110073,110073
110074,110074
110075,110075
110076,110076
110077,110077
110078,110078
110079,110079
110080,110080
110081,110081
110082,110082
110083,110083
110084,110084
110085,110085
110086,110086
110087,110087
110088,110088
110089,110089
110090,110090
110091,110091
110092,110092
110093,110093
110094,110094
110095,110095
110096,110096
110097,110097
110098,110098
110099,110099
110100,110100
110101,110101
110102,110102
110103,110103
110104,110104
110105,110105
110106,110106
110107,110107
110108,110108
110109,110109
110110,110110
110111,110111
110112,110112
110113,110113
110114,110114
110115,110115
110116,110116
110117,110117
110118,110118
110119,110119
110120,110120
110121,110121
110122,110122
110123,110123
110124,110124
110125,110125
110126,110126
110127,110127
110128,110128
110129,110129
110130,110130
110131,110131
110132,110132
110133,110133
110134,110134
110135,110135
110136,110136
110137,110137
110138,110138
110139,110139
110141,110141
110142,110142
110143,110143
110144,110144
110145,110145
110146,110146
110147,110147
110148,110148
110149,110149
110150,110150
110151,110151
110152,110152
110153,110153
110155,110155
110156,110156
110157,110157
110158,110158
110159,110159
110161,110161
110162,110162
110163,110163
110164,110164
110165,110165
110166,110166
110168,110168
110169,110169
110170,110170
110171,110171
110172,110172
110173,110173
110174,110174
110175,110175
110176,110176
110177,110177
110178,110178
110179,110179
110180,110180
110181,110181
110182,110182
110183,110183
110184,110184
110185,110185
110186,110186
110187,110187
110188,110188
110189,110189
110190,110190
110191,110191
110192,110192
110193,110193
110194,110194
110195,110195
110196,110196
110197,110197
110198,110198
110199,110199
110200,110200
110201,110201
110202,110202
110203,110203
110204,110204
110205,110205
110207,110207
110208,110208
110209,110209
110210,110210
110211,110211
110212,110212
110213,110213
110214,110214
110215,110215
110216,110216
110217,110217
110218,110218
110219,110219
110220,110220
110221,110221
110222,110222
110223,110223
110224,110224
110225,110225
110226,110226
110227,110227
110228,110228
110229,110229
110230,110230
110231,110231
110232,110232
110233,110233
110234,110234
110235,110235
110236,110236
110237,110237
110238,110238
110239,110239
110240,110240
110241,110241
110242,110242
110243,110243
110244,110244
110245,110245
110246,110246
110247,110247
110248,110248
110249,110249
110250,110250
110251,110251
110252,110252
110253,110253
110254,110254
110255,110255
110256,110256
110257,110257
110258,110258
110259,110259
110260,110260
110261,110261
110262,110262
110263,110263
110264,110264
110265,110265
110266,110266
110267,110267
110268,110268
110269,110269
110270,110270
110271,110271
110272,110272
110273,110273
110274,110274
110275,110275
110276,110276
110277,110277
110278,110278
110279,110279
110280,110280
110282,110282
110283,110283
110284,110284
110285,110285
110286,110286
110287,110287
110288,110288
110289,110289
110290,110290
110291,110291
110292,110292
110293,110293
110294,110294
110295,110295
110296,110296
110297,110297
110298,110298
110299,110299
110300,110300
110301,110301
110302,110302
110303,110303
110304,110304
110305,110305
110306,110306
110307,110307
110308,110308
110309,110309
110310,110310
110311,110311
110312,110312
110313,110313
110314,110314
110315,110315
110316,110316
110317,110317
110318,110318
110319,110319
110320,110320
110321,110321
110322,110322
110323,110323
110324,110324
110325,110325
110326,110326
110327,110327
110328,110328
110329,110329
110330,110330
110331,110331
110332,110332
110333,110333
110334,110334
110335,110335
110336,110336
110337,110337
110338,110338
110339,110339
110340,110340
110341,110341
110342,110342
110343,110343
110344,110344
110345,110345
110346,110346
110347,110347
110348,110348
110349,110349
110350,110350
110351,110351
110352,110352
110353,110353
110354,110354
110355,110355
110356,110356
110357,110357
110358,110358
110359,110359
110360,110360
110361,110361
110362,110362
110363,110363
110364,110364
110365,110365
110366,110366
110367,110367
110368,110368
110369,110369
110370,110370
110371,110371
110372,110372
110373,110373
110374,110374
110375,110375
110376,110376
110377,110377
110378,110378
110379,110379
110380,110380
110381,110381
110382,110382
110383,110383
110384,110384
110385,110385
110386,110386
110387,110387
110388,110388
110389,110389
110390,110390
110391,110391
110392,110392
110393,110393
110394,110394
110395,110395
110396,110396
110397,110397
110398,110398
110399,110399
110400,110400
110401,110401
110402,110402
110404,110404
110405,110405
110406,110406
110407,110407
110408,110408
110409,110409
110410,110410
110411,110411
110412,110412
110413,110413
110414,110414
110415,110415
110416,110416
110417,110417
110418,110418
111001,111001
111002,111002
111003,111003
111004,111004
111005,111005
111006,111006
111008,111008
111009,111009
111010,111010
111011,111011
111012,111012
111013,111013
111014,111014
111015,111015
111016,111016
111017,111017
111018,111018
111019,111019
111020,111020
111021,111021
111022,111022
111024,111024
111025,111025
111026,111026
111027,111027
111028,111028
111029,111029
111030,111030
111031,111031
111032,111032
111033,111033
111034,111034
111035,111035
111036,111036
111037,111037
111038,111038
111039,111039
111040,111040
111041,111041
111042,111042
111043,111043
111044,111044
111046,111046
111047,111047
111048,111048
111049,111049
111050,111050
111051,111051
111052,111052
111053,111053
111054,111054
111055,111055
111056,111056
111057,111057
111058,111058
111059,111059
111060,111060
111061,111061
111062,111062
111063,111063
111064,111064
111065,111065
111066,111066
111067,111067
111068,111068
111069,111069
111070,111070
111071,111071
111072,111072
111073,111073
111074,111074
111075,111075
111076,111076
111077,111077
111078,111078
111080,111080
111081,111081
111082,111082
111083,111083
111084,111084
111085,111085
111086,111086
111087,111087
111088,111088
111089,111089
111090,111090
111091,111091
111092,111092
111093,111093
111094,111094
111095,111095
111096,111096
111097,111097
111098,111098
111099,111099
111100,111100
111101,111101
111102,111102
111104,111104
111105,111105
111106,111106
111107,111107
111108,111108
111109,111109
111110,111110
111111,111111
111112,111112
111113,111113
111114,111114
111115,111115
111116,111116
111117,111117
111118,111118
111119,111119
111120,111120
111121,111121
111122,111122
111123,111123
111124,111124
111125,111125
111126,111126
111127,111127
111128,111128
111129,111129
111130,111130
111131,111131
111132,111132
111133,111133
111134,111134
111135,111135
111136,111136
111137,111137
111138,111138
111139,111139
111140,111140
111141,111141
111142,111142
111143,111143
111144,111144
111145,111145
111146,111146
111147,111147
111148,111148
111149,111149
111150,111150
111151,111151
111152,111152
111153,111153
111154,111154
111155,111155
111156,111156
111157,111157
111158,111158
111159,111159
111160,111160
111162,111162
111163,111163
111164,111164
111165,111165
111166,111166
111167,111167
111168,111168
111169,111169
111170,111170
111171,111171
111172,111172
111173,111173
111174,111174
111175,111175
111176,111176
111177,111177
111178,111178
111179,111179
111180,111180
111181,111181
111182,111182
111183,111183
111184,111184
111185,111185
111186,111186
111187,111187
111188,111188
111189,111189
111190,111190
111191,111191
111192,111192
111193,111193
111195,111195
111196,111196
111197,111197
111198,111198
111199,111199
111200,111200
111201,111201
111202,111202
111203,111203
111204,111204
111205,111205
111206,111206
111207,111207
111208,111208
111209,111209
111210,111210
111211,111211
111212,111212
111213,111213
111214,111214
111215,111215
111216,111216
111217,111217
111218,111218
111219,111219
111220,111220
111221,111221
111222,111222
111223,111223
111224,111224
111225,111225
111226,111226
111227,111227
111228,111228
111229,111229
111230,111230
111231,111231
111232,111232
111233,111233
111234,111234
111235,111235
111236,111236
111237,111237
111238,111238
111239,111239
111240,111240
111241,111241
111242,111242
111243,111243
111244,111244
111245,111245
111246,111246
111247,111247
111248,111248
111249,111249
111250,111250
111251,111251
111254,111254
111255,111255
111256,111256
111258,111258
111259,111259
111260,111260
111261,111261
111262,111262
111263,111263
111264,111264
111265,111265
111266,111266
111267,111267
111268,111268
111269,111269
111270,111270
111271,111271
111272,111272
111273,111273
111274,111274
111275,111275
111276,111276
111277,111277
111278,111278
111279,111279
111280,111280
111281,111281
111282,111282
111283,111283
111284,111284
111285,111285
111286,111286
111287,111287
111288,111288
111289,111289
111290,111290
111291,111291
111292,111292
111293,111293
111294,111294
111295,111295
111296,111296
111297,111297
111298,111298
111299,111299
111300,111300
111301,111301
111303,111303
111304,111304
111305,111305
111306,111306
111307,111307
111308,111308
111309,111309
111310,111310
111311,111311
111312,111312
111313,111313
111314,111314
111315,111315
111316,111316
111317,111317
111318,111318
111319,111319
111320,111320
111321,111321
111322,111322
111323,111323
111324,111324
111326,111326
111327,111327
111328,111328
111329,111329
111330,111330
111331,111331
111332,111332
111333,111333
111334,111334
111335,111335
111336,111336
111337,111337
111338,111338
111339,111339
111340,111340
111341,111341
111342,111342
111343,111343
111344,111344
111345,111345
111346,111346
111347,111347
111348,111348
111349,111349
111350,111350
111351,111351
111352,111352
111353,111353
111354,111354
111355,111355
111356,111356
111357,111357
111358,111358
111359,111359
111360,111360
111361,111361
111362,111362
111363,111363
111364,111364
111365,111365
111366,111366
111367,111367
111368,111368
111369,111369
111370,111370
111371,111371
111372,111372
111373,111373
111375,111375
111376,111376
111377,111377
111378,111378
111379,111379
111380,111380
111381,111381
111382,111382
111383,111383
111384,111384
111385,111385
111386,111386
111387,111387
111388,111388
111389,111389
111390,111390
111391,111391
111392,111392
111394,111394
111395,111395
111396,111396
111397,111397
111398,111398
111399,111399
111400,111400
111401,111401
111402,111402
111403,111403
111404,111404
111405,111405
111406,111406
111407,111407
111408,111408
111409,111409
111410,111410
111411,111411
111412,111412
111413,111413
111416,111416
111417,111417
111418,111418
111419,111419
111421,111421
111422,111422
111423,111423
111424,111424
111426,111426
111427,111427
111428,111428
111429,111429
111430,111430
111431,111431
111432,111432
111433,111433
111434,111434
111435,111435
111436,111436
111437,111437
111438,111438
111443,111443
111444,111444
111445,111445
111446,111446
111448,111448
111449,111449
111450,111450
111451,111451
111453,111453
111454,111454
111455,111455
111456,111456
111458,111458
111459,111459
111460,111460
111461,111461
111462,111462
111463,111463
111464,111464
111465,111465
111466,111466
111467,111467
111468,111468
111469,111469
111470,111470
111471,111471
111472,111472
111473,111473
112001,112001
112002,112002
112003,112003
112004,112004
112005,112005
112006,112006
112007,112007
112008,112008
112009,112009
112010,112010
112011,112011
112012,112012
112013,112013
112014,112014
112015,112015
112016,112016
112017,112017
112018,112018
112019,112019
112020,112020
112021,112021
112022,112022
112023,112023
112025,112025
112026,112026
112027,112027
112028,112028
112029,112029
112030,112030
112031,112031
112032,112032
112033,112033
112034,112034
112035,112035
112036,112036
112037,112037
112038,112038
112039,112039
112040,112040
112041,112041
112042,112042
112043,112043
112044,112044
112045,112045
112046,112046
112047,112047
112048,112048
112050,112050
112052,112052
112053,112053
112054,112054
112055,112055
112056,112056
112057,112057
112058,112058
112059,112059
112060,112060
112061,112061
112062,112062
112063,112063
112064,112064
112065,112065
112066,112066
112067,112067
112069,112069
112070,112070
112072,112072
112073,112073
112074,112074
112075,112075
112077,112077
112079,112079
112080,112080
112081,112081
112082,112082
112083,112083
112084,112084
112085,112085
112086,112086
112087,112087
112088,112088
112089,112089
112090,112090
112091,112091
112092,112092
112093,112093
112094,112094
112095,112095
112096,112096
112097,112097
112099,112099
112100,112100
112101,112101
112102,112102
112103,112103
112104,112104
112105,112105
112106,112106
112107,112107
112108,112108
112109,112109
112110,112110
112111,112111
112112,112112
112113,112113
112114,112114
112115,112115
112116,112116
112117,112117
112118,112118
112119,112119
112120,112120
112121,112121
112122,112122
112123,112123
112124,112124
112125,112125
112126,112126
112127,112127
112128,112128
112129,112129
112130,112130
112131,112131
112132,112132
112133,112133
112134,112134
112135,112135
112136,112136
112137,112137
112138,112138
112139,112139
112140,112140
112142,112142
112143,112143
112144,112144
112145,112145
112146,112146
112147,112147
112148,112148
112149,112149
112150,112150
112151,112151
112152,112152
112153,112153
112154,112154
112155,112155
112156,112156
112157,112157
112158,112158
112159,112159
112160,112160
112161,112161
112162,112162
112163,112163
112164,112164
112165,112165
112166,112166
112167,112167
112169,112169
112170,112170
112171,112171
112172,112172
112173,112173
112174,112174
112175,112175
112176,112176
112177,112177
112178,112178
112179,112179
112180,112180
112182,112182
112183,112183
112184,112184
112185,112185
112186,112186
112187,112187
112188,112188
112189,112189
112190,112190
112191,112191
112192,112192
112193,112193
112194,112194
112195,112195
112196,112196
112197,112197
112198,112198
112199,112199
112200,112200
112201,112201
112202,112202
112203,112203
112204,112204
112205,112205
112206,112206
112207,112207
112208,112208
112209,112209
112210,112210
112211,112211
112212,112212
112213,112213
112214,112214
112215,112215
112216,112216
112217,112217
112218,112218
112219,112219
112220,112220
112221,112221
112222,112222
112223,112223
112224,112224
112225,112225
112226,112226
112227,112227
112228,112228
112229,112229
112230,112230
112231,112231
112232,112232
112233,112233
112235,112235
112236,112236
112237,112237
112238,112238
112239,112239
112240,112240
112241,112241
112242,112242
112243,112243
112244,112244
112245,112245
112246,112246
112247,112247
112248,112248
112249,112249
112250,112250
112251,112251
112252,112252
112253,112253
112254,112254
112255,112255
112256,112256
112257,112257
112258,112258
112259,112259
112260,112260
112261,112261
112262,112262
112263,112263
112264,112264
112265,112265
112267,112267
112268,112268
112269,112269
112270,112270
112271,112271
112272,112272
112273,112273
112274,112274
112275,112275
112276,112276
112277,112277
112278,112278
112279,112279
112280,112280
112281,112281
112282,112282
112283,112283
112284,112284
112285,112285
112286,112286
112287,112287
112288,112288
112289,112289
112290,112290
112291,112291
112292,112292
112293,112293
112294,112294
112295,112295
112296,112296
112297,112297
112298,112298
112299,112299
112300,112300
112301,112301
112302,112302
112303,112303
112304,112304
112305,112305
112306,112306
112307,112307
112308,112308
112309,112309
112310,112310
112311,112311
112312,112312
112313,112313
112314,112314
112315,112315
112316,112316
112318,112318
112319,112319
112320,112320
112321,112321
112322,112322
112323,112323
112325,112325
112326,112326
112327,112327
112328,112328
112329,112329
112330,112330
112331,112331
112332,112332
112333,112333
112334,112334
112335,112335
112336,112336
112337,112337
112338,112338
112340,112340
112341,112341
112342,112342
112343,112343
112344,112344
112345,112345
112346,112346
112347,112347
112348,112348
112350,112350
112351,112351
112352,112352
112353,112353
112354,112354
112355,112355
112356,112356
112357,112357
112358,112358
112359,112359
112360,112360
112361,112361
112362,112362
112363,112363
201001,201001
201002,201002
201003,201003
201004,201004
201005,201005
201006,201006
201007,201007
201008,201008
201009,201009
201010,201010
201011,201011
201012,201012
201013,201013
201014,201014
201015,201015
201016,201016
201017,201017
201018,201018
201019,201019
201020,201020
201021,201021
201022,201022
201023,201023
201024,201024
201025,201025
201026,201026
201027,201027
201028,201028
201029,201029
201030,201030
201031,201031
201032,201032
201033,201033
201034,201034
201035,201035
201036,201036
201037,201037
201038,201038
201039,201039
201041,201041
201042,201042
201043,201043
201044,201044
201045,201045
201046,201046
201047,201047
201048,201048
201049,201049
201050,201050
201051,201051
201052,201052
201053,201053
201054,201054
201055,201055
201056,201056
201057,201057
201058,201058
201059,201059
201060,201060
201061,201061
201062,201062
201063,201063
201064,201064
201065,201065
201066,201066
201068,201068
201069,201069
201071,201071
201072,201072
201073,201073
201075,201075
201076,201076
201077,201077
201078,201078
201079,201079
201080,201080
201081,201081
201082,201082
201083,201083
201084,201084
201085,201085
201086,201086
201087,201087
201088,201088
201089,201089
201090,201090
201091,201091
201092,201092
201093,201093
201094,201094
201095,201095
201096,201096
201097,201097
201098,201098
201099,201099
201100,201100
201101,201101
201102,201102
201103,201103
201104,201104
201105,201105
201106,201106
201107,201107
201108,201108
201109,201109
201110,201110
201111,201111
201112,201112
201113,201113
201114,201114
201115,201115
201116,201116
201117,201117
201118,201118
201119,201119
201120,201120
201121,201121
201122,201122
201123,201123
201124,201124
201125,201125
201126,201126
201127,201127
201128,201128
201129,201129
201130,201130
201131,201131
201132,201132
201133,201133
201134,201134
201135,201135
201136,201136
201137,201137
201138,201138
201139,201139
201140,201140
201141,201141
201142,201142
201143,201143
201144,201144
201145,201145
201146,201146
201147,201147
201148,201148
201149,201149
201150,201150
201151,201151
201152,201152
201153,201153
201155,201155
201156,201156
201157,201157
201158,201158
201159,201159
201160,201160
201161,201161
201162,201162
201163,201163
201164,201164
201165,201165
201166,201166
201167,201167
201168,201168
201169,201169
201170,201170
201171,201171
201172,201172
201173,201173
201174,201174
201175,201175
201176,201176
201177,201177
201178,201178
201179,201179
201180,201180
201181,201181
201182,201182
201183,201183
201184,201184
201185,201185
201186,201186
201187,201187
201188,201188
201189,201189
201190,201190
201191,201191
201192,201192
201194,201194
201195,201195
201196,201196
201197,201197
201198,201198
201199,201199
201200,201200
201201,201201
201202,201202
201203,201203
201204,201204
201205,201205
201206,201206
201207,201207
201208,201208
201209,201209
201210,201210
201211,201211
201212,201212
201213,201213
201214,201214
201215,201215
201216,201216
201217,201217
201218,201218
201219,201219
201220,201220
201221,201221
201222,201222
201223,201223
201224,201224
201225,201225
201226,201226
201227,201227
201228,201228
201229,201229
201230,201230
201231,201231
201232,201232
201233,201233
201234,201234
201235,201235
201236,201236
201237,201237
201238,201238
201239,201239
201240,201240
201241,201241
201242,201242
201243,201243
201244,201244
201245,201245
201246,201246
201247,201247
201248,201248
201249,201249
201250,201250
201251,201251
201252,201252
201253,201253
201254,201254
201255,201255
201256,201256
201257,201257
201258,201258
201259,201259
201260,201260
201261,201261
201262,201262
201264,201264
201265,201265
201266,201266
201267,201267
201268,201268
201269,201269
201270,201270
201271,201271
201272,201272
201273,201273
201274,201274
201275,201275
201276,201276
201277,201277
201278,201278
201279,201279
201280,201280
201281,201281
201282,201282
201283,201283
201284,201284
201285,201285
201286,201286
201287,201287
201288,201288
201289,201289
201290,201290
201291,201291
201292,201292
201293,201293
201294,201294
201295,201295
201296,201296
201297,201297
201298,201298
201299,201299
201300,201300
201301,201301
201302,201302
201303,201303
201304,201304
201305,201305
201306,201306
201307,201307
201308,201308
201309,201309
201310,201310
201311,201311
201312,201312
201313,201313
202001,202001
202002,202002
202003,202003
202004,202004
202005,202005
202006,202006
202007,202007
202008,202008
202009,202009
202010,202010
202011,202011
202012,202012
202013,202013
202014,202014
202015,202015
202016,202016
202017,202017
202018,202018
202019,202019
202020,202020
202021,202021
202022,202022
202023,202023
202025,202025
202026,202026
202027,202027
202028,202028
202029,202029
202030,202030
202031,202031
202032,202032
202033,202033
202034,202034
202036,202036
202037,202037
202038,202038
202039,202039
202041,202041
202042,202042
202043,202043
202044,202044
202045,202045
202046,202046
202047,202047
202048,202048
202049,202049
202050,202050
202051,202051
202052,202052
202053,202053
202054,202054
202055,202055
202056,202056
202057,202057
202058,202058
202059,202059
202060,202060
202061,202061
202062,202062
202063,202063
202064,202064
202065,202065
202066,202066
202067,202067
202068,202068
202069,202069
202070,202070
202071,202071
202072,202072
202073,202073
202074,202074
202075,202075
202076,202076
202077,202077
202078,202078
202079,202079
202080,202080
202081,202081
202082,202082
202083,202083
202084,202084
202085,202085
202086,202086
202087,202087
202088,202088
202089,202089
202090,202090
202091,202091
202092,202092
202093,202093
202094,202094
202095,202095
202096,202096
202097,202097
202098,202098
202099,202099
202100,202100
202101,202101
202102,202102
202103,202103
202104,202104
202105,202105
202106,202106
202107,202107
202108,202108
202109,202109
202110,202110
202111,202111
202112,202112
202113,202113
202114,202114
202115,202115
202116,202116
202117,202117
202118,202118
202119,202119
202120,202120
202121,202121
202122,202122
202123,202123
202124,202124
202125,202125
202126,202126
202127,202127
202128,202128
202129,202129
202130,202130
202131,202131
202132,202132
202134,202134
202135,202135
202136,202136
202137,202137
202138,202138
202139,202139
202140,202140
202141,202141
202142,202142
202143,202143
202144,202144
202145,202145
202146,202146
202147,202147
202148,202148
202149,202149
202150,202150
202152,202152
202153,202153
202154,202154
202155,202155
202156,202156
202157,202157
202158,202158
202159,202159
202160,202160
202161,202161
202162,202162
202163,202163
202164,202164
202165,202165
202166,202166
202167,202167
202168,202168
202169,202169
202170,202170
202171,202171
202172,202172
202173,202173
202174,202174
202175,202175
202176,202176
202177,202177
202178,202178
202179,202179
202180,202180
202181,202181
202182,202182
202183,202183
202185,202185
202186,202186
202187,202187
202188,202188
202189,202189
202191,202191
202192,202192
202193,202193
202194,202194
202195,202195
202196,202196
202197,202197
202198,202198
202199,202199
202200,202200
202201,202201
202202,202202
202203,202203
202204,202204
202205,202205
202206,202206
202207,202207
202208,202208
202209,202209
202210,202210
202211,202211
202212,202212
202213,202213
202214,202214
202215,202215
202216,202216
202217,202217
202218,202218
202219,202219
202220,202220
202221,202221
202222,202222
202223,202223
202224,202224
202225,202225
202226,202226
202227,202227
202228,202228
202229,202229
202230,202230
202231,202231
202232,202232
202233,202233
202234,202234
202235,202235
202236,202236
202237,202237
202238,202238
202239,202239
202240,202240
202241,202241
202242,202242
202243,202243
202244,202244
202246,202246
202247,202247
202248,202248
202249,202249
202250,202250
202251,202251
202252,202252
202253,202253
202254,202254
202255,202255
202256,202256
202257,202257
202258,202258
202259,202259
202260,202260
202261,202261
202262,202262
202263,202263
202264,202264
202265,202265
202266,202266
202267,202267
202268,202268
202269,202269
202270,202270
202271,202271
202272,202272
202273,202273
202275,202275
202276,202276
202277,202277
202278,202278
202279,202279
203001,203001
203002,203002
203003,203003
203004,203004
203005,203005
203006,203006
203007,203007
203008,203008
203009,203009
203010,203010
203011,203011
203012,203012
203013,203013
203014,203014
203015,203015
203016,203016
203017,203017
203018,203018
203019,203019
203020,203020
203021,203021
203022,203022
203023,203023
203024,203024
203025,203025
203026,203026
203027,203027
203028,203028
203029,203029
203030,203030
203031,203031
203032,203032
203033,203033
203034,203034
203035,203035
203036,203036
203037,203037
203038,203038
203039,203039
203040,203040
203041,203041
203042,203042
203043,203043
203044,203044
203045,203045
203046,203046
203047,203047
203048,203048
203049,203049
203050,203050
203051,203051
203052,203052
203053,203053
203054,203054
203055,203055
203056,203056
203057,203057
203059,203059
203060,203060
203061,203061
203062,203062
203063,203063
203064,203064
203065,203065
203066,203066
203067,203067
203068,203068
203069,203069
203070,203070
203071,203071
203072,203072
203073,203073
203074,203074
203075,203075
203077,203077
203078,203078
203079,203079
203080,203080
203081,203081
203082,203082
203083,203083
203084,203084
203085,203085
203086,203086
203087,203087
203088,203088
203089,203089
203090,203090
203091,203091
203092,203092
203093,203093
203094,203094
203095,203095
203096,203096
203097,203097
203098,203098
203099,203099
203100,203100
203102,203102
203103,203103
203105,203105
203106,203106
203107,203107
203108,203108
203109,203109
203110,203110
203111,203111
203112,203112
203113,203113
203114,203114
203115,203115
203117,203117
203118,203118
203119,203119
203120,203120
203121,203121
203122,203122
203123,203123
203124,203124
203125,203125
203126,203126
203127,203127
203128,203128
203129,203129
203130,203130
203131,203131
203132,203132
203133,203133
203134,203134
203135,203135
203136,203136
203137,203137
203138,203138
203139,203139
203140,203140
203141,203141
203142,203142
203143,203143
203144,203144
203145,203145
203146,203146
203147,203147
203148,203148
203149,203149
203150,203150
203151,203151
203152,203152
203153,203153
203154,203154
203155,203155
203156,203156
203157,203157
203158,203158
203159,203159
203160,203160
203161,203161
203162,203162
203163,203163
203164,203164
203165,203165
203166,203166
203167,203167
203168,203168
203169,203169
203170,203170
203171,203171
203172,203172
203173,203173
203174,203174
203175,203175
203176,203176
203177,203177
203178,203178
203179,203179
203180,203180
203181,203181
203182,203182
203183,203183
203184,203184
203185,203185
203186,203186
203187,203187
203188,203188
203189,203189
203190,203190
203191,203191
203192,203192
203193,203193
203194,203194
203195,203195
203196,203196
203197,203197
203198,203198
203199,203199
203200,203200
203201,203201
203202,203202
203203,203203
203204,203204
203205,203205
203206,203206
203207,203207
203208,203208
203209,203209
203210,203210
203211,203211
203212,203212
203213,203213
203214,203214
203215,203215
203216,203216
203217,203217
203218,203218
203219,203219
203220,203220
203221,203221
203222,203222
203223,203223
203224,203224
203225,203225
203226,203226
203227,203227
203228,203228
203229,203229
203230,203230
203231,203231
203233,203233
203235,203235
203236,203236
203237,203237
203238,203238
203239,203239
203240,203240
203241,203241
203242,203242
203243,203243
203244,203244
203245,203245
203246,203246
203247,203247
203248,203248
203249,203249
203250,203250
203251,203251
203252,203252
203253,203253
203254,203254
203255,203255
203256,203256
203257,203257
203258,203258
203259,203259
203260,203260
203261,203261
203262,203262
203264,203264
203265,203265
203266,203266
203267,203267
203268,203268
203269,203269
203270,203270
203271,203271
203272,203272
203273,203273
203274,203274
203275,203275
203276,203276
204001,204001
204002,204002
204003,204003
204004,204004
204005,204005
204006,204006
204007,204007
204008,204008
204009,204009
204010,204010
204011,204011
204012,204012
204013,204013
204014,204014
204015,204015
204016,204016
204017,204017
204018,204018
204019,204019
204020,204020
204021,204021
204022,204022
204023,204023
204024,204024
204025,204025
204026,204026
204027,204027
204028,204028
204029,204029
204030,204030
204031,204031
204032,204032
204033,204033
204034,204034
204035,204035
204036,204036
204037,204037
204038,204038
204039,204039
204040,204040
204041,204041
204042,204042
204043,204043
204044,204044
204045,204045
204046,204046
204047,204047
204048,204048
204049,204049
204050,204050
204051,204051
204052,204052
204053,204053
204055,204055
204056,204056
204057,204057
204058,204058
204059,204059
204060,204060
204061,204061
204062,204062
204063,204063
204064,204064
204065,204065
204066,204066
204067,204067
204068,204068
204069,204069
204070,204070
204071,204071
204072,204072
204073,204073
204074,204074
204075,204075
204076,204076
204077,204077
204078,204078
204079,204079
204080,204080
204081,204081
204082,204082
204085,204085
204086,204086
204087,204087
204088,204088
204089,204089
204090,204090
204091,204091
204092,204092
204093,204093
204094,204094
204095,204095
204096,204096
204097,204097
204098,204098
204099,204099
204100,204100
204101,204101
204102,204102
204103,204103
204104,204104
204105,204105
204106,204106
204107,204107
204108,204108
204109,204109
204110,204110
204111,204111
204112,204112
204113,204113
204114,204114
204115,204115
204116,204116
204117,204117
204118,204118
204119,204119
204120,204120
204121,204121
204122,204122
204123,204123
204124,204124
204125,204125
204126,204126
204127,204127
204128,204128
204129,204129
204130,204130
204131,204131
204132,204132
204133,204133
204134,204134
204135,204135
204136,204136
204137,204137
204138,204138
204139,204139
204140,204140
204141,204141
204142,204142
204143,204143
204144,204144
204145,204145
204146,204146
204147,204147
204148,204148
204149,204149
204150,204150
204151,204151
204152,204152
204153,204153
204155,204155
204156,204156
204157,204157
204158,204158
204159,204159
204160,204160
204161,204161
204162,204162
204163,204163
204164,204164
204165,204165
204166,204166
204167,204167
204168,204168
204169,204169
204170,204170
204171,204171
204172,204172
204173,204173
204174,204174
204175,204175
204176,204176
204177,204177
204178,204178
204179,204179
204180,204180
204181,204181
204182,204182
204183,204183
204184,204184
204185,204185
204186,204186
204187,204187
204189,204189
204190,204190
204191,204191
204192,204192
204193,204193
204194,204194
204195,204195
204196,204196
204197,204197
204198,204198
204199,204199
204200,204200
204201,204201
204202,204202
204203,204203
204204,204204
204205,204205
204206,204206
204207,204207
204208,204208
204209,204209
204210,204210
204211,204211
204212,204212
204213,204213
204214,204214
204215,204215
204216,204216
204217,204217
204218,204218
204219,204219
204220,204220
204221,204221
204222,204222
204223,204223
204224,204224
204225,204225
204226,204226
204227,204227
204228,204228
204229,204229
204230,204230
204231,204231
204232,204232
204233,204233
204234,204234
204235,204235
204236,204236
204237,204237
204238,204238
204239,204239
204240,204240
204241,204241
204242,204242
204243,204243
204244,204244
204245,204245
204246,204246
204247,204247
204248,204248
204249,204249
204250,204250
204251,204251
204252,204252
204253,204253
204254,204254
204255,204255
204256,204256
204257,204257
204258,204258
204259,204259
204260,204260
204261,204261
204262,204262
204263,204263
204264,204264
204265,204265
204266,204266
204267,204267
204268,204268
204269,204269
204270,204270
204271,204271
204272,204272
204273,204273
204274,204274
204275,204275
204276,204276
204277,204277
204278,204278
204279,204279
204280,204280
204281,204281
204282,204282
204283,204283
204284,204284
204285,204285
204286,204286
204287,204287
204288,204288
204289,204289
204290,204290
204291,204291
204292,204292
204293,204293
204294,204294
204295,204295
204296,204296
204297,204297
204298,204298
204299,204299
204300,204300
204301,204301
204302,204302
204303,204303
204304,204304
204305,204305
204306,204306
204307,204307
204308,204308
204309,204309
204310,204310
204311,204311
204312,204312
204313,204313
204314,204314
204315,204315
204316,204316
204317,204317
204318,204318
204319,204319
204320,204320
204321,204321
204322,204322
204323,204323
204324,204324
204325,204325
204326,204326
204327,204327
204328,204328
204329,204329
204330,204330
204331,204331
204332,204332
204333,204333
204334,204334
204335,204335
204336,204336
204337,204337
204338,204338
204339,204339
204340,204340
204341,204341
204342,204342
204343,204343
204344,204344
204345,204345
204346,204346
204347,204347
204348,204348
204349,204349
204350,204350
204351,204351
204352,204352
204353,204353
204354,204354
204355,204355
204356,204356
204357,204357
204358,204358
204359,204359
204360,204360
204361,204361
205001,205001
205003,205003
205004,205004
205005,205005
205007,205007
205008,205008
205009,205009
205010,205010
205011,205011
205012,205012
205013,205013
205014,205014
205015,205015
205016,205016
205017,205017
205019,205019
205020,205020
205021,205021
205022,205022
205023,205023
205024,205024
205025,205025
205026,205026
205027,205027
205028,205028
205029,205029
205030,205030
205031,205031
205032,205032
205033,205033
205034,205034
205035,205035
205036,205036
205037,205037
205038,205038
205039,205039
205040,205040
205041,205041
205042,205042
205043,205043
205044,205044
205045,205045
205046,205046
205047,205047
205048,205048
205049,205049
205050,205050
205051,205051
205052,205052
205053,205053
205054,205054
205055,205055
205056,205056
205057,205057
205058,205058
205059,205059
205060,205060
205061,205061
205062,205062
205063,205063
205064,205064
205065,205065
205066,205066
205067,205067
205068,205068
205069,205069
205070,205070
205071,205071
205072,205072
205073,205073
205074,205074
205075,205075
205076,205076
205077,205077
205078,205078
205079,205079
205081,205081
205082,205082
205083,205083
205084,205084
205085,205085
205086,205086
205087,205087
205088,205088
205089,205089
205090,205090
205091,205091
205092,205092
205093,205093
205094,205094
205095,205095
205096,205096
205097,205097
205098,205098
205099,205099
205100,205100
205101,205101
205102,205102
205103,205103
205104,205104
205105,205105
205106,205106
205107,205107
205108,205108
205109,205109
205110,205110
205111,205111
205112,205112
205113,205113
205114,205114
205115,205115
205116,205116
205117,205117
205118,205118
205119,205119
205120,205120
205121,205121
205122,205122
205123,205123
205124,205124
205125,205125
205126,205126
205127,205127
205128,205128
205129,205129
205130,205130
205131,205131
205132,205132
205133,205133
205134,205134
205135,205135
205136,205136
205137,205137
205138,205138
205139,205139
205140,205140
205141,205141
205142,205142
205143,205143
205144,205144
205145,205145
205146,205146
205147,205147
205148,205148
205149,205149
205150,205150
205151,205151
205152,205152
205153,205153
205154,205154
205155,205155
205156,205156
205157,205157
205158,205158
205159,205159
205160,205160
205161,205161
205162,205162
205163,205163
205164,205164
205165,205165
205166,205166
205167,205167
205168,205168
205169,205169
205170,205170
205171,205171
205172,205172
205173,205173
205174,205174
205175,205175
205176,205176
205177,205177
205178,205178
205179,205179
205180,205180
205181,205181
205182,205182
205183,205183
205184,205184
205185,205185
205186,205186
205187,205187
205188,205188
205189,205189
205191,205191
205192,205192
205193,205193
205194,205194
205195,205195
205196,205196
205197,205197
205198,205198
205199,205199
205200,205200
205201,205201
205202,205202
205203,205203
205204,205204
205205,205205
205206,205206
205207,205207
205208,205208
205209,205209
205210,205210
205211,205211
205212,205212
205213,205213
205214,205214
205215,205215
205216,205216
205217,205217
205218,205218
205219,205219
205220,205220
205221,205221
205222,205222
205223,205223
205224,205224
205225,205225
205226,205226
205227,205227
205228,205228
205229,205229
205230,205230
205231,205231
205232,205232
205233,205233
205234,205234
205235,205235
205236,205236
205237,205237
205238,205238
205239,205239
205240,205240
205241,205241
205242,205242
205243,205243
205244,205244
205245,205245
205246,205246
205247,205247
205248,205248
205249,205249
205250,205250
205251,205251
205252,205252
205253,205253
205254,205254
205255,205255
205256,205256
205257,205257
205258,205258
205259,205259
205260,205260
205261,205261
205262,205262
205263,205263
205264,205264
205265,205265
205266,205266
205267,205267
205268,205268
205269,205269
205270,205270
205271,205271
205272,205272
205273,205273
205274,205274
205275,205275
205276,205276
205279,205279
205280,205280
205281,205281
205282,205282
205283,205283
205284,205284
205285,205285
205286,205286
205287,205287
205289,205289
205290,205290
205291,205291
205292,205292
205293,205293
205294,205294
205295,205295
205296,205296
205297,205297
205298,205298
205299,205299
205300,205300
205301,205301
205302,205302
205303,205303
205304,205304
205305,205305
205306,205306
205307,205307
205308,205308
205309,205309
205310,205310
205311,205311
205312,205312
205313,205313
205314,205314
205315,205315
205316,205316
205317,205317
205318,205318
205319,205319
205320,205320
205322,205322
205323,205323
205324,205324
205325,205325
205326,205326
205327,205327
205328,205328
205329,205329
205330,205330
205331,205331
205332,205332
205333,205333
205334,205334
205335,205335
205336,205336
205337,205337
205338,205338
205339,205339
205340,205340
205341,205341
205342,205342
205343,205343
205344,205344
205345,205345
205346,205346
205347,205347
205348,205348
205349,205349
206001,206001
206002,206002
206003,206003
206004,206004
206005,206005
206006,206006
206007,206007
206008,206008
206009,206009
206010,206010
206011,206011
206012,206012
206013,206013
206014,206014
206015,206015
206016,206016
206017,206017
206018,206018
206019,206019
206020,206020
206021,206021
206022,206022
206023,206023
206024,206024
206025,206025
206026,206026
206027,206027
206028,206028
206029,206029
206030,206030
206031,206031
206032,206032
206033,206033
206034,206034
206035,206035
206036,206036
206037,206037
206038,206038
206039,206039
206040,206040
206041,206041
206042,206042
206043,206043
206044,206044
206045,206045
206046,206046
206048,206048
206049,206049
206050,206050
206052,206052
206053,206053
206055,206055
206056,206056
206057,206057
206058,206058
206059,206059
206060,206060
206061,206061
206062,206062
206063,206063
206064,206064
206065,206065
206066,206066
206067,206067
206068,206068
206069,206069
206070,206070
206071,206071
206072,206072
206073,206073
206074,206074
206075,206075
206076,206076
206077,206077
206078,206078
206079,206079
206080,206080
206081,206081
206082,206082
206083,206083
206084,206084
206085,206085
206086,206086
206087,206087
206088,206088
206089,206089
206090,206090
206091,206091
206092,206092
206093,206093
206094,206094
206095,206095
206096,206096
206097,206097
206098,206098
206099,206099
206100,206100
206101,206101
206102,206102
206104,206104
206105,206105
206106,206106
206107,206107
206108,206108
206109,206109
206110,206110
206111,206111
206112,206112
206113,206113
206114,206114
206115,206115
206116,206116
206117,206117
206118,206118
206119,206119
206121,206121
206122,206122
206123,206123
206124,206124
206125,206125
206126,206126
206127,206127
206128,206128
206129,206129
206130,206130
206131,206131
206132,206132
206133,206133
206134,206134
206135,206135
206136,206136
206137,206137
206138,206138
206139,206139
206140,206140
206141,206141
206142,206142
206143,206143
206144,206144
206145,206145
206146,206146
206147,206147
206148,206148
206150,206150
206151,206151
206152,206152
206153,206153
206154,206154
206155,206155
206156,206156
206157,206157
206158,206158
206159,206159
206160,206160
206161,206161
206162,206162
206163,206163
206164,206164
206165,206165
206166,206166
206167,206167
206168,206168
206169,206169
206170,206170
206171,206171
206172,206172
206173,206173
206174,206174
206175,206175
206176,206176
206177,206177
206178,206178
206179,206179
206180,206180
206181,206181
206182,206182
206184,206184
206185,206185
206186,206186
206187,206187
206188,206188
206189,206189
206190,206190
206191,206191
206192,206192
206193,206193
206194,206194
206195,206195
206196,206196
206197,206197
206198,206198
206199,206199
206201,206201
206202,206202
206203,206203
206204,206204
206205,206205
206206,206206
206207,206207
206208,206208
206209,206209
206210,206210
206211,206211
206212,206212
206213,206213
206214,206214
206215,206215
206216,206216
206217,206217
206218,206218
206219,206219
206220,206220
206221,206221
206222,206222
206223,206223
206224,206224
206225,206225
206226,206226
206227,206227
206228,206228
206229,206229
206230,206230
206231,206231
206232,206232
206233,206233
206234,206234
206235,206235
206236,206236
206237,206237
206238,206238
206239,206239
206240,206240
206241,206241
206242,206242
206243,206243
206244,206244
206245,206245
206246,206246
206247,206247
206248,206248
206249,206249
206250,206250
206251,206251
206252,206252
206253,206253
206254,206254
206255,206255
206256,206256
206257,206257
206258,206258
206259,206259
206260,206260
206261,206261
206262,206262
206263,206263
206264,206264
206265,206265
206266,206266
206267,206267
206268,206268
206269,206269
206270,206270
206271,206271
206272,206272
206273,206273
206274,206274
206275,206275
206276,206276
206277,206277
206278,206278
206279,206279
206280,206280
206281,206281
206282,206282
206283,206283
206284,206284
206286,206286
206287,206287
206288,206288
206289,206289
206290,206290
206291,206291
206292,206292
206293,206293
206294,206294
206295,206295
206296,206296
206297,206297
206298,206298
206299,206299
206300,206300
206301,206301
206303,206303
206304,206304
206305,206305
206306,206306
206307,206307
206308,206308
206309,206309
206310,206310
206311,206311
206312,206312
207001,207001
207002,207002
207003,207003
207004,207004
207005,207005
207006,207006
207007,207007
207008,207008
207009,207009
207010,207010
207011,207011
207012,207012
207013,207013
207014,207014
207015,207015
207016,207016
207017,207017
207018,207018
207019,207019
207020,207020
207021,207021
207022,207022
207023,207023
207024,207024
207025,207025
207026,207026
207027,207027
207028,207028
207029,207029
207030,207030
207031,207031
207032,207032
207033,207033
207034,207034
207035,207035
207036,207036
207037,207037
207038,207038
207039,207039
207040,207040
207041,207041
207042,207042
207043,207043
207044,207044
207045,207045
207046,207046
207047,207047
207048,207048
207049,207049
207050,207050
207051,207051
207052,207052
207053,207053
207054,207054
207055,207055
207056,207056
207057,207057
207058,207058
207059,207059
207060,207060
207061,207061
207062,207062
207063,207063
207064,207064
207065,207065
207066,207066
207067,207067
207068,207068
207069,207069
207070,207070
207071,207071
207072,207072
207073,207073
207074,207074
207075,207075
207076,207076
207077,207077
207078,207078
207079,207079
207080,207080
207081,207081
207082,207082
207084,207084
207085,207085
207086,207086
207087,207087
207088,207088
207089,207089
207090,207090
207091,207091
207092,207092
207094,207094
207095,207095
207096,207096
207097,207097
207098,207098
207099,207099
207100,207100
207101,207101
207102,207102
207103,207103
207104,207104
207105,207105
207106,207106
207107,207107
207108,207108
207109,207109
207110,207110
207111,207111
207112,207112
207113,207113
207114,207114
207115,207115
207116,207116
207117,207117
207118,207118
207119,207119
207120,207120
207121,207121
207122,207122
207123,207123
207125,207125
207126,207126
207128,207128
207129,207129
207130,207130
207131,207131
207132,207132
207133,207133
207134,207134
207135,207135
207136,207136
207137,207137
207138,207138
207139,207139
207140,207140
207141,207141
207142,207142
207143,207143
207144,207144
207145,207145
207146,207146
207147,207147
207148,207148
207149,207149
207150,207150
207151,207151
207152,207152
207153,207153
207154,207154
207155,207155
207156,207156
207157,207157
207158,207158
207159,207159
207160,207160
207161,207161
207163,207163
207164,207164
207165,207165
207166,207166
207167,207167
207168,207168
207169,207169
207170,207170
207171,207171
207172,207172
207173,207173
207174,207174
207175,207175
207176,207176
207177,207177
207178,207178
207179,207179
207180,207180
207181,207181
207182,207182
207183,207183
207184,207184
207185,207185
207186,207186
207187,207187
207188,207188
207189,207189
207190,207190
207191,207191
207192,207192
207193,207193
207194,207194
207195,207195
207196,207196
207197,207197
207198,207198
207199,207199
207201,207201
207202,207202
207203,207203
207204,207204
207205,207205
207206,207206
207207,207207
207208,207208
207209,207209
207210,207210
207211,207211
207212,207212
207213,207213
207214,207214
207215,207215
207216,207216
207217,207217
207218,207218
207219,207219
207220,207220
207221,207221
207222,207222
207223,207223
207224,207224
207225,207225
207226,207226
207227,207227
207228,207228
207229,207229
207230,207230
207231,207231
207232,207232
207233,207233
207234,207234
207235,207235
207236,207236
207237,207237
207238,207238
207239,207239
207240,207240
207241,207241
207242,207242
207243,207243
207244,207244
207245,207245
207246,207246
207247,207247
207248,207248
207249,207249
207250,207250
207252,207252
207253,207253
207254,207254
207255,207255
207256,207256
207257,207257
207258,207258
207259,207259
207260,207260
207261,207261
207262,207262
207264,207264
207265,207265
207266,207266
207267,207267
207268,207268
207269,207269
207270,207270
207271,207271
207272,207272
207273,207273
207275,207275
207276,207276
207277,207277
207278,207278
207279,207279
207280,207280
207281,207281
207283,207283
207284,207284
207285,207285
207287,207287
207288,207288
207289,207289
207290,207290
207291,207291
207292,207292
207293,207293
207294,207294
207295,207295
207296,207296
207297,207297
207298,207298
207299,207299
207300,207300
207301,207301
207302,207302
207303,207303
207304,207304
207305,207305
207306,207306
207307,207307
207308,207308
207309,207309
207310,207310
207311,207311
207312,207312
207313,207313
207314,207314
207315,207315
207316,207316
207317,207317
207318,207318
207319,207319
207320,207320
207322,207322
207323,207323
207324,207324
207325,207325
207326,207326
207327,207327
207328,207328
207329,207329
207330,207330
207331,207331
207332,207332
207333,207333
207334,207334
207335,207335
207336,207336
207337,207337
207338,207338
207339,207339
207340,207340
207341,207341
207342,207342
207343,207343
207344,207344
207345,207345
207346,207346
207347,207347
207348,207348
207349,207349
207350,207350
207351,207351
207352,207352
207353,207353
207354,207354
207355,207355
207356,207356
207357,207357
207358,207358
207359,207359
207360,207360
207361,207361
207362,207362
207363,207363
207364,207364
207365,207365
207366,207366
207368,207368
207369,207369
207370,207370
207371,207371
207372,207372
207373,207373
207374,207374
208001,208001
208002,208002
208003,208003
208004,208004
208005,208005
208006,208006
208007,208007
208008,208008
208009,208009
208010,208010
208011,208011
208012,208012
208013,208013
208014,208014
208015,208015
208016,208016
208017,208017
208018,208018
208019,208019
208020,208020
208021,208021
208022,208022
208023,208023
208024,208024
208025,208025
208026,208026
208027,208027
208028,208028
208029,208029
208030,208030
208031,208031
208032,208032
208033,208033
208034,208034
208035,208035
208036,208036
208037,208037
208038,208038
208039,208039
208040,208040
208042,208042
208043,208043
208044,208044
208045,208045
208046,208046
208047,208047
208048,208048
208049,208049
208050,208050
208051,208051
208052,208052
208053,208053
208054,208054
208055,208055
208056,208056
208057,208057
208058,208058
208059,208059
208060,208060
208061,208061
208062,208062
208063,208063
208064,208064
208065,208065
208066,208066
208067,208067
208068,208068
208069,208069
208070,208070
208071,208071
208072,208072
208073,208073
208074,208074
208075,208075
208076,208076
208077,208077
208078,208078
208079,208079
208080,208080
208081,208081
208082,208082
208083,208083
208084,208084
208085,208085
208086,208086
208087,208087
208088,208088
208089,208089
208090,208090
208091,208091
208092,208092
208093,208093
208094,208094
208095,208095
208096,208096
208097,208097
208098,208098
208099,208099
208100,208100
208101,208101
208102,208102
208103,208103
208104,208104
208105,208105
208106,208106
208107,208107
208108,208108
208109,208109
208110,208110
208111,208111
208112,208112
208113,208113
208114,208114
208115,208115
208117,208117
208118,208118
208119,208119
208120,208120
208121,208121
208122,208122
208123,208123
208124,208124
208125,208125
208126,208126
208127,208127
208128,208128
208129,208129
208130,208130
208131,208131
208132,208132
208133,208133
208134,208134
208135,208135
208136,208136
208137,208137
208138,208138
208139,208139
208140,208140
208141,208141
208142,208142
208143,208143
208144,208144
208145,208145
208146,208146
208147,208147
208148,208148
208149,208149
208150,208150
208151,208151
208152,208152
208153,208153
208154,208154
208155,208155
208156,208156
208157,208157
208158,208158
208159,208159
208160,208160
208161,208161
208162,208162
208163,208163
208164,208164
208165,208165
208166,208166
208167,208167
208168,208168
208169,208169
208170,208170
208171,208171
208172,208172
208173,208173
208174,208174
208175,208175
208176,208176
208177,208177
208178,208178
208179,208179
208180,208180
208181,208181
208182,208182
208183,208183
208184,208184
208185,208185
208186,208186
208187,208187
208188,208188
208189,208189
208190,208190
208191,208191
208192,208192
208193,208193
208194,208194
208195,208195
208196,208196
208197,208197
208198,208198
208199,208199
208200,208200
208201,208201
208202,208202
208203,208203
208204,208204
208205,208205
208206,208206
208207,208207
208208,208208
208209,208209
208210,208210
208211,208211
208212,208212
208213,208213
208214,208214
208215,208215
208216,208216
208217,208217
208218,208218
208219,208219
208220,208220
208221,208221
208222,208222
208223,208223
208224,208224
208225,208225
208226,208226
208227,208227
208228,208228
208229,208229
208230,208230
208231,208231
208232,208232
208233,208233
208234,208234
208235,208235
208236,208236
208237,208237
208238,208238
208239,208239
208240,208240
208241,208241
208242,208242
208243,208243
208244,208244
208245,208245
208246,208246
208247,208247
208248,208248
208249,208249
208250,208250
208251,208251
208252,208252
208253,208253
208254,208254
208255,208255
208256,208256
208257,208257
208258,208258
208259,208259
208260,208260
208261,208261
208262,208262
208263,208263
208264,208264
208265,208265
208266,208266
208267,208267
208268,208268
208270,208270
208271,208271
208272,208272
208273,208273
208274,208274
208275,208275
208276,208276
208277,208277
208278,208278
209001,209001
209002,209002
209003,209003
209004,209004
209005,209005
209006,209006
209007,209007
209008,209008
209009,209009
209010,209010
209011,209011
209012,209012
209013,209013
209014,209014
209015,209015
209016,209016
209017,209017
209018,209018
209019,209019
209020,209020
209021,209021
209022,209022
209023,209023
209024,209024
209025,209025
209026,209026
209027,209027
209028,209028
209029,209029
209030,209030
209031,209031
209032,209032
209033,209033
209034,209034
209035,209035
209036,209036
209038,209038
209039,209039
209040,209040
209041,209041
209042,209042
209043,209043
209044,209044
209045,209045
209046,209046
209047,209047
209048,209048
209049,209049
209050,209050
209051,209051
209052,209052
209053,209053
209054,209054
209055,209055
209056,209056
209057,209057
209058,209058
209059,209059
209060,209060
209061,209061
209062,209062
209063,209063
209064,209064
209065,209065
209066,209066
209067,209067
209068,209068
209069,209069
209070,209070
209071,209071
209072,209072
209073,209073
209074,209074
209075,209075
209076,209076
209077,209077
209078,209078
209079,209079
209080,209080
209081,209081
209082,209082
209083,209083
209084,209084
209085,209085
209086,209086
209087,209087
209088,209088
209089,209089
209090,209090
209091,209091
209092,209092
209093,209093
209094,209094
209095,209095
209096,209096
209097,209097
209098,209098
209099,209099
209100,209100
209101,209101
209102,209102
209103,209103
209104,209104
209105,209105
209106,209106
209107,209107
209108,209108
209109,209109
209110,209110
209111,209111
209112,209112
209113,209113
209114,209114
209115,209115
209116,209116
209117,209117
209118,209118
209119,209119
209120,209120
209121,209121
209122,209122
209123,209123
209124,209124
209125,209125
209126,209126
209127,209127
209128,209128
209129,209129
209130,209130
209131,209131
209132,209132
209133,209133
209134,209134
209135,209135
209136,209136
209137,209137
209138,209138
209139,209139
209140,209140
209141,209141
209142,209142
209144,209144
209145,209145
209146,209146
209147,209147
209148,209148
209149,209149
209150,209150
209151,209151
209153,209153
209154,209154
209155,209155
209156,209156
209157,209157
209158,209158
209159,209159
209160,209160
209161,209161
209162,209162
209163,209163
209164,209164
209165,209165
209166,209166
209167,209167
209168,209168
209169,209169
209170,209170
209171,209171
209172,209172
209173,209173
209174,209174
209175,209175
209176,209176
209177,209177
209178,209178
209179,209179
209180,209180
209181,209181
209182,209182
209183,209183
209184,209184
209185,209185
209186,209186
209187,209187
209188,209188
209189,209189
209190,209190
209191,209191
209192,209192
209193,209193
209194,209194
209195,209195
209196,209196
209197,209197
209198,209198
209199,209199
209200,209200
209201,209201
209202,209202
209204,209204
209205,209205
209206,209206
209207,209207
209208,209208
209209,209209
209210,209210
209211,209211
209212,209212
209213,209213
209214,209214
209215,209215
209216,209216
209217,209217
209218,209218
209219,209219
209220,209220
209221,209221
209222,209222
209223,209223
209224,209224
209225,209225
209226,209226
209227,209227
209228,209228
209229,209229
209230,209230
209231,209231
209232,209232
209233,209233
209234,209234
209235,209235
209236,209236
209237,209237
209239,209239
209240,209240
209241,209241
209242,209242
209243,209243
209244,209244
209245,209245
209246,209246
209247,209247
209248,209248
209249,209249
209250,209250
209251,209251
209252,209252
209253,209253
209254,209254
209255,209255
209256,209256
209257,209257
209258,209258
209259,209259
209260,209260
209261,209261
209262,209262
209263,209263
209264,209264
209265,209265
209266,209266
209267,209267
209268,209268
209269,209269
209270,209270
209271,209271
209272,209272
209273,209273
209274,209274
209275,209275
209276,209276
209277,209277
209278,209278
209279,209279
209280,209280
209281,209281
209282,209282
209283,209283
209284,209284
209285,209285
209286,209286
209287,209287
209288,209288
209289,209289
209290,209290
209291,209291
209292,209292
209293,209293
209294,209294
209295,209295
209296,209296
209297,209297
209298,209298
209299,209299
209300,209300
209301,209301
209302,209302
209303,209303
209304,209304
209305,209305
209306,209306
209307,209307
209308,209308
209309,209309
209310,209310
209311,209311
209312,209312
209313,209313
209314,209314
209315,209315
209316,209316
209317,209317
209318,209318
209319,209319
209320,209320
209321,209321
209322,209322
209323,209323
209324,209324
209325,209325
209326,209326
209327,209327
209328,209328
209329,209329
209330,209330
209331,209331
209332,209332
209333,209333
209334,209334
209335,209335
209336,209336
209337,209337
209338,209338
209339,209339
209340,209340
209341,209341
209342,209342
209343,209343
209344,209344
209345,209345
209346,209346
209347,209347
209348,209348
209349,209349
209350,209350
209351,209351
209352,209352
209353,209353
209354,209354
209355,209355
209356,209356
209357,209357
209358,209358
209359,209359
209362,209362
209363,209363
209364,209364
209365,209365
209366,209366
209367,209367
209368,209368
209369,209369
209370,209370
209371,209371
209372,209372
209373,209373
209374,209374
209375,209375
209376,209376
209377,209377
210001,210001
210002,210002
210003,210003
210004,210004
210005,210005
210006,210006
210007,210007
210008,210008
210009,210009
210010,210010
210012,210012
210013,210013
210014,210014
210015,210015
210016,210016
210017,210017
210018,210018
210019,210019
210020,210020
210021,210021
210022,210022
210023,210023
210024,210024
210025,210025
210026,210026
210027,210027
210028,210028
210029,210029
210030,210030
210031,210031
210032,210032
210033,210033
210034,210034
210035,210035
210036,210036
210037,210037
210038,210038
210039,210039
210040,210040
210041,210041
210042,210042
210043,210043
210044,210044
210045,210045
210046,210046
210047,210047
210048,210048
210049,210049
210050,210050
210051,210051
210052,210052
210053,210053
210055,210055
210056,210056
210057,210057
210058,210058
210059,210059
210060,210060
210061,210061
210062,210062
210063,210063
210064,210064
210065,210065
210066,210066
210067,210067
210068,210068
210069,210069
210070,210070
210071,210071
210072,210072
210073,210073
210074,210074
210075,210075
210076,210076
210077,210077
210078,210078
210079,210079
210080,210080
210081,210081
210082,210082
210083,210083
210084,210084
210085,210085
210086,210086
210087,210087
210088,210088
210089,210089
210090,210090
210091,210091
210092,210092
210093,210093
210094,210094
210095,210095
210097,210097
210098,210098
210099,210099
210100,210100
210101,210101
210102,210102
210103,210103
210104,210104
210105,210105
210106,210106
210107,210107
210108,210108
210109,210109
210110,210110
210111,210111
210112,210112
210113,210113
210114,210114
210115,210115
210116,210116
210117,210117
210118,210118
210119,210119
210120,210120
210121,210121
210122,210122
210123,210123
210124,210124
210125,210125
210126,210126
210127,210127
210128,210128
210129,210129
210130,210130
210131,210131
210132,210132
210133,210133
210134,210134
210135,210135
210136,210136
210137,210137
210138,210138
210139,210139
210140,210140
210141,210141
210142,210142
210143,210143
210144,210144
210145,210145
210146,210146
210147,210147
210148,210148
210149,210149
210150,210150
210151,210151
210152,210152
210153,210153
210154,210154
210155,210155
210156,210156
210157,210157
210158,210158
210159,210159
210160,210160
210161,210161
210162,210162
210163,210163
210164,210164
210165,210165
210166,210166
210167,210167
210168,210168
210169,210169
210170,210170
210171,210171
210172,210172
210173,210173
210174,210174
210175,210175
210176,210176
210177,210177
210178,210178
210179,210179
210180,210180
210181,210181
210182,210182
210183,210183
210184,210184
210185,210185
210187,210187
210188,210188
210189,210189
210190,210190
210191,210191
210192,210192
210193,210193
210195,210195
210196,210196
210197,210197
210198,210198
210199,210199
210200,210200
210201,210201
210202,210202
210203,210203
210204,210204
210205,210205
210206,210206
210207,210207
210208,210208
210209,210209
210210,210210
210211,210211
210212,210212
210213,210213
210214,210214
210215,210215
210216,210216
210217,210217
210218,210218
210219,210219
210220,210220
210221,210221
210222,210222
210223,210223
210224,210224
210225,210225
210227,210227
210228,210228
210229,210229
210230,210230
210231,210231
210232,210232
210233,210233
210234,210234
210236,210236
210237,210237
210238,210238
210239,210239
210240,210240
210241,210241
210242,210242
210243,210243
210244,210244
210245,210245
210246,210246
210247,210247
210248,210248
210249,210249
210250,210250
210251,210251
210252,210252
210253,210253
210254,210254
210255,210255
210256,210256
210257,210257
210258,210258
210259,210259
210260,210260
210261,210261
210262,210262
210263,210263
210264,210264
210265,210265
210266,210266
210267,210267
210268,210268
210269,210269
210270,210270
210271,210271
210272,210272
210273,210273
210274,210274
210275,210275
210276,210276
210277,210277
210278,210278
210279,210279
210280,210280
210281,210281
210282,210282
210283,210283
210284,210284
210285,210285
210286,210286
210287,210287
210288,210288
210289,210289
210290,210290
210291,210291
210292,210292
210293,210293
210294,210294
210295,210295
210296,210296
210297,210297
210298,210298
210299,210299
210300,210300
210301,210301
210302,210302
210303,210303
210304,210304
210305,210305
210306,210306
210307,210307
210308,210308
210309,210309
210310,210310
210311,210311
210312,210312
210313,210313
210314,210314
210315,210315
210316,210316
210317,210317
210318,210318
210319,210319
210320,210320
210321,210321
210322,210322
210323,210323
210324,210324
210325,210325
210326,210326
210327,210327
210328,210328
210329,210329
210330,210330
210331,210331
210332,210332
210333,210333
210334,210334
210335,210335
210336,210336
210337,210337
210338,210338
210339,210339
210340,210340
210341,210341
210342,210342
210343,210343
210344,210344
210345,210345
210346,210346
210347,210347
210348,210348
210349,210349
210350,210350
210351,210351
210352,210352
210353,210353
210354,210354
210355,210355
210356,210356
210357,210357
210358,210358
210359,210359
210360,210360
210361,210361
210362,210362
210363,210363
210364,210364
210365,210365
210366,210366
210367,210367
210368,210368
210369,210369
210370,210370
210371,210371
210372,210372
210373,210373
210374,210374
210375,210375
210376,210376
210377,210377
210378,210378
210379,210379
210380,210380
210381,210381
210382,210382
210383,210383
210384,210384
210386,210386
210387,210387
210388,210388
210389,210389
210390,210390
210391,210391
210392,210392
210393,210393
210394,210394
210395,210395
210396,210396
210397,210397
210398,210398
210399,210399
210400,210400
210401,210401
210402,210402
210403,210403
210404,210404
210405,210405
210406,210406
210407,210407
210408,210408
210409,210409
210410,210410
210411,210411
210412,210412
210413,210413
210414,210414
210415,210415
210416,210416
210417,210417
210418,210418
210419,210419
210420,210420
210421,210421
210423,210423
210424,210424
210425,210425
210426,210426
210427,210427
210428,210428
210429,210429
210430,210430
210431,210431
210432,210432
210433,210433
210434,210434
210435,210435
210436,210436
210437,210437
210438,210438
210439,210439
210440,210440
210441,210441
210442,210442
210443,210443
210444,210444
210445,210445
210447,210447
210448,210448
211001,211001
211002,211002
211003,211003
211004,211004
211006,211006
211007,211007
211008,211008
211009,211009
211010,211010
211011,211011
211012,211012
211013,211013
211014,211014
211015,211015
211016,211016
211017,211017
211018,211018
211019,211019
211020,211020
211021,211021
211022,211022
211023,211023
211024,211024
211025,211025
211026,211026
211027,211027
211028,211028
211029,211029
211030,211030
211031,211031
211032,211032
211033,211033
211034,211034
211035,211035
211036,211036
211037,211037
211038,211038
211039,211039
211040,211040
211041,211041
211042,211042
211043,211043
211044,211044
211045,211045
211046,211046
211047,211047
211048,211048
211049,211049
211050,211050
211051,211051
211052,211052
211053,211053
211054,211054
211055,211055
211056,211056
211057,211057
211058,211058
211059,211059
211060,211060
211061,211061
211062,211062
211063,211063
211064,211064
211065,211065
211066,211066
211067,211067
211068,211068
211069,211069
211070,211070
211071,211071
211072,211072
211073,211073
211074,211074
211075,211075
211076,211076
211077,211077
211078,211078
211079,211079
211080,211080
211082,211082
211083,211083
211084,211084
211085,211085
211086,211086
211087,211087
211088,211088
211089,211089
211090,211090
211091,211091
211092,211092
211093,211093
211094,211094
211095,211095
211096,211096
211097,211097
211098,211098
211099,211099
211100,211100
211101,211101
211102,211102
211103,211103
211104,211104
211105,211105
211106,211106
211107,211107
211108,211108
211110,211110
211111,211111
211112,211112
211113,211113
211114,211114
211115,211115
211116,211116
211117,211117
211119,211119
211120,211120
211121,211121
211122,211122
211123,211123
211124,211124
211125,211125
211126,211126
211127,211127
211128,211128
211129,211129
211130,211130
211131,211131
211132,211132
211133,211133
211134,211134
211135,211135
211136,211136
211137,211137
211138,211138
211139,211139
211140,211140
211141,211141
211142,211142
211143,211143
211144,211144
211145,211145
211146,211146
211147,211147
211149,211149
211150,211150
211151,211151
211152,211152
211153,211153
211154,211154
211155,211155
211156,211156
211157,211157
211158,211158
211159,211159
211160,211160
211161,211161
211162,211162
211163,211163
211164,211164
211165,211165
211166,211166
211167,211167
211168,211168
211169,211169
211170,211170
211171,211171
211172,211172
211174,211174
211175,211175
211176,211176
211177,211177
211178,211178
211179,211179
211180,211180
211181,211181
211182,211182
211183,211183
211184,211184
211185,211185
211186,211186
211188,211188
211189,211189
211190,211190
211191,211191
211192,211192
211193,211193
211194,211194
211195,211195
211196,211196
211197,211197
211198,211198
211199,211199
211201,211201
211202,211202
211203,211203
211204,211204
211205,211205
211206,211206
211207,211207
211208,211208
211209,211209
211210,211210
211211,211211
211212,211212
211213,211213
211215,211215
211216,211216
211217,211217
211218,211218
211219,211219
211221,211221
211222,211222
211223,211223
211224,211224
211225,211225
211226,211226
211227,211227
211228,211228
211229,211229
211231,211231
211232,211232
211233,211233
211234,211234
211235,211235
211236,211236
211237,211237
211238,211238
211239,211239
211240,211240
211241,211241
211242,211242
211243,211243
211244,211244
211245,211245
211246,211246
211247,211247
211248,211248
211249,211249
211250,211250
211251,211251
211252,211252
211253,211253
211254,211254
211255,211255
211256,211256
211257,211257
211258,211258
211259,211259
211260,211260
211261,211261
211263,211263
211264,211264
211265,211265
211266,211266
211267,211267
211268,211268
211269,211269
211270,211270
211271,211271
211272,211272
211273,211273
211274,211274
211275,211275
211276,211276
211277,211277
211278,211278
211279,211279
211280,211280
211281,211281
211282,211282
211283,211283
211284,211284
211285,211285
211286,211286
211287,211287
211288,211288
211289,211289
211290,211290
211291,211291
211292,211292
211293,211293
211294,211294
211295,211295
211296,211296
211297,211297
211298,211298
211299,211299
211300,211300
211301,211301
211302,211302
211303,211303
211304,211304
211305,211305
211306,211306
211307,211307
211308,211308
211309,211309
211310,211310
211311,211311
211312,211312
211313,211313
211314,211314
211315,211315
211317,211317
211318,211318
211319,211319
211320,211320
211321,211321
211322,211322
211323,211323
211324,211324
211325,211325
211326,211326
211327,211327
211328,211328
211329,211329
211330,211330
211331,211331
211332,211332
211333,211333
211334,211334
211335,211335
211336,211336
211337,211337
211338,211338
211339,211339
211340,211340
211341,211341
211342,211342
211343,211343
211344,211344
211345,211345
211346,211346
211347,211347
211348,211348
211349,211349
211350,211350
211351,211351
211352,211352
211353,211353
211354,211354
211355,211355
211356,211356
211357,211357
211358,211358
211359,211359
211360,211360
211361,211361
211362,211362
211363,211363
211364,211364
211365,211365
211366,211366
211367,211367
211368,211368
211369,211369
211370,211370
211371,211371
211372,211372
211373,211373
211374,211374
211375,211375
211376,211376
211377,211377
211378,211378
211379,211379
211380,211380
211381,211381
211382,211382
211383,211383
211384,211384
211385,211385
211386,211386
211387,211387
211389,211389
211390,211390
211391,211391
211392,211392
211393,211393
211394,211394
211395,211395
211396,211396
211397,211397
211398,211398
211399,211399
211400,211400
211401,211401
211402,211402
211403,211403
211404,211404
211405,211405
211406,211406
211407,211407
211408,211408
211409,211409
211410,211410
211411,211411
211412,211412
211413,211413
211414,211414
211415,211415
211416,211416
211417,211417
211418,211418
211419,211419
211420,211420
211421,211421
211422,211422
211423,211423
211424,211424
211425,211425
211426,211426
211427,211427
211428,211428
211429,211429
211430,211430
211431,211431
211432,211432
211433,211433
211434,211434
211435,211435
211436,211436
211437,211437
211438,211438
211439,211439
211440,211440
211441,211441
211442,211442
211443,211443
211444,211444
211445,211445
211446,211446
211447,211447
211448,211448
211449,211449
211450,211450
211451,211451
211452,211452
211453,211453
211454,211454
211455,211455
211456,211456
211458,211458
211459,211459
211460,211460
211461,211461
211462,211462
211463,211463
211464,211464
211465,211465
211466,211466
211467,211467
212001,212001
212002,212002
212003,212003
212004,212004
212005,212005
212006,212006
212007,212007
212008,212008
212009,212009
212010,212010
212011,212011
212013,212013
212014,212014
212015,212015
212016,212016
212017,212017
212018,212018
212019,212019
212020,212020
212021,212021
212022,212022
212023,212023
212024,212024
212025,212025
212026,212026
212027,212027
212028,212028
212029,212029
212030,212030
212031,212031
212032,212032
212033,212033
212034,212034
212035,212035
212036,212036
212037,212037
212038,212038
212039,212039
212040,212040
212041,212041
212042,212042
212043,212043
212044,212044
212045,212045
212046,212046
212047,212047
212048,212048
212050,212050
212051,212051
212052,212052
212053,212053
212054,212054
212055,212055
212056,212056
212057,212057
212058,212058
212059,212059
212060,212060
212061,212061
212062,212062
212063,212063
212064,212064
212065,212065
212066,212066
212067,212067
212068,212068
212069,212069
212070,212070
212071,212071
212072,212072
212073,212073
212074,212074
212075,212075
212076,212076
212077,212077
212078,212078
212079,212079
212080,212080
212081,212081
212082,212082
212083,212083
212084,212084
212085,212085
212086,212086
212087,212087
212088,212088
212089,212089
212090,212090
212091,212091
212092,212092
212093,212093
212094,212094
212095,212095
212096,212096
212097,212097
212098,212098
212099,212099
212100,212100
212101,212101
212102,212102
212103,212103
212104,212104
212105,212105
212106,212106
212107,212107
212108,212108
212109,212109
212110,212110
212111,212111
212112,212112
212113,212113
212114,212114
212115,212115
212116,212116
212117,212117
212118,212118
212119,212119
212120,212120
212121,212121
212122,212122
212123,212123
212124,212124
212125,212125
212126,212126
212127,212127
212128,212128
212129,212129
212130,212130
212131,212131
212132,212132
212133,212133
212134,212134
212135,212135
212136,212136
212137,212137
212138,212138
212139,212139
212140,212140
212141,212141
212142,212142
212143,212143
212144,212144
212145,212145
212146,212146
212147,212147
212148,212148
212150,212150
212151,212151
212152,212152
212153,212153
212154,212154
212155,212155
212156,212156
212157,212157
212158,212158
212159,212159
212160,212160
212161,212161
212162,212162
212163,212163
212164,212164
212165,212165
212166,212166
212167,212167
212168,212168
212169,212169
212170,212170
212171,212171
212172,212172
212173,212173
212174,212174
212175,212175
212176,212176
212177,212177
212178,212178
212179,212179
212180,212180
212181,212181
212182,212182
212184,212184
212185,212185
212186,212186
212187,212187
212188,212188
212189,212189
212190,212190
212191,212191
212192,212192
212193,212193
212194,212194
212195,212195
212196,212196
212197,212197
212198,212198
212199,212199
212200,212200
212201,212201
212202,212202
212203,212203
212204,212204
212205,212205
212206,212206
212207,212207
212208,212208
212209,212209
212210,212210
212211,212211
212212,212212
212213,212213
212214,212214
212215,212215
212216,212216
212217,212217
212218,212218
212219,212219
212220,212220
212221,212221
212222,212222
212223,212223
212224,212224
212225,212225
212226,212226
212227,212227
212228,212228
212229,212229
212230,212230
212231,212231
212232,212232
212233,212233
212234,212234
212235,212235
212236,212236
212237,212237
212238,212238
212239,212239
212240,212240
212241,212241
212242,212242
212243,212243
212244,212244
212245,212245
212246,212246
212247,212247
212248,212248
212249,212249
212250,212250
212251,212251
212252,212252
212253,212253
212254,212254
212255,212255
212257,212257
212258,212258
212259,212259
212260,212260
212261,212261
212262,212262
212263,212263
212264,212264
212265,212265
212266,212266
212267,212267
212268,212268
212269,212269
212270,212270
212271,212271
212272,212272
212273,212273
212274,212274
212275,212275
212276,212276
212277,212277
212278,212278
212279,212279
212280,212280
212281,212281
212282,212282
212283,212283
212284,212284
212285,212285
212286,212286
212287,212287
212288,212288
212289,212289
212290,212290
212291,212291
212292,212292
212293,212293
212294,212294
212295,212295
212296,212296
212297,212297
212298,212298
212299,212299
212300,212300
212301,212301
212303,212303
212304,212304
212305,212305
212306,212306
212307,212307
212308,212308
212309,212309
212310,212310
212311,212311
212312,212312
212313,212313
212314,212314
212315,212315
212316,212316
212317,212317
212318,212318
212319,212319
212320,212320
212321,212321
212322,212322
212323,212323
212324,212324
212325,212325
212326,212326
212327,212327
212328,212328
212329,212329
212330,212330
212331,212331
212332,212332
212333,212333
212334,212334
212335,212335
212336,212336
212337,212337
212338,212338
212339,212339
212340,212340
212341,212341
212342,212342
212343,212343
212344,212344
212345,212345
212346,212346
212347,212347
212348,212348
212349,212349
212350,212350
212351,212351
212352,212352
212353,212353
212354,212354
212355,212355
212356,212356
212357,212357
212358,212358
212359,212359
212360,212360
212361,212361
212362,212362
212363,212363
212364,212364
212365,212365
212366,212366
212367,212367
212369,212369
212370,212370
212371,212371
212372,212372
212373,212373
212374,212374
212375,212375
212376,212376
212377,212377
212378,212378
212379,212379
212380,212380
212381,212381
212382,212382
212383,212383
212384,212384
212385,212385
212386,212386
212387,212387
212388,212388
212389,212389
212390,212390
212391,212391
212392,212392
212393,212393
212394,212394
212396,212396
212397,212397
212398,212398
212400,212400
212402,212402
212403,212403
212404,212404
212405,212405
212406,212406
212407,212407
212409,212409
212410,212410
301002,301002
301003,301003
301004,301004
301005,301005
301006,301006
301007,301007
301008,301008
301009,301009
301010,301010
301011,301011
301012,301012
301013,301013
301014,301014
301015,301015
301016,301016
301017,301017
301018,301018
301020,301020
301021,301021
301022,301022
301023,301023
301024,301024
301025,301025
301026,301026
301027,301027
301028,301028
301030,301030
301031,301031
301032,301032
301033,301033
301034,301034
301035,301035
301036,301036
301037,301037
301038,301038
301039,301039
301040,301040
301041,301041
301042,301042
301043,301043
301044,301044
301045,301045
301046,301046
301047,301047
301048,301048
301049,301049
301050,301050
301051,301051
301052,301052
301053,301053
301054,301054
301055,301055
301056,301056
301057,301057
301058,301058
301059,301059
301060,301060
301061,301061
301062,301062
301064,301064
301065,301065
301066,301066
301067,301067
301068,301068
301069,301069
301070,301070
301071,301071
301072,301072
301073,301073
301074,301074
301075,301075
301076,301076
301077,301077
301078,301078
301079,301079
301081,301081
301082,301082
301083,301083
301084,301084
301085,301085
301086,301086
301087,301087
301088,301088
301089,301089
301090,301090
301091,301091
301092,301092
301093,301093
301094,301094
301095,301095
301096,301096
301097,301097
301098,301098
301099,301099
301100,301100
301101,301101
301102,301102
301103,301103
301104,301104
301105,301105
301106,301106
301107,301107
301108,301108
301109,301109
301110,301110
301111,301111
301112,301112
301113,301113
301114,301114
301115,301115
301116,301116
301117,301117
301118,301118
301119,301119
301120,301120
301121,301121
301122,301122
301123,301123
301124,301124
301125,301125
301126,301126
301127,301127
301128,301128
301129,301129
301130,301130
301131,301131
301132,301132
301133,301133
301134,301134
301135,301135
301136,301136
301137,301137
301138,301138
301139,301139
301140,301140
301141,301141
301142,301142
301143,301143
301144,301144
301145,301145
301146,301146
301147,301147
301148,301148
301150,301150
301151,301151
301152,301152
301153,301153
301154,301154
301155,301155
301156,301156
301157,301157
301158,301158
301159,301159
301160,301160
301161,301161
301162,301162
301163,301163
301164,301164
301165,301165
301166,301166
301167,301167
301168,301168
301169,301169
301170,301170
301171,301171
301172,301172
301173,301173
301174,301174
301175,301175
301176,301176
301177,301177
301178,301178
301179,301179
301180,301180
301181,301181
301182,301182
301183,301183
301184,301184
301185,301185
301186,301186
301187,301187
301188,301188
301189,301189
301190,301190
301191,301191
301192,301192
301193,301193
301194,301194
301195,301195
301196,301196
301197,301197
301198,301198
301199,301199
301200,301200
301201,301201
301202,301202
301203,301203
301205,301205
301206,301206
301207,301207
301208,301208
301210,301210
301211,301211
301212,301212
301213,301213
301214,301214
301215,301215
301216,301216
301217,301217
301218,301218
301219,301219
301220,301220
301221,301221
301222,301222
301223,301223
301224,301224
301225,301225
301226,301226
301227,301227
301228,301228
301229,301229
301230,301230
301231,301231
301232,301232
301233,301233
301234,301234
301235,301235
301236,301236
301237,301237
301238,301238
301239,301239
301240,301240
301241,301241
301242,301242
301243,301243
301244,301244
301245,301245
301246,301246
301247,301247
301248,301248
301249,301249
301250,301250
301251,301251
301252,301252
301253,301253
301254,301254
301255,301255
301256,301256
301257,301257
301258,301258
301260,301260
301261,301261
301262,301262
301263,301263
301264,301264
301265,301265
301267,301267
301268,301268
301269,301269
301270,301270
301271,301271
301272,301272
301273,301273
301274,301274
301275,301275
301276,301276
301277,301277
301278,301278
301279,301279
301280,301280
302001,302001
302002,302002
302003,302003
302004,302004
302005,302005
302006,302006
302007,302007
302008,302008
302009,302009
302010,302010
302011,302011
302013,302013
302014,302014
302015,302015
302016,302016
302017,302017
302019,302019
302020,302020
302021,302021
302022,302022
302023,302023
302024,302024
302025,302025
302026,302026
302027,302027
302028,302028
302029,302029
302030,302030
302031,302031
302032,302032
302033,302033
302034,302034
302035,302035
302036,302036
302037,302037
302038,302038
302039,302039
302040,302040
302041,302041
302042,302042
302043,302043
302044,302044
302045,302045
302046,302046
302047,302047
302049,302049
302050,302050
302051,302051
302052,302052
302053,302053
302054,302054
302055,302055
302056,302056
302057,302057
302058,302058
302059,302059
302060,302060
302061,302061
302062,302062
302063,302063
302065,302065
302066,302066
302067,302067
302068,302068
302069,302069
302070,302070
302071,302071
302072,302072
302073,302073
302075,302075
302076,302076
302077,302077
302078,302078
302079,302079
302080,302080
302081,302081
302082,302082
302083,302083
302084,302084
302085,302085
302086,302086
302087,302087
302088,302088
302089,302089
302090,302090
302091,302091
302092,302092
302093,302093
302094,302094
302095,302095
302096,302096
302097,302097
302098,302098
302099,302099
302100,302100
302101,302101
302102,302102
302103,302103
302104,302104
302105,302105
302106,302106
302107,302107
302109,302109
302110,302110
302111,302111
302112,302112
302113,302113
302114,302114
302115,302115
302116,302116
302117,302117
302118,302118
302119,302119
302120,302120
302121,302121
302122,302122
302123,302123
302124,302124
302126,302126
302127,302127
302128,302128
302129,302129
302130,302130
302131,302131
302132,302132
302133,302133
302135,302135
302136,302136
302137,302137
302138,302138
302139,302139
302140,302140
302141,302141
302142,302142
302143,302143
302144,302144
302145,302145
302146,302146
302147,302147
302148,302148
302149,302149
302150,302150
302151,302151
302152,302152
302154,302154
302155,302155
302156,302156
302157,302157
302158,302158
302159,302159
302160,302160
302161,302161
302162,302162
302163,302163
302164,302164
302165,302165
302166,302166
302167,302167
302168,302168
302169,302169
302170,302170
302171,302171
302172,302172
302173,302173
302174,302174
302175,302175
302176,302176
302177,302177
302178,302178
302179,302179
302180,302180
302181,302181
302182,302182
302183,302183
302184,302184
302185,302185
302186,302186
302187,302187
302188,302188
302189,302189
302190,302190
302191,302191
302192,302192
302193,302193
302194,302194
302195,302195
302196,302196
302197,302197
302198,302198
302199,302199
302200,302200
302201,302201
302202,302202
302203,302203
302204,302204
302205,302205
302206,302206
302207,302207
302208,302208
302209,302209
302210,302210
302211,302211
302212,302212
302213,302213
302214,302214
302215,302215
302216,302216
302217,302217
302218,302218
302219,302219
302220,302220
302221,302221
302222,302222
302223,302223
302224,302224
302225,302225
302226,302226
302229,302229
302230,302230
302231,302231
302232,302232
302233,302233
302234,302234
302235,302235
302237,302237
302238,302238
302240,302240
302241,302241
302242,302242
302243,302243
302244,302244
302245,302245
302246,302246
302247,302247
302248,302248
302249,302249
302250,302250
302251,302251
302252,302252
302253,302253
302254,302254
302255,302255
302256,302256
302257,302257
302258,302258
302259,302259
302260,302260
302261,302261
302262,302262
302263,302263
302264,302264
302265,302265
302266,302266
302267,302267
302268,302268
302269,302269
302270,302270
302271,302271
302272,302272
302273,302273
302274,302274
302275,302275
9203201,9203201
9203202,9203202
9203203,9203203
9203206,9203206
9203207,9203207
9203208,9203208
9203209,9203209
9203210,9203210
9203211,9203211
9203212,9203212
9203213,9203213
9203215,9203215
9203216,9203216
9203217,9203217
9203219,9203219
9203220,9203220
9203221,9203221
9203222,9203222
9203223,9203223
9203224,9203224
9203225,9203225
9204201,9204201
9204202,9204202
9204203,9204203
9204204,9204204
9204205,9204205
9204206,9204206
9204207,9204207
9204208,9204208
9204210,9204210
9204211,9204211
9204212,9204212
9204213,9204213
9204214,9204214
9204215,9204215
9204216,9204216
9204217,9204217
9204219,9204219
9204220,9204220
9204222,9204222
9204223,9204223
9204224,9204224
9204225,9204225
9204226,9204226
9204227,9204227
9204228,9204228
9204229,9204229
9204231,9204231
9204232,9204232
9204234,9204234
9204235,9204235
9204236,9204236
9204237,9204237
9204238,9204238
9204239,9204239
9205201,9205201
9205202,9205202
9205203,9205203
9205204,9205204
9205205,9205205
9205207,9205207
9205208,9205208
9205209,9205209
9205210,9205210
9205212,9205212
9205213,9205213
9205214,9205214
9205215,9205215
9205217,9205217
9205218,9205218
9205220,9205220
9205221,9205221
9205222,9205222
9205224,9205224
9205226,9205226
9205227,9205227
9205228,9205228
9205229,9205229
9205230,9205230
9205231,9205231
9205232,9205232
9205233,9205233
9205234,9205234
9205235,9205235
9205236,9205236
9205237,9205237
9205238,9205238
9205240,9205240
9205241,9205241
9205242,9205242
9205243,9205243
9205245,9205245
9205246,9205246
9205247,9205247
9206201,9206201
9206202,9206202
9206203,9206203
9206204,9206204
9206205,9206205
9206206,9206206
9206208,9206208
9206209,9206209
9206212,9206212
9206213,9206213
9206214,9206214
9206216,9206216
9206217,9206217
9206218,9206218
9206219,9206219
9206221,9206221
9206222,9206222
9206225,9206225
9206226,9206226
9206227,9206227
9206228,9206228
9206229,9206229
9206230,9206230
9206232,9206232
9206233,9206233
9206234,9206234
9206235,9206235
9206236,9206236
9206238,9206238
9206239,9206239
9206240,9206240
9206241,9206241
9206242,9206242
9206243,9206243
9206244,9206244
9206246,9206246
9206247,9206247
9206248,9206248
9206249,9206249
9206251,9206251
9206252,9206252
9206254,9206254
9206255,9206255
9206257,9206257
9206261,9206261
9206262,9206262
9206263,9206263
9206265,9206265
9206266,9206266
9207201,9207201
9207203,9207203
9207204,9207204
9207205,9207205
9207207,9207207
9207208,9207208
9207209,9207209
9207210,9207210
9207211,9207211
9207212,9207212
9207213,9207213
9207214,9207214
9207216,9207216
9207217,9207217
9207218,9207218
9207219,9207219
9207221,9207221
9207222,9207222
9207223,9207223
9207224,9207224
9207225,9207225
9207226,9207226
9207227,9207227
9207228,9207228
9207230,9207230
9207231,9207231
9207232,9207232
9207233,9207233
9207234,9207234
9207235,9207235
9207236,9207236
9207237,9207237
9207238,9207238
9207239,9207239
9207240,9207240
9207241,9207241
9207242,9207242
9207243,9207243
9207244,9207244
9207245,9207245
9207246,9207246
9207247,9207247
9207248,9207248
9207249,9207249
9207251,9207251
9207252,9207252
9207253,9207253
9207256,9207256
9207257,9207257
9207258,9207258
9207259,9207259
9207260,9207260
9207261,9207261
9207262,9207262
9207264,9207264
9207265,9207265
9207266,9207266
9207267,9207267
9207268,9207268
9207269,9207269
9207270,9207270
9207271,9207271
9207273,9207273
9207274,9207274
9207275,9207275
9207276,9207276
9207278,9207278
9207279,9207279
9208201,9208201
9208202,9208202
9208204,9208204
9208205,9208205
9208206,9208206
9208207,9208207
9208208,9208208
9208209,9208209
9208210,9208210
9208211,9208211
9208212,9208212
9208213,9208213
9208214,9208214
9208215,9208215
9208216,9208216
9208217,9208217
9208220,9208220
9208221,9208221
9208224,9208224
9208227,9208227
9208228,9208228
9208229,9208229
9208230,9208230
9208231,9208231
9208232,9208232
9208233,9208233
9208235,9208235
9208236,9208236
9208238,9208238
9208239,9208239
9208240,9208240
9208241,9208241
9208242,9208242
9208243,9208243
9208244,9208244
9208245,9208245
9208247,9208247
9208248,9208248
9208249,9208249
9208251,9208251
9208253,9208253
9208254,9208254
9208255,9208255
9208256,9208256
9208257,9208257
9208259,9208259
9208260,9208260
9208261,9208261
9208262,9208262
9209203,9209203
9209204,9209204
9209205,9209205
9209206,9209206
9209207,9209207
9209208,9209208
9209210,9209210
9209212,9209212
9209213,9209213
9209215,9209215
9209216,9209216
9209218,9209218
9209219,9209219
9209220,9209220
9209221,9209221
9209223,9209223
9209224,9209224
9209227,9209227
9209230,9209230
9209231,9209231
9209232,9209232
9209233,9209233
9209235,9209235
9209236,9209236
9209238,9209238
9209239,9209239
9209240,9209240
9209241,9209241
9209242,9209242
9209244,9209244
9209245,9209245
9209246,9209246
9209247,9209247
9209248,9209248
9209250,9209250
9209251,9209251
9209252,9209252
9209253,9209253
9209255,9209255
9209256,9209256
9209257,9209257
9209258,9209258
9209259,9209259
9209260,9209260
9209261,9209261
9209262,9209262
9209263,9209263
9209264,9209264
9209265,9209265
9209266,9209266
9209268,9209268
9209269,9209269
9209270,9209270
9209271,9209271
9209272,9209272
9209273,9209273
9209274,9209274
9209275,9209275
9209276,9209276
9209277,9209277
9209278,9209278
9209279,9209279
9209281,9209281
9209282,9209282
9209284,9209284
9209285,9209285
9209286,9209286
9209287,9209287
9209288,9209288
9209289,9209289
9209290,9209290
9209291,9209291
9209292,9209292
9209293,9209293
9209294,9209294
9209295,9209295
9209296,9209296
9209299,9209299
9210202,9210202
9210205,9210205
9210206,9210206
9210207,9210207
9210208,9210208
9210209,9210209
9210210,9210210
9210211,9210211
9210212,9210212
9210213,9210213
9210214,9210214
9210215,9210215
9210218,9210218
9210219,9210219
9210221,9210221
9210223,9210223
9210224,9210224
9210227,9210227
9210228,9210228
9210229,9210229
9210231,9210231
9210232,9210232
9210233,9210233
9210235,9210235
9210237,9210237
9210238,9210238
9210239,9210239
9210240,9210240
9210241,9210241
9210242,9210242
9210243,9210243
9210244,9210244
9210245,9210245
9210249,9210249
9210251,9210251
9210253,9210253
9210255,9210255
9210256,9210256
9210257,9210257
9210258,9210258
9210259,9210259
9210260,9210260
9210262,9210262
9210264,9210264
9210265,9210265
9210266,9210266
9210267,9210267
9210270,9210270
9210271,9210271
9210272,9210272
9210274,9210274
9210275,9210275
9210276,9210276
9210277,9210277
9210278,9210278
9210279,9210279
9210280,9210280
9210281,9210281
9211201,9211201
9211202,9211202
9211204,9211204
9211205,9211205
9211206,9211206
9211207,9211207
9211209,9211209
9211211,9211211
9211213,9211213
9211214,9211214
9211215,9211215
9211216,9211216
9211218,9211218
9211219,9211219
9211221,9211221
9211222,9211222
9211223,9211223
9211224,9211224
9211225,9211225
9211226,9211226
9211227,9211227
9211228,9211228
9211230,9211230
9211231,9211231
9211232,9211232
9211234,9211234
9211236,9211236
9211237,9211237
9211238,9211238
9211239,9211239
9211240,9211240
9211241,9211241
9211242,9211242
9211243,9211243
9211244,9211244
9211246,9211246
9211247,9211247
9211248,9211248
9211249,9211249
9211250,9211250
9211251,9211251
9211252,9211252
9211253,9211253
9211254,9211254
9211255,9211255
9211256,9211256
9211257,9211257
9211258,9211258
9211260,9211260
9211261,9211261
9211262,9211262
9211263,9211263
9211264,9211264
9211265,9211265
9211266,9211266
9211267,9211267
9211268,9211268
9211269,9211269
9211272,9211272
9211274,9211274
9211275,9211275
9211276,9211276
9211279,9211279
9211281,9211281
9211282,9211282
9211284,9211284
9211285,9211285
9211286,9211286
9211288,9211288
9211289,9211289
9211292,9211292
9211293,9211293
9211295,9211295
9211296,9211296
9211301,9211301
9211302,9211302
9211303,9211303
9211304,9211304
9211305,9211305
9211307,9211307
9211309,9211309
9211310,9211310
9211311,9211311
9211312,9211312
9211314,9211314
9211319,9211319
9211320,9211320
9211321,9211321
9211322,9211322
9211325,9211325
9211327,9211327
9211328,9211328
9211329,9211329
9211330,9211330
9211331,9211331
9211332,9211332
9211333,9211333
9211334,9211334
9212203,9212203
9212204,9212204
9212205,9212205
9212206,9212206
9212208,9212208
9212209,9212209
9212210,9212210
9212211,9212211
9212212,9212212
9212214,9212214
9212215,9212215
9212216,9212216
9212218,9212218
9212219,9212219
9212220,9212220
9212221,9212221
9212223,9212223
9212224,9212224
9212225,9212225
9212226,9212226
9212227,9212227
9212228,9212228
9212229,9212229
9212230,9212230
9212231,9212231
9212233,9212233
9212234,9212234
9212235,9212235
9212236,9212236
9212239,9212239
9212241,9212241
9212243,9212243
9212245,9212245
9212246,9212246
9212247,9212247
9212248,9212248
9212250,9212250
9212251,9212251
9212252,9212252
9212253,9212253
9212254,9212254
9212255,9212255
9212256,9212256
9212257,9212257
9212259,9212259
9212264,9212264
9212265,9212265
9212266,9212266
9212267,9212267
9212268,9212268
9212269,9212269
9212271,9212271
9212273,9212273
9212275,9212275
9212276,9212276
9212277,9212277
9212278,9212278
9212279,9212279
9212280,9212280
9212282,9212282
9212284,9212284
9212285,9212285
9212286,9212286
9212287,9212287
9212288,9212288
9212289,9212289
9212292,9212292
9212293,9212293
9212295,9212295
9212296,9212296
9212297,9212297
9212298,9212298
9212299,9212299
9212300,9212300
9212301,9212301
9212304,9212304
9212305,9212305
9212307,9212307
9212308,9212308
9212309,9212309
9212310,9212310
9212311,9212311
9212312,9212312
9212313,9212313
9212315,9212315
9212316,9212316
9212317,9212317
9212318,9212318
9301201,9301201
9301202,9301202
9301203,9301203
9301204,9301204
9301205,9301205
9301206,9301206
9301208,9301208
9301210,9301210
9301211,9301211
9301212,9301212
9301213,9301213
9301214,9301214
9301215,9301215
9301216,9301216
9301217,9301217
9301218,9301218
9301219,9301219
9301220,9301220
9301221,9301221
9301222,9301222
9301223,9301223
9301225,9301225
9301226,9301226
9301227,9301227
9301228,9301228
9301229,9301229
9301230,9301230
9301231,9301231
9301232,9301232
9301233,9301233
9301235,9301235
9301236,9301236
9301237,9301237
9301238,9301238
9301239,9301239
9301240,9301240
9301241,9301241
9301242,9301242
9301244,9301244
9301245,9301245
9301247,9301247
9301249,9301249
9301250,9301250
9301251,9301251
9301252,9301252
9301253,9301253
9301254,9301254
9301255,9301255
9301256,9301256
9301257,9301257
9301258,9301258
9301259,9301259
9301261,9301261
9301262,9301262
9301263,9301263
9301264,9301264
9301265,9301265
9301266,9301266
9301267,9301267
9301268,9301268
9301270,9301270
9301271,9301271
9301272,9301272
9301273,9301273
9301274,9301274
9301275,9301275
9301276,9301276
9301277,9301277
9301278,9301278
9301279,9301279
9301280,9301280
9301281,9301281
9301283,9301283
9301284,9301284
9301285,9301285
9301286,9301286
9301287,9301287
9301288,9301288
9301289,9301289
9301290,9301290
9301291,9301291
9301292,9301292
9301293,9301293
9301295,9301295
9301296,9301296
9302201,9302201
9302202,9302202
9302203,9302203
9302205,9302205
9302206,9302206
9302207,9302207
9302208,9302208
9302209,9302209
9302210,9302210
9302211,9302211
9302212,9302212
9302213,9302213
9302214,9302214
9302215,9302215
9302217,9302217
9302218,9302218
9302219,9302219
9302220,9302220
9302221,9302221
9302222,9302222
9302223,9302223
9302224,9302224
9302225,9302225
9302226,9302226
9302227,9302227
9302228,9302228
9302230,9302230
9302231,9302231
9302232,9302232
9302233,9302233
9302234,9302234
9302235,9302235
9302236,9302236
9302237,9302237
9302238,9302238
9302239,9302239
9302240,9302240
9302241,9302241
9302242,9302242
9302244,9302244
9302245,9302245
9302246,9302246
9302247,9302247
9302248,9302248
9302249,9302249
9302250,9302250
9302253,9302253
9302254,9302254
9302255,9302255
9302256,9302256
9302257,9302257
9302258,9302258
9302259,9302259
9302261,9302261
9302264,9302264
9302265,9302265
9302266,9302266
9302267,9302267
9302268,9302268
9302269,9302269
9302270,9302270
9302271,9302271
9302272,9302272
9302274,9302274
9302275,9302275
9302276,9302276
9302277,9302277
9302279,9302279
9302280,9302280
9302281,9302281
9302282,9302282
9302283,9302283
9302284,9302284
9302286,9302286
9302287,9302287
9302288,9302288
9302289,9302289
9302290,9302290
9302291,9302291
9302292,9302292
9302293,9302293
9302294,9302294
9302295,9302295
9302296,9302296
9302297,9302297
9302298,9302298
9302299,9302299
9302300,9302300
9302301,9302301
9302302,9302302
9302303,9302303
9302304,9302304
9302306,9302306
9302307,9302307
9302308,9302308
9302309,9302309
9302310,9302310
9302311,9302311
9302312,9302312
9302313,9302313
9302314,9302314
9302315,9302315
9302316,9302316
9302317,9302317
9302318,9302318
9302319,9302319
9302320,9302320
9302321,9302321
9303201,9303201
9303202,9303202
9303203,9303203
9303204,9303204
9303205,9303205
9303207,9303207
9303208,9303208
9303209,9303209
9303210,9303210
9303212,9303212
9303215,9303215
9303216,9303216
9303217,9303217
9303219,9303219
9303220,9303220
9303221,9303221
9303222,9303222
9303224,9303224
9303225,9303225
9303226,9303226
9303227,9303227
9303228,9303228
9303230,9303230
9303231,9303231
9303232,9303232
9303233,9303233
9303234,9303234
9303235,9303235
9303236,9303236
9303237,9303237
9303238,9303238
9303239,9303239
9303240,9303240
9303241,9303241
9303242,9303242
9303243,9303243
9303245,9303245
9303247,9303247
9303248,9303248
9303249,9303249
9303250,9303250
9303251,9303251
9303254,9303254
9303255,9303255
9303256,9303256
9303257,9303257
9303258,9303258
9303259,9303259
9303261,9303261
9303262,9303262
9303263,9303263
9303264,9303264
9303266,9303266
9303268,9303268
9303269,9303269
9303270,9303270
9303271,9303271
9303272,9303272
9303273,9303273
9303274,9303274
9303275,9303275
9303276,9303276
9303277,9303277
9303279,9303279
9303280,9303280
9303281,9303281
9303282,9303282
9303284,9303284
9303285,9303285
9303286,9303286
9303287,9303287
9303288,9303288
9303289,9303289
9303290,9303290
9303291,9303291
9303293,9303293
9303294,9303294
9303296,9303296
9303297,9303297
9303298,9303298
9303299,9303299
9303300,9303300
9303301,9303301
9303302,9303302
9303303,9303303
9303304,9303304
9303305,9303305
9303306,9303306
9303307,9303307
9303308,9303308
9303309,9303309
9303310,9303310
9303311,9303311
9303313,9303313
9303314,9303314
9303316,9303316
9303317,9303317
9303318,9303318
9303320,9303320
9303321,9303321
9303322,9303322
9303323,9303323
9303324,9303324
9304201,9304201
9304202,9304202
9304203,9304203
9304204,9304204
9304205,9304205
9304206,9304206
9304207,9304207
9304208,9304208
9304209,9304209
9304210,9304210
9304211,9304211
9304212,9304212
9304213,9304213
9304214,9304214
9304215,9304215
9304216,9304216
9304217,9304217
9304218,9304218
9304219,9304219
9304220,9304220
9304221,9304221
9304222,9304222
9304223,9304223
9304224,9304224
9304225,9304225
9304226,9304226
9304227,9304227
9304228,9304228
9304229,9304229
9304230,9304230
9304231,9304231
9304232,9304232
9304233,9304233
9304234,9304234
9304235,9304235
9304236,9304236
9304238,9304238
9304239,9304239
9304240,9304240
9304241,9304241
9304243,9304243
9304244,9304244
9304245,9304245
9304247,9304247
9304248,9304248
9304249,9304249
9304250,9304250
9304253,9304253
9304254,9304254
9304255,9304255
9304256,9304256
9304257,9304257
9304258,9304258
9304259,9304259
9304261,9304261
9304262,9304262
9304263,9304263
9304264,9304264
9304265,9304265
9304266,9304266
9304267,9304267
9304268,9304268
9304269,9304269
9304270,9304270
9304271,9304271
9304272,9304272
9304273,9304273
9304274,9304274
9304275,9304275
9304276,9304276
9304277,9304277
9304278,9304278
9304280,9304280
9304281,9304281
9304282,9304282
9304283,9304283
9304284,9304284
9304286,9304286
9304288,9304288
9304289,9304289
9304290,9304290
9304291,9304291
9304292,9304292
9304293,9304293
9304294,9304294
9304295,9304295
9304296,9304296
9304297,9304297
9304298,9304298
9304299,9304299
9304301,9304301
9304302,9304302
9304303,9304303
9304304,9304304
9304305,9304305
9304306,9304306
9304307,9304307
9304308,9304308
9304309,9304309
9304310,9304310
9304311,9304311
9304312,9304312
9304313,9304313
9304314,9304314
9304315,9304315
9304316,9304316
9304319,9304319
9304320,9304320
9304321,9304321
9305201,9305201
9305202,9305202
9305203,9305203
9305204,9305204
9305205,9305205
9305206,9305206
9305207,9305207
9305208,9305208
9305209,9305209
9305210,9305210
9305211,9305211
9305212,9305212
9305214,9305214
9305215,9305215
9305216,9305216
9305217,9305217
9305219,9305219
9305220,9305220
9305221,9305221
9305222,9305222
9305223,9305223
9305224,9305224
9305225,9305225
9305226,9305226
9305227,9305227
9305228,9305228
9305229,9305229
9305230,9305230
9305231,9305231
9305232,9305232
9305233,9305233
9305234,9305234
9305235,9305235
9305236,9305236
9305237,9305237
9305238,9305238
9305239,9305239
9305240,9305240
9305241,9305241
9305242,9305242
9305243,9305243
9305244,9305244
9305245,9305245
9305246,9305246
9305247,9305247
9305248,9305248
9305249,9305249
9305250,9305250
9305251,9305251
9305252,9305252
9305253,9305253
9305254,9305254
9305255,9305255
9305256,9305256
9305257,9305257
9305258,9305258
9305259,9305259
9305260,9305260
9305261,9305261
9305262,9305262
9305263,9305263
9305264,9305264
9305265,9305265
9305266,9305266
9305267,9305267
9305268,9305268
9305269,9305269
9305270,9305270
9305271,9305271
9305272,9305272
9305273,9305273
9305274,9305274
9305275,9305275
9305276,9305276
9305277,9305277
9305278,9305278
9305279,9305279
9305280,9305280
9305282,9305282
9305283,9305283
9305284,9305284
9305285,9305285
9305287,9305287
9305288,9305288
9305289,9305289
9305290,9305290
9305291,9305291
9305292,9305292
9305293,9305293
9305296,9305296
9305297,9305297
9305298,9305298
9305301,9305301
9305304,9305304
9305305,9305305
9305306,9305306
9305308,9305308
9305309,9305309
9305310,9305310
9305311,9305311
9305312,9305312
9305313,9305313
9305314,9305314
9305315,9305315
9305316,9305316
9305317,9305317
9305318,9305318
9305319,9305319
9305320,9305320
9305321,9305321
9305322,9305322
9305323,9305323
9305324,9305324
9305327,9305327
9305328,9305328
9305329,9305329
9305330,9305330
9305332,9305332
9305333,9305333
9305335,9305335
9305337,9305337
9305338,9305338
9305339,9305339
9305340,9305340
9305341,9305341
9305342,9305342
9305344,9305344
9305345,9305345
9305346,9305346
9305347,9305347
9305348,9305348
9305349,9305349
9306201,9306201
9306202,9306202
9306203,9306203
9306204,9306204
9306205,9306205
9306206,9306206
9306207,9306207
9306208,9306208
9306209,9306209
9306210,9306210
9306211,9306211
9306212,9306212
9306213,9306213
9306214,9306214
9306215,9306215
9306216,9306216
9306219,9306219
9306220,9306220
9306222,9306222
9306224,9306224
9306226,9306226
9306227,9306227
9306228,9306228
9306229,9306229
9306230,9306230
9306231,9306231
9306232,9306232
9306235,9306235
9306236,9306236
9306237,9306237
9306238,9306238
9306240,9306240
9306241,9306241
9306242,9306242
9306244,9306244
9306245,9306245
9306247,9306247
9306248,9306248
9306249,9306249
9306251,9306251
9306252,9306252
9306253,9306253
9306254,9306254
9306255,9306255
9306256,9306256
9306257,9306257
9306258,9306258
9306259,9306259
9306260,9306260
9306261,9306261
9306262,9306262
9306263,9306263
9306264,9306264
9306265,9306265
9306266,9306266
9306267,9306267
9306268,9306268
9306269,9306269
9306270,9306270
9306271,9306271
9306276,9306276
9306277,9306277
9306278,9306278
9306279,9306279
9306280,9306280
9306281,9306281
9306282,9306282
9306283,9306283
9306284,9306284
9306285,9306285
9306286,9306286
9306287,9306287
9306288,9306288
9306289,9306289
9306290,9306290
9306291,9306291
9306292,9306292
9306293,9306293
9306294,9306294
9306295,9306295
9306296,9306296
9306297,9306297
9306298,9306298
9306299,9306299
9306301,9306301
9306302,9306302
9306303,9306303
9306304,9306304
9306305,9306305
9306306,9306306
9306307,9306307
9306308,9306308
9306309,9306309
9306310,9306310
9306311,9306311
9306312,9306312
9306314,9306314
9306316,9306316
9306318,9306318
9306319,9306319
9306320,9306320
9306321,9306321
9306322,9306322
9306323,9306323
9306324,9306324
9306325,9306325
9306327,9306327
9306328,9306328
9306332,9306332
9306333,9306333
9306334,9306334
9306335,9306335
9306336,9306336
9306337,9306337
9307201,9307201
9307203,9307203
9307205,9307205
9307206,9307206
9307208,9307208
9307209,9307209
9307210,9307210
9307211,9307211
9307212,9307212
9307213,9307213
9307214,9307214
9307215,9307215
9307216,9307216
9307217,9307217
9307218,9307218
9307219,9307219
9307221,9307221
9307222,9307222
9307223,9307223
9307224,9307224
9307225,9307225
9307226,9307226
9307227,9307227
9307229,9307229
9307230,9307230
9307231,9307231
9307232,9307232
9307233,9307233
9307234,9307234
9307235,9307235
9307238,9307238
9307239,9307239
9307241,9307241
9307242,9307242
9307243,9307243
9307244,9307244
9307245,9307245
9307246,9307246
9307247,9307247
9307248,9307248
9307249,9307249
9307250,9307250
9307251,9307251
9307252,9307252
9307253,9307253
9307254,9307254
9307255,9307255
9307257,9307257
9307258,9307258
9307259,9307259
9307260,9307260
9307261,9307261
9307262,9307262
9307263,9307263
9307264,9307264
9307265,9307265
9307266,9307266
9307268,9307268
9307269,9307269
9307272,9307272
9307274,9307274
9307275,9307275
9307276,9307276
9307277,9307277
9307278,9307278
9307279,9307279
9307283,9307283
9307284,9307284
9307285,9307285
9307288,9307288
9307289,9307289
9307290,9307290
9307291,9307291
9307293,9307293
9307295,9307295
9307296,9307296
9307297,9307297
9307298,9307298
9307299,9307299
9307301,9307301
9307302,9307302
9307303,9307303
9307305,9307305
9307307,9307307
9307308,9307308
9307309,9307309
9307310,9307310
9307311,9307311
9307312,9307312
9307313,9307313
9307315,9307315
9307316,9307316
9307317,9307317
9307318,9307318
9307320,9307320
9307322,9307322
9307323,9307323
9307324,9307324
9307325,9307325
9307326,9307326
9307327,9307327
9307328,9307328
9307329,9307329
9307330,9307330
9307331,9307331
9307332,9307332
9307333,9307333
9307335,9307335
9307336,9307336
9307337,9307337
9307339,9307339
9307340,9307340
9307342,9307342
9307343,9307343
9307344,9307344
9307345,9307345
9307346,9307346
9307347,9307347
9307349,9307349
9307353,9307353
9307354,9307354
9307356,9307356
9307357,9307357
9307358,9307358
9307359,9307359
9307360,9307360
9307361,9307361
9307362,9307362
9307363,9307363
9307364,9307364
9307365,9307365
9307366,9307366
9307367,9307367
9307368,9307368
9307369,9307369
9307371,9307371
9307372,9307372
9307373,9307373
9307377,9307377
9308201,9308201
9308202,9308202
9308203,9308203
9308204,9308204
9308205,9308205
9308206,9308206
9308207,9308207
9308208,9308208
9308209,9308209
9308210,9308210
9308211,9308211
9308212,9308212
9308214,9308214
9308215,9308215
9308216,9308216
9308217,9308217
9308219,9308219
9308222,9308222
9308223,9308223
9308225,9308225
9308226,9308226
9308227,9308227
9308228,9308228
9308229,9308229
9308231,9308231
9308232,9308232
9308233,9308233
9308234,9308234
9308235,9308235
9308236,9308236
9308237,9308237
9308238,9308238
9308239,9308239
9308240,9308240
9308241,9308241
9308243,9308243
9308244,9308244
9308245,9308245
9308246,9308246
9308247,9308247
9308248,9308248
9308250,9308250
9308251,9308251
9308252,9308252
9308253,9308253
9308254,9308254
9308256,9308256
9308257,9308257
9308258,9308258
9308259,9308259
9308260,9308260
9308261,9308261
9308262,9308262
9308263,9308263
9308264,9308264
9308265,9308265
9308266,9308266
9308267,9308267
9308268,9308268
9308269,9308269
9308270,9308270
9308271,9308271
9308272,9308272
9308273,9308273
9308274,9308274
9308275,9308275
9308276,9308276
9308277,9308277
9308278,9308278
9308279,9308279
9308280,9308280
9308281,9308281
9308283,9308283
9308284,9308284
9308285,9308285
9308287,9308287
9308288,9308288
9308289,9308289
9308290,9308290
9308292,9308292
9308293,9308293
9308294,9308294
9308295,9308295
9308296,9308296
9308297,9308297
9308298,9308298
9308299,9308299
9308301,9308301
9308304,9308304
9308305,9308305
9308306,9308306
9308307,9308307
9308308,9308308
9308309,9308309
9308310,9308310
9308312,9308312
9308313,9308313
9308314,9308314
9308315,9308315
9308316,9308316
9308317,9308317
9308318,9308318
9308319,9308319
9308320,9308320
9308321,9308321
9308322,9308322
9308323,9308323
9308324,9308324
9308325,9308325
9308326,9308326
9308327,9308327
9308328,9308328
9308329,9308329
9308330,9308330
9308331,9308331
9308333,9308333
9308334,9308334
9308335,9308335
9308336,9308336
9308337,9308337
9308338,9308338
9308339,9308339
9308340,9308340
9308341,9308341
9308342,9308342
9308343,9308343
9308344,9308344
9308345,9308345
9308346,9308346
9308347,9308347
9308348,9308348
9308349,9308349
9308350,9308350
9308351,9308351
9308352,9308352
9308353,9308353
9308354,9308354
9308355,9308355
9308357,9308357
9308358,9308358
9308359,9308359
9308361,9308361
9308362,9308362
9308363,9308363
9308364,9308364
9308365,9308365
9308366,9308366
9308367,9308367
9308368,9308368
9308369,9308369
9308370,9308370
9308371,9308371
9308372,9308372
9308374,9308374
9308377,9308377
9309201,9309201
9309202,9309202
9309203,9309203
9309204,9309204
9309205,9309205
9309206,9309206
9309207,9309207
9309208,9309208
9309209,9309209
9309210,9309210
9309211,9309211
9309213,9309213
9309214,9309214
9309215,9309215
9309216,9309216
9309217,9309217
9309218,9309218
9309219,9309219
9309220,9309220
9309221,9309221
9309222,9309222
9309223,9309223
9309225,9309225
9309226,9309226
9309228,9309228
9309229,9309229
9309230,9309230
9309231,9309231
9309232,9309232
9309233,9309233
9309234,9309234
9309235,9309235
9309236,9309236
9309239,9309239
9309240,9309240
9309241,9309241
9309242,9309242
9309243,9309243
9309245,9309245
9309246,9309246
9309247,9309247
9309248,9309248
9309249,9309249
9309250,9309250
9309251,9309251
9309252,9309252
9309253,9309253
9309254,9309254
9309255,9309255
9309257,9309257
9309258,9309258
9309259,9309259
9309260,9309260
9309261,9309261
9309262,9309262
9309263,9309263
9309264,9309264
9309265,9309265
9309266,9309266
9309268,9309268
9309269,9309269
9309270,9309270
9309271,9309271
9309272,9309272
9309273,9309273
9309275,9309275
9309276,9309276
9309277,9309277
9309278,9309278
9309279,9309279
9309280,9309280
9309281,9309281
9309282,9309282
9309283,9309283
9309284,9309284
9309285,9309285
9309286,9309286
9309287,9309287
9309288,9309288
9309289,9309289
9309290,9309290
9309291,9309291
9309292,9309292
9309293,9309293
9309294,9309294
9309295,9309295
9309296,9309296
9309297,9309297
9309298,9309298
9309299,9309299
9309300,9309300
9309301,9309301
9309303,9309303
9309304,9309304
9309306,9309306
9309307,9309307
9309308,9309308
9309309,9309309
9309310,9309310
9309311,9309311
9309312,9309312
9309313,9309313
9309314,9309314
9309315,9309315
9309316,9309316
9309317,9309317
9309318,9309318
9309319,9309319
9309320,9309320
9309321,9309321
9309322,9309322
9309323,9309323
9309324,9309324
9309325,9309325
9309326,9309326
9309327,9309327
9309328,9309328
9309329,9309329
9309330,9309330
9309331,9309331
9309332,9309332
9309333,9309333
9309334,9309334
9309335,9309335
9309336,9309336
9310201,9310201
9310202,9310202
9310203,9310203
9310204,9310204
9310205,9310205
9310206,9310206
9310207,9310207
9310208,9310208
9310209,9310209
9310210,9310210
9310211,9310211
9310212,9310212
9310213,9310213
9310214,9310214
9310215,9310215
9310216,9310216
9310217,9310217
9310218,9310218
9310219,9310219
9310220,9310220
9310222,9310222
9310225,9310225
9310226,9310226
9310227,9310227
9310228,9310228
9310229,9310229
9310230,9310230
9310231,9310231
9310232,9310232
9310233,9310233
9310234,9310234
9310236,9310236
9310237,9310237
9310238,9310238
9310240,9310240
9310241,9310241
9310242,9310242
9310243,9310243
9310244,9310244
9310245,9310245
9310246,9310246
9310247,9310247
9310248,9310248
9310249,9310249
9310250,9310250
9310251,9310251
9310252,9310252
9310253,9310253
9310254,9310254
9310255,9310255
9310256,9310256
9310257,9310257
9310260,9310260
9310261,9310261
9310262,9310262
9310263,9310263
9310264,9310264
9310265,9310265
9310266,9310266
9310267,9310267
9310268,9310268
9310269,9310269
9310270,9310270
9310272,9310272
9310273,9310273
9310274,9310274
9310275,9310275
9310276,9310276
9310277,9310277
9310278,9310278
9310279,9310279
9310280,9310280
9310281,9310281
9310282,9310282
9310285,9310285
9310286,9310286
9310287,9310287
9310288,9310288
9310289,9310289
9310290,9310290
9310291,9310291
9310292,9310292
9310293,9310293
9310294,9310294
9310295,9310295
9310297,9310297
9310298,9310298
9310299,9310299
9310300,9310300
9310301,9310301
9310302,9310302
9310303,9310303
9310304,9310304
9310305,9310305
9310306,9310306
9310307,9310307
9310308,9310308
9310309,9310309
9310310,9310310
9310311,9310311
9310312,9310312
9310313,9310313
9310314,9310314
9310316,9310316
9310318,9310318
9310319,9310319
9310320,9310320
9310321,9310321
9310323,9310323
9310324,9310324
9310325,9310325
9310326,9310326
9310327,9310327
9310328,9310328
9310329,9310329
9310330,9310330
9310331,9310331
9310332,9310332
9310333,9310333
9310334,9310334
9310335,9310335
9310336,9310336
9310337,9310337
9310338,9310338
9310339,9310339
9310340,9310340
9310341,9310341
9310342,9310342
9310343,9310343
9310344,9310344
9310345,9310345
9310346,9310346
9310348,9310348
9310349,9310349
9310350,9310350
9310352,9310352
9310353,9310353
9310354,9310354
9310355,9310355
9310356,9310356
9310357,9310357
9310358,9310358
9310359,9310359
9310360,9310360
9310361,9310361
9310362,9310362
9310363,9310363
9310364,9310364
9310365,9310365
9310366,9310366
9310367,9310367
9310368,9310368
9310369,9310369
9310370,9310370
9310371,9310371
9310372,9310372
9310374,9310374
9310375,9310375
9310376,9310376
9310378,9310378
9310379,9310379
9310380,9310380
9311201,9311201
9311202,9311202
9311203,9311203
9311204,9311204
9311205,9311205
9311206,9311206
9311207,9311207
9311208,9311208
9311209,9311209
9311212,9311212
9311213,9311213
9311214,9311214
9311215,9311215
9311216,9311216
9311217,9311217
9311218,9311218
9311219,9311219
9311222,9311222
9311223,9311223
9311224,9311224
9311225,9311225
9311226,9311226
9311227,9311227
9311228,9311228
9311230,9311230
9311231,9311231
9311232,9311232
9311233,9311233
9311234,9311234
9311235,9311235
9311236,9311236
9311237,9311237
9311238,9311238
9311239,9311239
9311240,9311240
9311241,9311241
9311242,9311242
9311243,9311243
9311244,9311244
9311245,9311245
9311246,9311246
9311247,9311247
9311248,9311248
9311249,9311249
9311250,9311250
9311251,9311251
9311252,9311252
9311254,9311254
9311255,9311255
9311256,9311256
9311257,9311257
9311258,9311258
9311259,9311259
9311260,9311260
9311261,9311261
9311262,9311262
9311263,9311263
9311264,9311264
9311265,9311265
9311267,9311267
9311268,9311268
9311269,9311269
9311272,9311272
9311274,9311274
9311275,9311275
9311276,9311276
9311277,9311277
9311278,9311278
9311279,9311279
9311280,9311280
9311281,9311281
9311282,9311282
9311284,9311284
9311285,9311285
9311286,9311286
9311287,9311287
9311288,9311288
9311290,9311290
9311291,9311291
9311293,9311293
9311294,9311294
9311295,9311295
9311296,9311296
9311297,9311297
9311298,9311298
9311299,9311299
9311300,9311300
9311301,9311301
9311302,9311302
9311303,9311303
9311304,9311304
9311306,9311306
9311307,9311307
9311308,9311308
9311309,9311309
9311310,9311310
9311312,9311312
9311313,9311313
9311314,9311314
9311315,9311315
9311316,9311316
9311317,9311317
9311318,9311318
9311319,9311319
9311320,9311320
9311321,9311321
9311322,9311322
9311323,9311323
9311324,9311324
9311325,9311325
9311326,9311326
9311327,9311327
9311329,9311329
9311330,9311330
9311331,9311331
9311332,9311332
9311333,9311333
9311334,9311334
9311335,9311335
9311336,9311336
9311337,9311337
9311338,9311338
9311339,9311339
9311340,9311340
9311341,9311341
9311342,9311342
9311343,9311343
9311344,9311344
9311345,9311345
9311346,9311346
9311348,9311348
9311349,9311349
9311350,9311350
9311351,9311351
9311352,9311352
9311353,9311353
9311354,9311354
9311356,9311356
9311357,9311357
9311358,9311358
9311359,9311359
9311360,9311360
9311362,9311362
9311363,9311363
9311364,9311364
9311365,9311365
9311366,9311366
9311367,9311367
9311368,9311368
9311369,9311369
9311370,9311370
9311371,9311371
9311372,9311372
9311374,9311374
9311375,9311375
9311376,9311376
9311377,9311377
9311378,9311378
9311379,9311379
9312201,9312201
9312202,9312202
9312203,9312203
9312204,9312204
9312205,9312205
9312206,9312206
9312207,9312207
9312208,9312208
9312209,9312209
9312210,9312210
9312211,9312211
9312212,9312212
9312213,9312213
9312214,9312214
9312215,9312215
9312217,9312217
9312218,9312218
9312219,9312219
9312220,9312220
9312221,9312221
9312222,9312222
9312223,9312223
9312224,9312224
9312225,9312225
9312226,9312226
9312227,9312227
9312228,9312228
9312229,9312229
9312230,9312230
9312231,9312231
9312232,9312232
9312233,9312233
9312234,9312234
9312235,9312235
9312237,9312237
9312238,9312238
9312239,9312239
9312241,9312241
9312242,9312242
9312243,9312243
9312244,9312244
9312245,9312245
9312247,9312247
9312248,9312248
9312249,9312249
9312250,9312250
9312251,9312251
9312252,9312252
9312253,9312253
9312254,9312254
9312255,9312255
9312257,9312257
9312258,9312258
9312260,9312260
9312261,9312261
9312262,9312262
9312263,9312263
9312264,9312264
9312265,9312265
9312266,9312266
9312267,9312267
9312268,9312268
9312269,9312269
9312270,9312270
9312271,9312271
9312272,9312272
9312274,9312274
9312276,9312276
9312277,9312277
9312278,9312278
9312279,9312279
9312280,9312280
9312281,9312281
9312282,9312282
9312283,9312283
9312284,9312284
9312285,9312285
9312286,9312286
9312287,9312287
9312289,9312289
9312290,9312290
9312291,9312291
9312293,9312293
9312296,9312296
9312297,9312297
9312298,9312298
9312300,9312300
9312301,9312301
9312302,9312302
9312303,9312303
9312304,9312304
9312305,9312305
9312306,9312306
9312307,9312307
9312308,9312308
9312310,9312310
9312311,9312311
9312312,9312312
9312314,9312314
9312315,9312315
9312316,9312316
9312317,9312317
9312318,9312318
9312319,9312319
9312320,9312320
9312321,9312321
9312322,9312322
9312323,9312323
9312324,9312324
9312325,9312325
9312326,9312326
9312327,9312327
9312328,9312328
9312329,9312329
9312330,9312330
9312331,9312331
9312332,9312332
9312333,9312333
9312336,9312336
9312337,9312337
9312338,9312338
9312339,9312339
9312340,9312340
9312341,9312341
9312343,9312343
9312344,9312344
9312346,9312346
9312347,9312347
9312348,9312348
9312349,9312349
9312350,9312350
9312352,9312352
9312353,9312353
9312354,9312354
9312355,9312355
9312357,9312357
9312358,9312358
9312359,9312359
9312360,9312360
9312361,9312361
9312362,9312362
9312363,9312363
9401201,9401201
9401202,9401202
9401203,9401203
9401204,9401204
9401205,9401205
9401206,9401206
9401207,9401207
9401208,9401208
9401209,9401209
9401210,9401210
9401211,9401211
9401212,9401212
9401214,9401214
9401215,9401215
9401216,9401216
9401217,9401217
9401218,9401218
9401219,9401219
9401220,9401220
9401221,9401221
9401222,9401222
9401223,9401223
9401224,9401224
9401225,9401225
9401226,9401226
9401227,9401227
9401228,9401228
9401230,9401230
9401231,9401231
9401232,9401232
9401233,9401233
9401234,9401234
9401236,9401236
9401237,9401237
9401238,9401238
9401239,9401239
9401240,9401240
9401241,9401241
9401242,9401242
9401243,9401243
9401244,9401244
9401245,9401245
9401246,9401246
9401247,9401247
9401248,9401248
9401249,9401249
9401250,9401250
9401252,9401252
9401254,9401254
9401255,9401255
9401256,9401256
9401257,9401257
9401258,9401258
9401259,9401259
9401260,9401260
9401261,9401261
9401262,9401262
9401263,9401263
9401264,9401264
9401265,9401265
9401266,9401266
9401267,9401267
9401268,9401268
9401269,9401269
9401270,9401270
9401271,9401271
9401272,9401272
9401273,9401273
9401274,9401274
9401275,9401275
9401276,9401276
9401277,9401277
9401278,9401278
9401280,9401280
9401281,9401281
9401282,9401282
9401283,9401283
9401284,9401284
9401285,9401285
9401286,9401286
9401287,9401287
9401288,9401288
9401289,9401289
9401290,9401290
9401291,9401291
9401292,9401292
9401293,9401293
9401294,9401294
9401295,9401295
9401296,9401296
9401297,9401297
9401298,9401298
9401299,9401299
9401301,9401301
9401302,9401302
9401303,9401303
9401304,9401304
9401305,9401305
9401306,9401306
9401307,9401307
9401308,9401308
9401309,9401309
9401310,9401310
9401311,9401311
9401312,9401312
9401313,9401313
9401314,9401314
9401315,9401315
9401316,9401316
9401317,9401317
9401318,9401318
9401319,9401319
9401320,9401320
9401323,9401323
9401324,9401324
9401325,9401325
9401326,9401326
9401327,9401327
9401328,9401328
9401329,9401329
9401330,9401330
9401331,9401331
9401332,9401332
9401333,9401333
9401334,9401334
9401335,9401335
9401337,9401337
9401338,9401338
9401339,9401339
9401340,9401340
9401341,9401341
9401342,9401342
9401343,9401343
9401344,9401344
9401345,9401345
9401346,9401346
9401347,9401347
9401348,9401348
9401349,9401349
9401351,9401351
9401352,9401352
9401353,9401353
9401354,9401354
9401355,9401355
9401356,9401356
9401357,9401357
9402201,9402201
9402202,9402202
9402203,9402203
9402204,9402204
9402205,9402205
9402206,9402206
9402207,9402207
9402208,9402208
9402209,9402209
9402210,9402210
9402211,9402211
9402212,9402212
9402213,9402213
9402214,9402214
9402215,9402215
9402216,9402216
9402217,9402217
9402218,9402218
9402219,9402219
9402220,9402220
9402221,9402221
9402222,9402222
9402223,9402223
9402224,9402224
9402225,9402225
9402226,9402226
9402227,9402227
9402228,9402228
9402229,9402229
9402230,9402230
9402231,9402231
9402232,9402232
9402233,9402233
9402235,9402235
9402236,9402236
9402237,9402237
9402238,9402238
9402240,9402240
9402241,9402241
9402242,9402242
9402243,9402243
9402244,9402244
9402245,9402245
9402246,9402246
9402247,9402247
9402248,9402248
9402250,9402250
9402251,9402251
9402252,9402252
9402253,9402253
9402254,9402254
9402255,9402255
9402256,9402256
9402257,9402257
9402258,9402258
9402259,9402259
9402261,9402261
9402263,9402263
9402265,9402265
9402266,9402266
9402267,9402267
9402268,9402268
9402269,9402269
9402270,9402270
9402271,9402271
9402272,9402272
9402273,9402273
9402274,9402274
9402275,9402275
9402276,9402276
9402277,9402277
9402278,9402278
9402279,9402279
9402280,9402280
9402282,9402282
9402283,9402283
9402284,9402284
9402285,9402285
9402286,9402286
9402287,9402287
9402288,9402288
9402289,9402289
9402290,9402290
9402291,9402291
9402292,9402292
9402293,9402293
9402294,9402294
9402295,9402295
9402296,9402296
9402297,9402297
9402298,9402298
9402299,9402299
9402300,9402300
9402302,9402302
9402303,9402303
9402304,9402304
9402305,9402305
9402306,9402306
9402308,9402308
9402309,9402309
9402310,9402310
9402311,9402311
9402312,9402312
9402313,9402313
9402314,9402314
9402315,9402315
9402317,9402317
9402318,9402318
9402319,9402319
9402320,9402320
9402321,9402321
9402323,9402323
9402324,9402324
9402325,9402325
9402326,9402326
9402327,9402327
9402330,9402330
9402331,9402331
9402332,9402332
9402333,9402333
9402334,9402334
9402335,9402335
9402337,9402337
9402338,9402338
9402339,9402339
9402340,9402340
9402341,9402341
9402342,9402342
9402343,9402343
9402344,9402344
9402345,9402345
9402346,9402346
9402347,9402347
9402348,9402348
9402349,9402349
9402350,9402350
9402351,9402351
9402352,9402352
9402353,9402353
9402354,9402354
9402355,9402355
9402356,9402356
9402357,9402357
9402358,9402358
9402359,9402359
9402360,9402360
9402361,9402361
9402362,9402362
9402363,9402363
9402364,9402364
9403201,9403201
9403202,9403202
9403203,9403203
9403204,9403204
9403205,9403205
9403206,9403206
9403207,9403207
9403208,9403208
9403209,9403209
9403211,9403211
9403212,9403212
9403213,9403213
9403214,9403214
9403215,9403215
9403216,9403216
9403217,9403217
9403218,9403218
9403219,9403219
9403220,9403220
9403221,9403221
9403222,9403222
9403223,9403223
9403224,9403224
9403225,9403225
9403226,9403226
9403227,9403227
9403228,9403228
9403229,9403229
9403230,9403230
9403231,9403231
9403232,9403232
9403233,9403233
9403234,9403234
9403235,9403235
9403236,9403236
9403237,9403237
9403238,9403238
9403239,9403239
9403240,9403240
9403241,9403241
9403242,9403242
9403243,9403243
9403244,9403244
9403245,9403245
9403246,9403246
9403247,9403247
9403248,9403248
9403249,9403249
9403250,9403250
9403251,9403251
9403252,9403252
9403253,9403253
9403254,9403254
9403255,9403255
9403256,9403256
9403257,9403257
9403258,9403258
9403259,9403259
9403260,9403260
9403261,9403261
9403262,9403262
9403263,9403263
9403264,9403264
9403265,9403265
9403266,9403266
9403267,9403267
9403268,9403268
9403269,9403269
9403270,9403270
9403271,9403271
9403273,9403273
9403274,9403274
9403275,9403275
9403276,9403276
9403277,9403277
9403278,9403278
9403279,9403279
9403281,9403281
9403282,9403282
9403283,9403283
9403284,9403284
9403285,9403285
9403286,9403286
9403287,9403287
9403288,9403288
9403290,9403290
9403291,9403291
9403292,9403292
9403293,9403293
9403294,9403294
9403295,9403295
9403296,9403296
9403297,9403297
9403298,9403298
9403299,9403299
9403300,9403300
9403301,9403301
9403302,9403302
9403303,9403303
9403304,9403304
9403305,9403305
9403306,9403306
9403307,9403307
9403308,9403308
9403309,9403309
9403310,9403310
9403311,9403311
9403312,9403312
9403313,9403313
9403314,9403314
9403315,9403315
9403316,9403316
9403317,9403317
9403318,9403318
9403319,9403319
9403320,9403320
9403322,9403322
9403323,9403323
9403324,9403324
9403325,9403325
9403326,9403326
9403328,9403328
9403329,9403329
9403330,9403330
9403331,9403331
9403332,9403332
9403335,9403335
9403337,9403337
9403338,9403338
9403339,9403339
9403340,9403340
9403341,9403341
9403342,9403342
9403343,9403343
9403345,9403345
9403346,9403346
9403347,9403347
9403348,9403348
9403349,9403349
9403350,9403350
9403351,9403351
9403352,9403352
9403353,9403353
9403354,9403354
9403355,9403355
9403356,9403356
9403357,9403357
9403358,9403358
9403359,9403359
9403361,9403361
9403362,9403362
9403363,9403363
9403364,9403364
9403365,9403365
9403366,9403366
9403368,9403368
9403369,9403369
9403370,9403370
9403371,9403371
9403372,9403372
9403373,9403373
9403374,9403374
9403375,9403375
9403376,9403376
9403377,9403377
9403378,9403378
9403379,9403379
9403380,9403380
9403381,9403381
9403382,9403382
9403383,9403383
9403384,9403384
9403385,9403385
9403386,9403386
9403387,9403387
9403388,9403388
9403389,9403389
9403390,9403390
9403391,9403391
9403392,9403392
9403393,9403393
9403394,9403394
9403395,9403395
9403396,9403396
9403397,9403397
9403398,9403398
9403400,9403400
9403401,9403401
9403403,9403403
9403404,9403404
9403405,9403405
9403406,9403406
9403407,9403407
9403409,9403409
9403410,9403410
9404201,9404201
9404202,9404202
9404203,9404203
9404204,9404204
9404206,9404206
9404207,9404207
9404208,9404208
9404209,9404209
9404210,9404210
9404211,9404211
9404212,9404212
9404213,9404213
9404214,9404214
9404215,9404215
9404216,9404216
9404217,9404217
9404218,9404218
9404219,9404219
9404220,9404220
9404221,9404221
9404222,9404222
9404224,9404224
9404225,9404225
9404226,9404226
9404227,9404227
9404228,9404228
9404230,9404230
9404231,9404231
9404232,9404232
9404233,9404233
9404234,9404234
9404235,9404235
9404236,9404236
9404237,9404237
9404238,9404238
9404239,9404239
9404240,9404240
9404241,9404241
9404242,9404242
9404243,9404243
9404244,9404244
9404246,9404246
9404247,9404247
9404248,9404248
9404249,9404249
9404250,9404250
9404251,9404251
9404252,9404252
9404253,9404253
9404254,9404254
9404255,9404255
9404256,9404256
9404257,9404257
9404259,9404259
9404260,9404260
9404261,9404261
9404262,9404262
9404263,9404263
9404264,9404264
9404265,9404265
9404266,9404266
9404267,9404267
9404268,9404268
9404269,9404269
9404270,9404270
9404271,9404271
9404272,9404272
9404273,9404273
9404274,9404274
9404275,9404275
9404276,9404276
9404277,9404277
9404278,9404278
9404279,9404279
9404280,9404280
9404281,9404281
9404282,9404282
9404283,9404283
9404284,9404284
9404285,9404285
9404286,9404286
9404287,9404287
9404289,9404289
9404290,9404290
9404292,9404292
9404293,9404293
9404294,9404294
9404295,9404295
9404296,9404296
9404297,9404297
9404298,9404298
9404299,9404299
9404300,9404300
9404301,9404301
9404302,9404302
9404303,9404303
9404304,9404304
9404305,9404305
9404306,9404306
9404307,9404307
9404308,9404308
9404309,9404309
9404310,9404310
9404311,9404311
9404312,9404312
9404313,9404313
9404314,9404314
9404315,9404315
9404316,9404316
9404317,9404317
9404318,9404318
9404319,9404319
9404320,9404320
9404321,9404321
9404322,9404322
9404323,9404323
9404324,9404324
9404325,9404325
9404326,9404326
9404327,9404327
9404328,9404328
9404329,9404329
9404330,9404330
9404331,9404331
9404332,9404332
9404333,9404333
9404334,9404334
9404335,9404335
9404336,9404336
9404337,9404337
9404338,9404338
9404339,9404339
9404340,9404340
9404341,9404341
9404342,9404342
9404343,9404343
9404344,9404344
9404345,9404345
9404346,9404346
9404347,9404347
9404348,9404348
9404349,9404349
9404350,9404350
9404351,9404351
9404352,9404352
9404353,9404353
9404354,9404354
9404355,9404355
9404356,9404356
9404357,9404357
9404358,9404358
9404359,9404359
9404360,9404360
9404361,9404361
9404362,9404362
9404363,9404363
9405201,9405201
9405202,9405202
9405203,9405203
9405204,9405204
9405205,9405205
9405206,9405206
9405207,9405207
9405208,9405208
9405209,9405209
9405210,9405210
9405211,9405211
9405212,9405212
9405213,9405213
9405214,9405214
9405215,9405215
9405216,9405216
9405217,9405217
9405218,9405218
9405219,9405219
9405220,9405220
9405221,9405221
9405222,9405222
9405223,9405223
9405224,9405224
9405225,9405225
9405226,9405226
9405227,9405227
9405228,9405228
9405231,9405231
9405232,9405232
9405233,9405233
9405234,9405234
9405235,9405235
9405236,9405236
9405237,9405237
9405238,9405238
9405239,9405239
9405240,9405240
9405241,9405241
9405242,9405242
9405243,9405243
9405244,9405244
9405245,9405245
9405246,9405246
9405247,9405247
9405248,9405248
9405249,9405249
9405250,9405250
9405251,9405251
9405252,9405252
9405253,9405253
9405254,9405254
9405255,9405255
9405256,9405256
9405257,9405257
9405258,9405258
9405259,9405259
9405260,9405260
9405261,9405261
9405262,9405262
9405263,9405263
9405264,9405264
9405265,9405265
9405266,9405266
9405267,9405267
9405268,9405268
9405269,9405269
9405270,9405270
9405271,9405271
9405272,9405272
9405273,9405273
9405274,9405274
9405275,9405275
9405277,9405277
9405278,9405278
9405279,9405279
9405280,9405280
9405281,9405281
9405282,9405282
9405283,9405283
9405284,9405284
9405285,9405285
9405286,9405286
9405287,9405287
9405288,9405288
9405289,9405289
9405290,9405290
9405291,9405291
9405292,9405292
9405293,9405293
9405294,9405294
9405295,9405295
9405296,9405296
9405297,9405297
9405298,9405298
9405299,9405299
9405300,9405300
9405301,9405301
9405303,9405303
9405304,9405304
9405305,9405305
9405306,9405306
9405307,9405307
9405308,9405308
9405309,9405309
9405310,9405310
9405311,9405311
9405312,9405312
9405313,9405313
9405314,9405314
9405315,9405315
9405317,9405317
9405318,9405318
9405319,9405319
9405320,9405320
9405321,9405321
9405322,9405322
9405323,9405323
9405324,9405324
9405325,9405325
9405326,9405326
9405327,9405327
9405328,9405328
9405329,9405329
9405330,9405330
9405331,9405331
9405332,9405332
9405333,9405333
9405334,9405334
9405335,9405335
9405336,9405336
9405337,9405337
9405338,9405338
9405339,9405339
9405340,9405340
9405341,9405341
9405342,9405342
9405343,9405343
9405344,9405344
9405345,9405345
9405346,9405346
9405347,9405347
9405348,9405348
9405349,9405349
9405350,9405350
9405351,9405351
9405352,9405352
9405353,9405353
9405354,9405354
9405355,9405355
9405356,9405356
9405357,9405357
9405358,9405358
9405359,9405359
9405360,9405360
9405363,9405363
9405364,9405364
9405365,9405365
9405366,9405366
9405367,9405367
9405368,9405368
9405369,9405369
9405370,9405370
9405371,9405371
9405372,9405372
9405373,9405373
9405374,9405374
9405375,9405375
9405376,9405376
9405377,9405377
9405378,9405378
9405380,9405380
9405382,9405382
9405384,9405384
9405385,9405385
9405386,9405386
9405387,9405387
9405388,9405388
9405389,9405389
9405390,9405390
9405391,9405391
9405392,9405392
9405393,9405393
9405394,9405394
9405395,9405395
9405396,9405396
9405397,9405397
9405398,9405398
9405399,9405399
9405400,9405400
9405401,9405401
9405402,9405402
9405403,9405403
9405404,9405404
9405405,9405405
9405406,9405406
9405407,9405407
9405408,9405408
9405409,9405409
9405410,9405410
9405412,9405412
9405413,9405413
9405414,9405414
9405415,9405415
9405416,9405416
9405417,9405417
9405418,9405418
9405419,9405419
9405420,9405420
9405421,9405421
9405422,9405422
9405423,9405423
9405424,9405424
9405425,9405425
9405426,9405426
9405427,9405427
9405428,9405428
9405429,9405429
9405431,9405431
9405432,9405432
9406201,9406201
9406202,9406202
9406203,9406203
9406204,9406204
9406205,9406205
9406206,9406206
9406207,9406207
9406208,9406208
9406209,9406209
9406210,9406210
9406211,9406211
9406212,9406212
9406213,9406213
9406214,9406214
9406215,9406215
9406216,9406216
9406217,9406217
9406218,9406218
9406220,9406220
9406221,9406221
9406222,9406222
9406223,9406223
9406224,9406224
9406225,9406225
9406226,9406226
9406227,9406227
9406228,9406228
9406229,9406229
9406231,9406231
9406232,9406232
9406233,9406233
9406234,9406234
9406235,9406235
9406236,9406236
9406237,9406237
9406238,9406238
9406239,9406239
9406240,9406240
9406241,9406241
9406242,9406242
9406243,9406243
9406244,9406244
9406245,9406245
9406246,9406246
9406247,9406247
9406248,9406248
9406249,9406249
9406250,9406250
9406251,9406251
9406252,9406252
9406253,9406253
9406254,9406254
9406255,9406255
9406256,9406256
9406257,9406257
9406258,9406258
9406259,9406259
9406260,9406260
9406262,9406262
9406263,9406263
9406264,9406264
9406265,9406265
9406266,9406266
9406267,9406267
9406268,9406268
9406269,9406269
9406270,9406270
9406271,9406271
9406272,9406272
9406273,9406273
9406274,9406274
9406275,9406275
9406276,9406276
9406277,9406277
9406279,9406279
9406280,9406280
9406281,9406281
9406282,9406282
9406283,9406283
9406284,9406284
9406285,9406285
9406286,9406286
9406287,9406287
9406288,9406288
9406289,9406289
9406290,9406290
9406292,9406292
9406294,9406294
9406295,9406295
9406296,9406296
9406297,9406297
9406298,9406298
9406299,9406299
9406300,9406300
9406301,9406301
9406302,9406302
9406303,9406303
9406304,9406304
9406305,9406305
9406306,9406306
9406307,9406307
9406308,9406308
9406309,9406309
9406310,9406310
9406311,9406311
9406312,9406312
9406313,9406313
9406314,9406314
9406315,9406315
9406316,9406316
9406317,9406317
9406318,9406318
9406319,9406319
9406320,9406320
9406321,9406321
9406322,9406322
9406323,9406323
9406324,9406324
9406325,9406325
9406326,9406326
9406327,9406327
9406328,9406328
9406329,9406329
9406330,9406330
9406331,9406331
9406332,9406332
9406333,9406333
9406334,9406334
9406336,9406336
9406337,9406337
9406338,9406338
9406339,9406339
9406340,9406340
9406341,9406341
9406342,9406342
9406343,9406343
9406344,9406344
9406345,9406345
9406346,9406346
9406347,9406347
9406348,9406348
9406349,9406349
9406350,9406350
9406351,9406351
9406353,9406353
9406354,9406354
9406355,9406355
9406356,9406356
9406357,9406357
9406358,9406358
9406359,9406359
9406360,9406360
9406361,9406361
9406362,9406362
9406363,9406363
9406364,9406364
9406365,9406365
9406366,9406366
9406367,9406367
9406368,9406368
9406369,9406369
9406371,9406371
9406372,9406372
9406373,9406373
9406374,9406374
9406375,9406375
9406376,9406376
9406377,9406377
9406378,9406378
9406379,9406379
9406380,9406380
9406381,9406381
9406382,9406382
9406383,9406383
9406384,9406384
9406385,9406385
9406386,9406386
9406387,9406387
9406388,9406388
9406389,9406389
9406390,9406390
9406391,9406391
9406392,9406392
9406393,9406393
9406394,9406394
9406395,9406395
9406396,9406396
9406397,9406397
9406399,9406399
9406400,9406400
9406401,9406401
9406402,9406402
9406403,9406403
9406404,9406404
9406405,9406405
9406406,9406406
9406407,9406407
9406408,9406408
9406409,9406409
9406410,9406410
9406411,9406411
9406413,9406413
9406414,9406414
9406415,9406415
9406416,9406416
9406417,9406417
9406419,9406419
9406420,9406420
9406421,9406421
9406422,9406422
9406423,9406423
9406424,9406424
9406425,9406425
9406426,9406426
9406427,9406427
9406428,9406428
9406429,9406429
9406430,9406430
9406431,9406431
9406432,9406432
9406433,9406433
9406434,9406434
9406435,9406435
9407201,9407201
9407202,9407202
9407203,9407203
9407204,9407204
9407205,9407205
9407206,9407206
9407207,9407207
9407208,9407208
9407209,9407209
9407210,9407210
9407211,9407211
9407212,9407212
9407213,9407213
9407214,9407214
9407215,9407215
9407216,9407216
9407217,9407217
9407219,9407219
9407220,9407220
9407223,9407223
9407224,9407224
9407225,9407225
9407226,9407226
9407227,9407227
9407228,9407228
9407229,9407229
9407230,9407230
9407231,9407231
9407232,9407232
9407233,9407233
9407234,9407234
9407235,9407235
9407236,9407236
9407238,9407238
9407239,9407239
9407240,9407240
9407241,9407241
9407242,9407242
9407243,9407243
9407244,9407244
9407246,9407246
9407247,9407247
9407248,9407248
9407249,9407249
9407250,9407250
9407251,9407251
9407252,9407252
9407254,9407254
9407255,9407255
9407256,9407256
9407257,9407257
9407258,9407258
9407259,9407259
9407260,9407260
9407261,9407261
9407262,9407262
9407263,9407263
9407264,9407264
9407265,9407265
9407266,9407266
9407267,9407267
9407268,9407268
9407269,9407269
9407271,9407271
9407272,9407272
9407273,9407273
9407274,9407274
9407275,9407275
9407276,9407276
9407277,9407277
9407278,9407278
9407281,9407281
9407282,9407282
9407283,9407283
9407284,9407284
9407285,9407285
9407286,9407286
9407287,9407287
9407288,9407288
9407289,9407289
9407290,9407290
9407291,9407291
9407292,9407292
9407293,9407293
9407294,9407294
9407295,9407295
9407296,9407296
9407297,9407297
9407298,9407298
9407299,9407299
9407300,9407300
9407301,9407301
9407303,9407303
9407304,9407304
9407305,9407305
9407306,9407306
9407307,9407307
9407308,9407308
9407309,9407309
9407310,9407310
9407311,9407311
9407312,9407312
9407313,9407313
9407314,9407314
9407315,9407315
9407316,9407316
9407317,9407317
9407318,9407318
9407319,9407319
9407320,9407320
9407321,9407321
9407322,9407322
9407323,9407323
9407324,9407324
9407325,9407325
9407326,9407326
9407327,9407327
9407328,9407328
9407329,9407329
9407330,9407330
9407331,9407331
9407332,9407332
9407333,9407333
9407334,9407334
9407335,9407335
9407336,9407336
9407337,9407337
9407338,9407338
9407339,9407339
9407340,9407340
9407341,9407341
9407342,9407342
9407343,9407343
9407344,9407344
9407346,9407346
9407347,9407347
9407348,9407348
9407349,9407349
9407350,9407350
9407351,9407351
9407352,9407352
9407353,9407353
9407354,9407354
9407355,9407355
9407356,9407356
9407357,9407357
9407358,9407358
9407359,9407359
9407360,9407360
9407361,9407361
9407362,9407362
9407364,9407364
9407366,9407366
9407367,9407367
9407368,9407368
9407369,9407369
9407370,9407370
9407371,9407371
9407372,9407372
9407374,9407374
9407376,9407376
9407377,9407377
9407378,9407378
9407379,9407379
9407380,9407380
9407381,9407381
9407382,9407382
9407383,9407383
9407384,9407384
9407385,9407385
9407386,9407386
9407387,9407387
9407388,9407388
9407389,9407389
9407390,9407390
9407391,9407391
9407392,9407392
9407393,9407393
9407394,9407394
9407395,9407395
9407398,9407398
9407399,9407399
9407400,9407400
9407401,9407401
9407402,9407402
9407403,9407403
9407404,9407404
9407405,9407405
9407406,9407406
9407407,9407407
9407408,9407408
9407409,9407409
9408201,9408201
9408202,9408202
9408203,9408203
9408204,9408204
9408205,9408205
9408206,9408206
9408207,9408207
9408209,9408209
9408210,9408210
9408211,9408211
9408212,9408212
9408213,9408213
9408214,9408214
9408215,9408215
9408216,9408216
9408217,9408217
9408218,9408218
9408219,9408219
9408220,9408220
9408221,9408221
9408222,9408222
9408223,9408223
9408224,9408224
9408225,9408225
9408226,9408226
9408227,9408227
9408228,9408228
9408229,9408229
9408230,9408230
9408231,9408231
9408232,9408232
9408233,9408233
9408234,9408234
9408235,9408235
9408236,9408236
9408237,9408237
9408238,9408238
9408239,9408239
9408240,9408240
9408241,9408241
9408242,9408242
9408243,9408243
9408244,9408244
9408245,9408245
9408246,9408246
9408247,9408247
9408248,9408248
9408249,9408249
9408250,9408250
9408252,9408252
9408253,9408253
9408254,9408254
9408255,9408255
9408256,9408256
9408257,9408257
9408258,9408258
9408259,9408259
9408260,9408260
9408261,9408261
9408262,9408262
9408263,9408263
9408265,9408265
9408266,9408266
9408267,9408267
9408268,9408268
9408269,9408269
9408270,9408270
9408271,9408271
9408272,9408272
9408273,9408273
9408274,9408274
9408275,9408275
9408276,9408276
9408277,9408277
9408278,9408278
9408279,9408279
9408280,9408280
9408281,9408281
9408282,9408282
9408283,9408283
9408284,9408284
9408286,9408286
9408287,9408287
9408290,9408290
9408291,9408291
9408292,9408292
9408293,9408293
9408294,9408294
9408295,9408295
9408297,9408297
9408298,9408298
9408299,9408299
9408300,9408300
9408301,9408301
9408302,9408302
9408303,9408303
9408304,9408304
9408305,9408305
9408306,9408306
9408307,9408307
9408308,9408308
9408310,9408310
9408311,9408311
9408312,9408312
9408313,9408313
9408314,9408314
9408315,9408315
9408316,9408316
9408317,9408317
9408318,9408318
9408319,9408319
9408320,9408320
9408321,9408321
9408322,9408322
9408323,9408323
9408324,9408324
9408325,9408325
9408326,9408326
9408327,9408327
9408328,9408328
9408329,9408329
9408330,9408330
9408331,9408331
9408332,9408332
9408333,9408333
9408334,9408334
9408335,9408335
9408336,9408336
9408337,9408337
9408338,9408338
9408339,9408339
9408340,9408340
9408341,9408341
9408343,9408343
9408344,9408344
9408345,9408345
9408346,9408346
9408347,9408347
9408349,9408349
9408350,9408350
9408351,9408351
9408352,9408352
9408353,9408353
9408354,9408354
9408355,9408355
9408356,9408356
9408359,9408359
9408360,9408360
9408361,9408361
9408362,9408362
9408363,9408363
9408364,9408364
9408365,9408365
9408366,9408366
9408367,9408367
9408368,9408368
9408370,9408370
9408372,9408372
9408373,9408373
9408374,9408374
9408375,9408375
9408376,9408376
9408377,9408377
9408379,9408379
9408380,9408380
9408382,9408382
9408383,9408383
9408384,9408384
9408385,9408385
9408386,9408386
9408387,9408387
9408389,9408389
9408390,9408390
9408391,9408391
9408392,9408392
9408393,9408393
9408394,9408394
9408395,9408395
9408396,9408396
9408397,9408397
9408398,9408398
9408400,9408400
9408401,9408401
9408403,9408403
9408404,9408404
9408405,9408405
9408406,9408406
9408407,9408407
9409201,9409201
9409202,9409202
9409203,9409203
9409204,9409204
9409205,9409205
9409206,9409206
9409207,9409207
9409208,9409208
9409211,9409211
9409212,9409212
9409213,9409213
9409214,9409214
9409215,9409215
9409216,9409216
9409217,9409217
9409218,9409218
9409220,9409220
9409221,9409221
9409222,9409222
9409223,9409223
9409224,9409224
9409225,9409225
9409226,9409226
9409227,9409227
9409228,9409228
9409229,9409229
9409230,9409230
9409231,9409231
9409232,9409232
9409233,9409233
9409234,9409234
9409235,9409235
9409236,9409236
9409238,9409238
9409239,9409239
9409240,9409240
9409241,9409241
9409242,9409242
9409243,9409243
9409244,9409244
9409245,9409245
9409246,9409246
9409247,9409247
9409249,9409249
9409250,9409250
9409252,9409252
9409254,9409254
9409255,9409255
9409256,9409256
9409257,9409257
9409258,9409258
9409259,9409259
9409260,9409260
9409261,9409261
9409262,9409262
9409263,9409263
9409265,9409265
9409266,9409266
9409267,9409267
9409268,9409268
9409269,9409269
9409270,9409270
9409271,9409271
9409272,9409272
9409273,9409273
9409274,9409274
9409276,9409276
9409277,9409277
9409280,9409280
9409281,9409281
9409283,9409283
9409285,9409285
9409286,9409286
9409287,9409287
9409288,9409288
9409289,9409289
9409290,9409290
9409291,9409291
9409292,9409292
9409293,9409293
9409294,9409294
9409295,9409295
9409296,9409296
9409297,9409297
9409298,9409298
9409299,9409299
9409301,9409301
9409302,9409302
9409303,9409303
9409304,9409304
9409305,9409305
9409306,9409306
9409307,9409307
9409308,9409308
9409309,9409309
9409310,9409310
9409311,9409311
9409312,9409312
9409313,9409313
9409314,9409314
9409315,9409315
9409316,9409316
9409317,9409317
9409318,9409318
9409319,9409319
9409320,9409320
9409321,9409321
9409322,9409322
9409323,9409323
9409324,9409324
9409326,9409326
9409327,9409327
9409328,9409328
9409329,9409329
9409330,9409330
9409331,9409331
9409332,9409332
9409333,9409333
9409335,9409335
9409336,9409336
9409337,9409337
9409338,9409338
9409339,9409339
9409340,9409340
9409341,9409341
9409342,9409342
9409343,9409343
9409344,9409344
9409346,9409346
9409347,9409347
9409348,9409348
9409349,9409349
9409350,9409350
9409351,9409351
9409352,9409352
9409353,9409353
9409354,9409354
9409355,9409355
9409356,9409356
9409357,9409357
9409358,9409358
9409359,9409359
9409360,9409360
9409361,9409361
9409362,9409362
9409363,9409363
9409364,9409364
9409365,9409365
9409366,9409366
9409367,9409367
9409368,9409368
9409369,9409369
9409370,9409370
9409371,9409371
9409372,9409372
9409373,9409373
9409374,9409374
9409375,9409375
9409376,9409376
9409377,9409377
9409378,9409378
9409379,9409379
9409380,9409380
9409381,9409381
9409382,9409382
9409383,9409383
9409384,9409384
9409385,9409385
9409386,9409386
9409387,9409387
9409388,9409388
9409389,9409389
9409390,9409390
9409391,9409391
9409392,9409392
9409393,9409393
9409394,9409394
9409395,9409395
9409396,9409396
9409397,9409397
9409398,9409398
9409399,9409399
9409400,9409400
9409401,9409401
9409402,9409402
9409404,9409404
9409405,9409405
9409408,9409408
9409410,9409410
9409411,9409411
9409412,9409412
9409413,9409413
9409414,9409414
9409415,9409415
9409416,9409416
9409417,9409417
9409418,9409418
9409419,9409419
9409420,9409420
9409421,9409421
9409422,9409422
9409423,9409423
9409424,9409424
9409425,9409425
9409426,9409426
9409427,9409427
9409428,9409428
9409429,9409429
9409430,9409430
9409431,9409431
9409432,9409432
9409433,9409433
9409434,9409434
9409435,9409435
9409436,9409436
9409437,9409437
9409438,9409438
9409440,9409440
9409441,9409441
9409442,9409442
9409443,9409443
9409444,9409444
9409445,9409445
9409446,9409446
9409450,9409450
9409451,9409451
9409453,9409453
9409454,9409454
9409455,9409455
9409456,9409456
9409457,9409457
9409458,9409458
9409459,9409459
9409460,9409460
9409462,9409462
9409463,9409463
9409464,9409464
9410201,9410201
9410202,9410202
9410203,9410203
9410205,9410205
9410206,9410206
9410207,9410207
9410208,9410208
9410210,9410210
9410211,9410211
9410212,9410212
9410213,9410213
9410214,9410214
9410215,9410215
9410217,9410217
9410218,9410218
9410219,9410219
9410220,9410220
9410221,9410221
9410222,9410222
9410223,9410223
9410224,9410224
9410225,9410225
9410226,9410226
9410227,9410227
9410228,9410228
9410229,9410229
9410230,9410230
9410231,9410231
9410232,9410232
9410233,9410233
9410234,9410234
9410235,9410235
9410236,9410236
9410237,9410237
9410239,9410239
9410240,9410240
9410241,9410241
9410242,9410242
9410243,9410243
9410244,9410244
9410245,9410245
9410246,9410246
9410247,9410247
9410248,9410248
9410249,9410249
9410250,9410250
9410253,9410253
9410254,9410254
9410255,9410255
9410256,9410256
9410257,9410257
9410258,9410258
9410259,9410259
9410260,9410260
9410262,9410262
9410263,9410263
9410264,9410264
9410265,9410265
9410266,9410266
9410267,9410267
9410268,9410268
9410269,9410269
9410270,9410270
9410271,9410271
9410272,9410272
9410273,9410273
9410274,9410274
9410275,9410275
9410276,9410276
9410277,9410277
9410278,9410278
9410279,9410279
9410280,9410280
9410281,9410281
9410282,9410282
9410283,9410283
9410284,9410284
9410285,9410285
9410286,9410286
9410287,9410287
9410288,9410288
9410289,9410289
9410290,9410290
9410291,9410291
9410292,9410292
9410293,9410293
9410294,9410294
9410295,9410295
9410297,9410297
9410299,9410299
9410300,9410300
9410301,9410301
9410302,9410302
9410304,9410304
9410305,9410305
9410306,9410306
9410307,9410307
9410308,9410308
9410309,9410309
9410310,9410310
9410311,9410311
9410312,9410312
9410313,9410313
9410314,9410314
9410315,9410315
9410317,9410317
9410318,9410318
9410319,9410319
9410320,9410320
9410321,9410321
9410322,9410322
9410323,9410323
9410324,9410324
9410326,9410326
9410327,9410327
9410329,9410329
9410330,9410330
9410331,9410331
9410332,9410332
9410333,9410333
9410334,9410334
9410335,9410335
9410336,9410336
9410337,9410337
9410338,9410338
9410340,9410340
9410341,9410341
9410342,9410342
9410343,9410343
9410344,9410344
9410345,9410345
9410346,9410346
9410347,9410347
9410348,9410348
9410349,9410349
9410350,9410350
9410351,9410351
9410352,9410352
9410353,9410353
9410354,9410354
9410355,9410355
9410356,9410356
9410357,9410357
9410360,9410360
9410361,9410361
9410362,9410362
9410363,9410363
9410364,9410364
9410365,9410365
9410366,9410366
9410369,9410369
9410370,9410370
9410371,9410371
9410372,9410372
9410373,9410373
9410374,9410374
9410375,9410375
9410376,9410376
9410377,9410377
9410379,9410379
9410380,9410380
9410381,9410381
9410382,9410382
9410383,9410383
9410384,9410384
9410385,9410385
9410386,9410386
9410387,9410387
9410388,9410388
9410389,9410389
9410391,9410391
9410392,9410392
9410394,9410394
9410396,9410396
9410398,9410398
9410399,9410399
9410400,9410400
9410401,9410401
9410402,9410402
9410403,9410403
9410404,9410404
9410405,9410405
9410406,9410406
9410407,9410407
9410408,9410408
9410409,9410409
9410410,9410410
9410411,9410411
9410412,9410412
9410413,9410413
9410414,9410414
9410415,9410415
9411201,9411201
9411203,9411203
9411204,9411204
9411205,9411205
9411206,9411206
9411207,9411207
9411208,9411208
9411209,9411209
9411210,9411210
9411211,9411211
9411212,9411212
9411213,9411213
9411214,9411214
9411215,9411215
9411216,9411216
9411217,9411217
9411218,9411218
9411219,9411219
9411220,9411220
9411221,9411221
9411222,9411222
9411223,9411223
9411224,9411224
9411226,9411226
9411227,9411227
9411228,9411228
9411229,9411229
9411230,9411230
9411232,9411232
9411233,9411233
9411234,9411234
9411235,9411235
9411236,9411236
9411237,9411237
9411238,9411238
9411239,9411239
9411241,9411241
9411243,9411243
9411244,9411244
9411245,9411245
9411246,9411246
9411247,9411247
9411248,9411248
9411249,9411249
9411250,9411250
9411251,9411251
9411252,9411252
9411253,9411253
9411255,9411255
9411256,9411256
9411257,9411257
9411258,9411258
9411260,9411260
9411262,9411262
9411263,9411263
9411264,9411264
9411265,9411265
9411266,9411266
9411267,9411267
9411268,9411268
9411269,9411269
9411270,9411270
9411272,9411272
9411273,9411273
9411274,9411274
9411275,9411275
9411276,9411276
9411277,9411277
9411278,9411278
9411279,9411279
9411280,9411280
9411281,9411281
9411282,9411282
9411284,9411284
9411285,9411285
9411286,9411286
9411287,9411287
9411288,9411288
9411289,9411289
9411290,9411290
9411291,9411291
9411292,9411292
9411293,9411293
9411294,9411294
9411296,9411296
9411297,9411297
9411298,9411298
9411299,9411299
9411300,9411300
9411301,9411301
9411302,9411302
9411303,9411303
9411304,9411304
9411306,9411306
9411307,9411307
9411308,9411308
9411309,9411309
9411310,9411310
9411311,9411311
9411312,9411312
9411313,9411313
9411314,9411314
9411315,9411315
9411316,9411316
9411317,9411317
9411318,9411318
9411319,9411319
9411320,9411320
9411321,9411321
9411322,9411322
9411323,9411323
9411324,9411324
9411325,9411325
9411326,9411326
9411327,9411327
9411328,9411328
9411329,9411329
9411330,9411330
9411331,9411331
9411332,9411332
9411333,9411333
9411334,9411334
9411335,9411335
9411336,9411336
9411337,9411337
9411338,9411338
9411339,9411339
9411340,9411340
9411341,9411341
9411342,9411342
9411343,9411343
9411345,9411345
9411347,9411347
9411348,9411348
9411350,9411350
9411351,9411351
9411352,9411352
9411353,9411353
9411355,9411355
9411356,9411356
9411357,9411357
9411358,9411358
9411359,9411359
9411360,9411360
9411361,9411361
9411362,9411362
9411363,9411363
9411364,9411364
9411365,9411365
9411366,9411366
9411367,9411367
9411368,9411368
9411369,9411369
9411370,9411370
9411371,9411371
9411372,9411372
9411373,9411373
9411374,9411374
9411375,9411375
9411376,9411376
9411377,9411377
9411378,9411378
9411379,9411379
9411380,9411380
9411381,9411381
9411382,9411382
9411383,9411383
9411384,9411384
9411385,9411385
9411386,9411386
9411387,9411387
9411388,9411388
9411389,9411389
9411390,9411390
9411391,9411391
9411392,9411392
9411393,9411393
9411394,9411394
9411395,9411395
9411396,9411396
9411397,9411397
9411398,9411398
9411399,9411399
9411400,9411400
9411401,9411401
9411402,9411402
9411403,9411403
9411404,9411404
9411405,9411405
9411406,9411406
9411407,9411407
9411408,9411408
9411409,9411409
9411411,9411411
9411412,9411412
9411413,9411413
9411414,9411414
9411415,9411415
9411416,9411416
9411417,9411417
9411418,9411418
9411420,9411420
9411421,9411421
9411422,9411422
9411423,9411423
9411424,9411424
9411425,9411425
9411426,9411426
9411427,9411427
9411428,9411428
9411429,9411429
9411430,9411430
9411431,9411431
9411432,9411432
9411433,9411433
9411434,9411434
9411435,9411435
9411436,9411436
9411438,9411438
9411439,9411439
9411440,9411440
9411441,9411441
9411442,9411442
9411443,9411443
9411444,9411444
9411445,9411445
9412201,9412201
9412202,9412202
9412203,9412203
9412204,9412204
9412205,9412205
9412206,9412206
9412207,9412207
9412208,9412208
9412209,9412209
9412211,9412211
9412213,9412213
9412214,9412214
9412215,9412215
9412216,9412216
9412217,9412217
9412218,9412218
9412219,9412219
9412220,9412220
9412221,9412221
9412222,9412222
9412223,9412223
9412225,9412225
9412226,9412226
9412227,9412227
9412228,9412228
9412229,9412229
9412230,9412230
9412231,9412231
9412232,9412232
9412233,9412233
9412234,9412234
9412235,9412235
9412236,9412236
9412237,9412237
9412238,9412238
9412239,9412239
9412240,9412240
9412241,9412241
9412242,9412242
9412243,9412243
9412244,9412244
9412245,9412245
9412246,9412246
9412247,9412247
9412248,9412248
9412249,9412249
9412250,9412250
9412251,9412251
9412252,9412252
9412254,9412254
9412255,9412255
9412257,9412257
9412258,9412258
9412259,9412259
9412261,9412261
9412262,9412262
9412264,9412264
9412265,9412265
9412266,9412266
9412268,9412268
9412269,9412269
9412270,9412270
9412271,9412271
9412272,9412272
9412273,9412273
9412274,9412274
9412275,9412275
9412276,9412276
9412277,9412277
9412278,9412278
9412279,9412279
9412280,9412280
9412281,9412281
9412282,9412282
9412283,9412283
9412284,9412284
9412285,9412285
9412286,9412286
9412287,9412287
9412288,9412288
9412289,9412289
9412290,9412290
9412291,9412291
9412292,9412292
9412293,9412293
9412294,9412294
9412295,9412295
9412296,9412296
9412297,9412297
9412298,9412298
9412299,9412299
9412300,9412300
9412301,9412301
9412302,9412302
9412303,9412303
9412304,9412304
9412305,9412305
9412306,9412306
9412307,9412307
9412309,9412309
9412310,9412310
9412311,9412311
9412312,9412312
9412313,9412313
9412314,9412314
9412315,9412315
9412316,9412316
9412317,9412317
9412318,9412318
9412319,9412319
9412320,9412320
9412321,9412321
9412322,9412322
9412323,9412323
9412324,9412324
9412325,9412325
9412326,9412326
9412327,9412327
9412329,9412329
9412330,9412330
9412331,9412331
9412332,9412332
9412334,9412334
9412335,9412335
9412336,9412336
9412337,9412337
9412338,9412338
9412340,9412340
9412342,9412342
9412343,9412343
9412344,9412344
9412345,9412345
9412346,9412346
9412347,9412347
9412348,9412348
9412349,9412349
9412350,9412350
9412351,9412351
9412352,9412352
9412353,9412353
9412354,9412354
9412355,9412355
9412356,9412356
9412357,9412357
9412358,9412358
9412360,9412360
9412361,9412361
9412362,9412362
9412363,9412363
9412364,9412364
9412365,9412365
9412366,9412366
9412367,9412367
9412368,9412368
9412369,9412369
9412370,9412370
9412371,9412371
9412372,9412372
9412373,9412373
9412374,9412374
9412375,9412375
9412376,9412376
9412377,9412377
9412378,9412378
9412379,9412379
9412380,9412380
9412381,9412381
9412382,9412382
9412383,9412383
9412384,9412384
9412385,9412385
9412386,9412386
9412387,9412387
9412388,9412388
9412390,9412390
9412392,9412392
9412393,9412393
9412394,9412394
9412395,9412395
9412396,9412396
9412397,9412397
9412398,9412398
9412399,9412399
9501201,9501201
9501202,9501202
9501203,9501203
9501204,9501204
9501205,9501205
9501206,9501206
9501207,9501207
9501209,9501209
9501210,9501210
9501211,9501211
9501212,9501212
9501213,9501213
9501214,9501214
9501215,9501215
9501216,9501216
9501217,9501217
9501218,9501218
9501219,9501219
9501220,9501220
9501221,9501221
9501222,9501222
9501223,9501223
9501224,9501224
9501225,9501225
9501226,9501226
9501227,9501227
9501228,9501228
9501229,9501229
9501230,9501230
9501231,9501231
9501232,9501232
9501233,9501233
9501234,9501234
9501235,9501235
9501236,9501236
9501237,9501237
9501239,9501239
9501240,9501240
9501242,9501242
9501243,9501243
9501244,9501244
9501245,9501245
9501246,9501246
9501247,9501247
9501248,9501248
9501249,9501249
9501250,9501250
9501251,9501251
9501252,9501252
9501253,9501253
9501254,9501254
9501255,9501255
9501256,9501256
9501257,9501257
9501258,9501258
9501259,9501259
9501260,9501260
9501261,9501261
9501262,9501262
9501263,9501263
9501264,9501264
9501265,9501265
9501266,9501266
9501267,9501267
9501268,9501268
9501269,9501269
9501270,9501270
9501271,9501271
9501272,9501272
9501273,9501273
9501274,9501274
9501275,9501275
9501276,9501276
9501277,9501277
9501278,9501278
9501279,9501279
9501280,9501280
9501281,9501281
9501282,9501282
9501283,9501283
9501284,9501284
9501285,9501285
9501286,9501286
9501287,9501287
9501288,9501288
9501289,9501289
9501290,9501290
9501291,9501291
9501292,9501292
9501293,9501293
9501294,9501294
9501295,9501295
9501296,9501296
9501297,9501297
9501298,9501298
9501299,9501299
9501300,9501300
9501302,9501302
9501303,9501303
9501304,9501304
9501305,9501305
9501306,9501306
9501307,9501307
9501309,9501309
9501310,9501310
9501311,9501311
9501312,9501312
9501313,9501313
9501314,9501314
9501315,9501315
9501316,9501316
9501317,9501317
9501318,9501318
9501319,9501319
9501320,9501320
9501321,9501321
9501322,9501322
9501323,9501323
9501324,9501324
9501325,9501325
9501326,9501326
9501327,9501327
9501328,9501328
9501329,9501329
9501330,9501330
9501331,9501331
9501333,9501333
9501334,9501334
9501336,9501336
9501337,9501337
9501338,9501338
9501339,9501339
9501340,9501340
9501341,9501341
9501342,9501342
9501344,9501344
9501345,9501345
9501346,9501346
9501347,9501347
9501348,9501348
9501349,9501349
9501350,9501350
9501351,9501351
9501352,9501352
9501353,9501353
9501354,9501354
9501355,9501355
9501356,9501356
9501357,9501357
9501358,9501358
9501360,9501360
9501361,9501361
9501362,9501362
9501363,9501363
9501364,9501364
9501365,9501365
9501366,9501366
9501367,9501367
9501368,9501368
9501369,9501369
9501370,9501370
9501371,9501371
9501372,9501372
9501373,9501373
9501375,9501375
9501376,9501376
9501377,9501377
9501378,9501378
9501379,9501379
9501380,9501380
9501381,9501381
9501382,9501382
9501383,9501383
9501384,9501384
9501386,9501386
9501387,9501387
9501388,9501388
9501389,9501389
9501390,9501390
9501391,9501391
9501392,9501392
9501393,9501393
9501394,9501394
9501395,9501395
9501396,9501396
9501397,9501397
9501400,9501400
9501401,9501401
9501402,9501402
9501403,9501403
9501404,9501404
9501405,9501405
9501406,9501406
9501407,9501407
9501408,9501408
9501409,9501409
9501410,9501410
9501411,9501411
9501412,9501412
9501413,9501413
9501414,9501414
9501415,9501415
9501417,9501417
9501418,9501418
9502201,9502201
9502202,9502202
9502203,9502203
9502204,9502204
9502205,9502205
9502206,9502206
9502207,9502207
9502208,9502208
9502209,9502209
9502210,9502210
9502211,9502211
9502212,9502212
9502213,9502213
9502214,9502214
9502216,9502216
9502217,9502217
9502218,9502218
9502219,9502219
9502220,9502220
9502222,9502222
9502223,9502223
9502224,9502224
9502225,9502225
9502226,9502226
9502227,9502227
9502228,9502228
9502229,9502229
9502230,9502230
9502231,9502231
9502233,9502233
9502234,9502234
9502235,9502235
9502236,9502236
9502237,9502237
9502238,9502238
9502239,9502239
9502240,9502240
9502241,9502241
9502242,9502242
9502243,9502243
9502244,9502244
9502245,9502245
9502246,9502246
9502247,9502247
9502248,9502248
9502249,9502249
9502250,9502250
9502251,9502251
9502252,9502252
9502253,9502253
9502254,9502254
9502255,9502255
9502257,9502257
9502258,9502258
9502259,9502259
9502260,9502260
9502261,9502261
9502262,9502262
9502263,9502263
9502264,9502264
9502265,9502265
9502266,9502266
9502267,9502267
9502268,9502268
9502269,9502269
9502270,9502270
9502271,9502271
9502272,9502272
9502273,9502273
9502274,9502274
9502275,9502275
9502276,9502276
9502277,9502277
9502278,9502278
9502279,9502279
9502280,9502280
9502282,9502282
9502283,9502283
9502284,9502284
9502285,9502285
9502286,9502286
9502287,9502287
9502288,9502288
9502289,9502289
9502290,9502290
9502291,9502291
9502292,9502292
9502293,9502293
9502294,9502294
9502295,9502295
9502296,9502296
9502297,9502297
9502298,9502298
9502299,9502299
9502300,9502300
9502303,9502303
9502304,9502304
9502305,9502305
9502306,9502306
9502307,9502307
9502308,9502308
9502309,9502309
9502310,9502310
9502311,9502311
9502312,9502312
9502313,9502313
9502314,9502314
9502315,9502315
9502317,9502317
9502318,9502318
9502319,9502319
9502321,9502321
9502322,9502322
9502323,9502323
9502324,9502324
9502325,9502325
9502326,9502326
9502327,9502327
9502328,9502328
9502329,9502329
9502330,9502330
9502331,9502331
9502333,9502333
9502334,9502334
9502335,9502335
9502336,9502336
9502337,9502337
9502338,9502338
9502339,9502339
9502340,9502340
9502341,9502341
9502342,9502342
9502343,9502343
9502344,9502344
9502345,9502345
9502346,9502346
9502347,9502347
9502348,9502348
9502349,9502349
9502351,9502351
9502352,9502352
9502353,9502353
9502354,9502354
9502355,9502355
9502356,9502356
9502357,9502357
9502358,9502358
9502359,9502359
9502360,9502360
9502361,9502361
9502362,9502362
9502363,9502363
9502364,9502364
9502365,9502365
9502366,9502366
9502367,9502367
9502368,9502368
9502369,9502369
9502370,9502370
9502371,9502371
9502372,9502372
9502373,9502373
9502374,9502374
9502375,9502375
9502376,9502376
9502377,9502377
9502378,9502378
9502379,9502379
9502380,9502380
9502381,9502381
9502382,9502382
9502383,9502383
9502384,9502384
9502385,9502385
9502386,9502386
9502387,9502387
9502388,9502388
9502389,9502389
9502390,9502390
9502391,9502391
9502392,9502392
9502393,9502393
9502394,9502394
9502395,9502395
9502396,9502396
9502397,9502397
9502398,9502398
9502399,9502399
9502400,9502400
9502401,9502401
9502402,9502402
9502403,9502403
9502404,9502404
9502405,9502405
9502406,9502406
9502407,9502407
9502408,9502408
9502409,9502409
9502410,9502410
9502411,9502411
9502412,9502412
9502413,9502413
9502414,9502414
9502415,9502415
9502416,9502416
9502417,9502417
9502418,9502418
9503201,9503201
9503202,9503202
9503203,9503203
9503204,9503204
9503205,9503205
9503206,9503206
9503207,9503207
9503208,9503208
9503209,9503209
9503210,9503210
9503211,9503211
9503212,9503212
9503213,9503213
9503214,9503214
9503215,9503215
9503216,9503216
9503217,9503217
9503218,9503218
9503219,9503219
9503221,9503221
9503222,9503222
9503223,9503223
9503224,9503224
9503226,9503226
9503227,9503227
9503228,9503228
9503230,9503230
9503231,9503231
9503232,9503232
9503233,9503233
9503234,9503234
9503235,9503235
9503236,9503236
9503237,9503237
9503238,9503238
9503239,9503239
9503241,9503241
9503242,9503242
9503243,9503243
9503244,9503244
9503245,9503245
9503246,9503246
9503248,9503248
9503250,9503250
9503251,9503251
9503252,9503252
9503253,9503253
9503254,9503254
9503255,9503255
9503256,9503256
9503257,9503257
9503258,9503258
9503259,9503259
9503260,9503260
9503261,9503261
9503262,9503262
9503263,9503263
9503264,9503264
9503265,9503265
9503266,9503266
9503267,9503267
9503268,9503268
9503269,9503269
9503270,9503270
9503271,9503271
9503272,9503272
9503273,9503273
9503274,9503274
9503275,9503275
9503276,9503276
9503277,9503277
9503278,9503278
9503279,9503279
9503280,9503280
9503282,9503282
9503283,9503283
9503284,9503284
9503285,9503285
9503286,9503286
9503287,9503287
9503288,9503288
9503289,9503289
9503290,9503290
9503291,9503291
9503292,9503292
9503293,9503293
9503294,9503294
9503295,9503295
9503296,9503296
9503297,9503297
9503298,9503298
9503299,9503299
9503300,9503300
9503301,9503301
9503302,9503302
9503303,9503303
9503304,9503304
9503305,9503305
9503306,9503306
9503307,9503307
9503308,9503308
9503309,9503309
9503311,9503311
9503312,9503312
9503313,9503313
9503314,9503314
9503315,9503315
9503316,9503316
9503318,9503318
9503319,9503319
9503320,9503320
9503321,9503321
9503322,9503322
9503323,9503323
9503324,9503324
9503325,9503325
9503326,9503326
9503327,9503327
9503328,9503328
9503329,9503329
9503330,9503330
9503331,9503331
9503332,9503332
9503333,9503333
9503334,9503334
9503335,9503335
9503336,9503336
9503337,9503337
9503339,9503339
9503340,9503340
9503341,9503341
9503342,9503342
9503343,9503343
9503344,9503344
9503345,9503345
9503346,9503346
9503347,9503347
9503348,9503348
9503349,9503349
9503350,9503350
9503351,9503351
9503353,9503353
9503354,9503354
9503355,9503355
9503356,9503356
9503357,9503357
9503358,9503358
9503359,9503359
9503360,9503360
9503361,9503361
9503362,9503362
9503363,9503363
9503364,9503364
9503365,9503365
9503366,9503366
9503367,9503367
9503369,9503369
9503370,9503370
9503371,9503371
9503372,9503372
9503373,9503373
9503374,9503374
9503375,9503375
9503376,9503376
9503377,9503377
9503378,9503378
9503379,9503379
9503381,9503381
9503382,9503382
9503383,9503383
9503384,9503384
9503385,9503385
9503386,9503386
9503387,9503387
9503388,9503388
9503389,9503389
9503390,9503390
9503391,9503391
9503392,9503392
9503393,9503393
9503394,9503394
9503395,9503395
9503396,9503396
9503397,9503397
9503398,9503398
9503399,9503399
9503400,9503400
9503401,9503401
9503402,9503402
9503403,9503403
9503404,9503404
9503405,9503405
9503407,9503407
9503408,9503408
9503409,9503409
9503410,9503410
9503411,9503411
9503412,9503412
9503413,9503413
9503414,9503414
9503415,9503415
9503416,9503416
9503417,9503417
9503418,9503418
9503419,9503419
9503420,9503420
9503421,9503421
9503422,9503422
9503423,9503423
9503424,9503424
9503425,9503425
9503426,9503426
9503427,9503427
9503429,9503429
9503430,9503430
9503431,9503431
9503432,9503432
9503433,9503433
9503434,9503434
9503435,9503435
9503436,9503436
9503437,9503437
9503438,9503438
9503439,9503439
9503440,9503440
9503441,9503441
9503442,9503442
9503443,9503443
9503444,9503444
9503445,9503445
9503446,9503446
9503447,9503447
9503448,9503448
9503449,9503449
9503450,9503450
9503451,9503451
9503452,9503452
9503453,9503453
9503454,9503454
9503455,9503455
9503456,9503456
9503457,9503457
9503458,9503458
9503459,9503459
9503460,9503460
9503461,9503461
9503462,9503462
9503463,9503463
9503464,9503464
9503465,9503465
9503466,9503466
9503467,9503467
9503468,9503468
9503469,9503469
9503470,9503470
9503471,9503471
9503472,9503472
9503473,9503473
9503474,9503474
9503476,9503476
9503477,9503477
9503478,9503478
9503479,9503479
9503480,9503480
9503481,9503481
9503482,9503482
9503483,9503483
9503484,9503484
9503485,9503485
9503486,9503486
9503487,9503487
9503488,9503488
9503489,9503489
9503490,9503490
9503491,9503491
9503492,9503492
9503493,9503493
9503494,9503494
9503495,9503495
9503496,9503496
9504201,9504201
9504202,9504202
9504203,9504203
9504204,9504204
9504205,9504205
9504206,9504206
9504207,9504207
9504208,9504208
9504209,9504209
9504210,9504210
9504213,9504213
9504214,9504214
9504215,9504215
9504216,9504216
9504217,9504217
9504218,9504218
9504219,9504219
9504220,9504220
9504221,9504221
9504222,9504222
9504223,9504223
9504225,9504225
9504226,9504226
9504227,9504227
9504228,9504228
9504229,9504229
9504230,9504230
9504231,9504231
9504232,9504232
9504233,9504233
9504234,9504234
9504235,9504235
9504236,9504236
9504237,9504237
9504238,9504238
9504239,9504239
9504240,9504240
9504241,9504241
9504242,9504242
9504243,9504243
9504244,9504244
9504245,9504245
9504246,9504246
9504247,9504247
9504248,9504248
9504249,9504249
9504250,9504250
9504251,9504251
9504252,9504252
9504253,9504253
9504254,9504254
9504255,9504255
9504256,9504256
9504257,9504257
9504258,9504258
9504260,9504260
9504261,9504261
9504262,9504262
9504263,9504263
9504264,9504264
9504265,9504265
9504266,9504266
9504267,9504267
9504268,9504268
9504269,9504269
9504270,9504270
9504271,9504271
9504272,9504272
9504273,9504273
9504274,9504274
9504275,9504275
9504276,9504276
9504277,9504277
9504278,9504278
9504279,9504279
9504280,9504280
9504281,9504281
9504282,9504282
9504283,9504283
9504284,9504284
9504285,9504285
9504286,9504286
9504287,9504287
9504288,9504288
9504289,9504289
9504290,9504290
9504291,9504291
9504292,9504292
9504293,9504293
9504294,9504294
9504295,9504295
9504296,9504296
9504297,9504297
9504298,9504298
9504299,9504299
9504300,9504300
9504301,9504301
9504302,9504302
9504303,9504303
9504304,9504304
9504306,9504306
9504307,9504307
9504308,9504308
9504309,9504309
9504310,9504310
9504311,9504311
9504312,9504312
9504313,9504313
9504314,9504314
9504315,9504315
9504316,9504316
9504317,9504317
9504318,9504318
9504319,9504319
9504320,9504320
9504321,9504321
9504322,9504322
9504323,9504323
9504324,9504324
9504325,9504325
9504326,9504326
9504327,9504327
9504328,9504328
9504329,9504329
9504330,9504330
9504332,9504332
9504333,9504333
9504334,9504334
9504335,9504335
9504336,9504336
9504337,9504337
9504338,9504338
9504339,9504339
9504340,9504340
9504341,9504341
9504342,9504342
9504343,9504343
9504344,9504344
9504345,9504345
9504346,9504346
9504347,9504347
9504348,9504348
9504349,9504349
9504350,9504350
9504351,9504351
9504352,9504352
9504353,9504353
9504354,9504354
9504355,9504355
9504356,9504356
9504357,9504357
9504358,9504358
9504359,9504359
9504360,9504360
9504361,9504361
9504362,9504362
9504363,9504363
9504364,9504364
9504365,9504365
9504366,9504366
9504367,9504367
9504368,9504368
9504369,9504369
9504370,9504370
9504371,9504371
9504372,9504372
9504373,9504373
9504374,9504374
9504375,9504375
9504377,9504377
9504378,9504378
9504379,9504379
9504380,9504380
9504381,9504381
9504382,9504382
9504383,9504383
9504384,9504384
9504385,9504385
9504386,9504386
9504387,9504387
9504388,9504388
9504389,9504389
9504390,9504390
9504391,9504391
9504392,9504392
9504393,9504393
9504394,9504394
9504395,9504395
9504396,9504396
9504397,9504397
9504398,9504398
9504399,9504399
9504400,9504400
9504401,9504401
9504403,9504403
9504404,9504404
9504405,9504405
9504406,9504406
9504407,9504407
9504408,9504408
9504409,9504409
9504410,9504410
9504411,9504411
9504412,9504412
9504413,9504413
9504414,9504414
9504415,9504415
9504416,9504416
9504417,9504417
9504418,9504418
9504419,9504419
9504420,9504420
9504421,9504421
9504422,9504422
9504423,9504423
9504424,9504424
9504425,9504425
9504426,9504426
9504427,9504427
9504428,9504428
9504429,9504429
9504430,9504430
9504431,9504431
9504432,9504432
9504433,9504433
9504434,9504434
9505201,9505201
9505202,9505202
9505203,9505203
9505204,9505204
9505205,9505205
9505206,9505206
9505207,9505207
9505208,9505208
9505209,9505209
9505210,9505210
9505211,9505211
9505212,9505212
9505214,9505214
9505215,9505215
9505216,9505216
9505217,9505217
9505218,9505218
9505219,9505219
9505220,9505220
9505221,9505221
9505222,9505222
9505223,9505223
9505224,9505224
9505225,9505225
9505226,9505226
9505227,9505227
9505228,9505228
9505229,9505229
9505230,9505230
9505231,9505231
9505232,9505232
9505233,9505233
9505234,9505234
9505235,9505235
9505236,9505236
9505237,9505237
9505238,9505238
9505239,9505239
9505240,9505240
9505241,9505241
9505242,9505242
9505243,9505243
9505244,9505244
9505245,9505245
9505246,9505246
9505247,9505247
9505248,9505248
9505249,9505249
9505250,9505250
9505251,9505251
9505252,9505252
9505253,9505253
9505254,9505254
9505255,9505255
9505256,9505256
9505257,9505257
9505258,9505258
9505259,9505259
9505260,9505260
9505261,9505261
9505262,9505262
9505263,9505263
9505264,9505264
9505265,9505265
9505266,9505266
9505267,9505267
9505268,9505268
9505269,9505269
9505270,9505270
9505271,9505271
9505272,9505272
9505273,9505273
9505274,9505274
9505275,9505275
9505276,9505276
9505277,9505277
9505278,9505278
9505279,9505279
9505280,9505280
9505281,9505281
9505282,9505282
9505283,9505283
9505284,9505284
9505285,9505285
9505286,9505286
9505287,9505287
9505288,9505288
9505289,9505289
9505290,9505290
9505291,9505291
9505292,9505292
9505294,9505294
9505295,9505295
9505296,9505296
9505297,9505297
9505298,9505298
9505299,9505299
9505300,9505300
9505301,9505301
9505302,9505302
9505303,9505303
9505304,9505304
9505305,9505305
9505306,9505306
9505307,9505307
9505308,9505308
9505309,9505309
9505310,9505310
9505311,9505311
9505312,9505312
9505313,9505313
9505314,9505314
9505315,9505315
9505316,9505316
9505317,9505317
9505318,9505318
9505319,9505319
9505320,9505320
9505321,9505321
9505322,9505322
9505323,9505323
9505324,9505324
9505325,9505325
9505326,9505326
9505327,9505327
9505328,9505328
9505329,9505329
9505330,9505330
9505331,9505331
9505332,9505332
9505333,9505333
9505334,9505334
9505335,9505335
9505336,9505336
9505337,9505337
9505338,9505338
9505339,9505339
9505340,9505340
9505341,9505341
9505342,9505342
9505343,9505343
9505344,9505344
9505345,9505345
9505347,9505347
9505348,9505348
9505349,9505349
9505350,9505350
9505351,9505351
9505352,9505352
9505353,9505353
9505354,9505354
9505355,9505355
9505356,9505356
9505357,9505357
9505358,9505358
9505359,9505359
9505360,9505360
9505361,9505361
9505362,9505362
9505363,9505363
9505364,9505364
9505365,9505365
9505366,9505366
9505367,9505367
9505369,9505369
9505370,9505370
9505371,9505371
9505372,9505372
9505373,9505373
9505374,9505374
9505375,9505375
9505376,9505376
9505377,9505377
9505378,9505378
9505379,9505379
9505380,9505380
9505381,9505381
9505382,9505382
9505383,9505383
9505384,9505384
9505385,9505385
9505386,9505386
9505387,9505387
9505388,9505388
9505389,9505389
9505391,9505391
9505392,9505392
9505393,9505393
9505394,9505394
9505395,9505395
9505396,9505396
9505397,9505397
9505399,9505399
9505400,9505400
9505401,9505401
9505402,9505402
9505403,9505403
9505404,9505404
9505405,9505405
9505406,9505406
9505407,9505407
9505408,9505408
9505409,9505409
9505410,9505410
9505411,9505411
9505412,9505412
9505415,9505415
9505416,9505416
9505417,9505417
9505418,9505418
9505419,9505419
9505420,9505420
9505421,9505421
9505422,9505422
9505423,9505423
9505424,9505424
9505425,9505425
9505426,9505426
9505427,9505427
9505428,9505428
9505429,9505429
9505430,9505430
9505431,9505431
9505432,9505432
9505433,9505433
9505434,9505434
9505435,9505435
9505436,9505436
9505437,9505437
9505438,9505438
9505439,9505439
9505440,9505440
9505441,9505441
9505442,9505442
9505443,9505443
9505444,9505444
9506201,9506201
9506202,9506202
9506203,9506203
9506204,9506204
9506205,9506205
9506206,9506206
9506207,9506207
9506208,9506208
9506209,9506209
9506210,9506210
9506211,9506211
9506212,9506212
9506214,9506214
9506215,9506215
9506216,9506216
9506217,9506217
9506218,9506218
9506219,9506219
9506221,9506221
9506222,9506222
9506223,9506223
9506224,9506224
9506225,9506225
9506226,9506226
9506227,9506227
9506228,9506228
9506229,9506229
9506230,9506230
9506231,9506231
9506232,9506232
9506233,9506233
9506234,9506234
9506235,9506235
9506237,9506237
9506238,9506238
9506239,9506239
9506240,9506240
9506241,9506241
9506242,9506242
9506243,9506243
9506244,9506244
9506245,9506245
9506246,9506246
9506247,9506247
9506248,9506248
9506249,9506249
9506250,9506250
9506251,9506251
9506252,9506252
9506253,9506253
9506254,9506254
9506255,9506255
9506256,9506256
9506257,9506257
9506258,9506258
9506259,9506259
9506260,9506260
9506261,9506261
9506262,9506262
9506264,9506264
9506265,9506265
9506266,9506266
9506267,9506267
9506269,9506269
9506270,9506270
9506271,9506271
9506272,9506272
9506273,9506273
9506274,9506274
9506275,9506275
9506276,9506276
9506278,9506278
9506279,9506279
9506280,9506280
9506281,9506281
9506282,9506282
9506283,9506283
9506284,9506284
9506285,9506285
9506286,9506286
9506287,9506287
9506288,9506288
9506289,9506289
9506290,9506290
9506291,9506291
9506292,9506292
9506293,9506293
9506294,9506294
9506295,9506295
9506296,9506296
9506297,9506297
9506298,9506298
9506299,9506299
9506300,9506300
9506301,9506301
9506302,9506302
9506303,9506303
9506304,9506304
9506305,9506305
9506306,9506306
9506307,9506307
9506308,9506308
9506309,9506309
9506311,9506311
9506312,9506312
9506313,9506313
9506314,9506314
9506315,9506315
9506316,9506316
9506317,9506317
9506318,9506318
9506319,9506319
9506320,9506320
9506321,9506321
9506322,9506322
9506325,9506325
9506326,9506326
9506327,9506327
9506328,9506328
9506329,9506329
9506330,9506330
9506331,9506331
9506332,9506332
9506333,9506333
9506334,9506334
9506336,9506336
9506337,9506337
9506338,9506338
9506339,9506339
9506340,9506340
9506341,9506341
9506342,9506342
9506343,9506343
9506344,9506344
9506345,9506345
9506346,9506346
9506347,9506347
9506348,9506348
9506349,9506349
9506350,9506350
9506351,9506351
9506352,9506352
9506353,9506353
9506354,9506354
9506355,9506355
9506356,9506356
9506357,9506357
9506358,9506358
9506359,9506359
9506360,9506360
9506362,9506362
9506363,9506363
9506364,9506364
9506365,9506365
9506366,9506366
9506367,9506367
9506368,9506368
9506369,9506369
9506370,9506370
9506372,9506372
9506373,9506373
9506374,9506374
9506375,9506375
9506376,9506376
9506377,9506377
9506378,9506378
9506379,9506379
9506380,9506380
9506381,9506381
9506382,9506382
9506383,9506383
9506384,9506384
9506385,9506385
9506386,9506386
9506387,9506387
9506388,9506388
9506389,9506389
9506390,9506390
9506391,9506391
9506392,9506392
9506393,9506393
9506394,9506394
9506395,9506395
9506396,9506396
9506397,9506397
9506398,9506398
9506399,9506399
9506400,9506400
9506401,9506401
9506402,9506402
9506403,9506403
9506404,9506404
9506405,9506405
9506406,9506406
9506407,9506407
9506408,9506408
9506409,9506409
9506410,9506410
9506411,9506411
9506412,9506412
9506413,9506413
9506414,9506414
9506415,9506415
9506416,9506416
9506417,9506417
9506418,9506418
9506419,9506419
9506420,9506420
9506421,9506421
9506422,9506422
9506423,9506423
9506424,9506424
9506425,9506425
9506426,9506426
9506427,9506427
9506428,9506428
9506429,9506429
9506430,9506430
9506431,9506431
9506432,9506432
9506433,9506433
9506434,9506434
9506435,9506435
9506436,9506436
9506437,9506437
9506438,9506438
9506439,9506439
9506440,9506440
9506441,9506441
9506442,9506442
9506443,9506443
9506444,9506444
9506445,9506445
9506446,9506446
9506447,9506447
9506448,9506448
9506449,9506449
9506450,9506450
9506451,9506451
9506452,9506452
9506453,9506453
9506454,9506454
9506455,9506455
9506456,9506456
9506457,9506457
9506458,9506458
9506459,9506459
9506460,9506460
9506461,9506461
9506462,9506462
9506463,9506463
9506464,9506464
9506465,9506465
9506466,9506466
9506467,9506467
9506468,9506468
9506469,9506469
9506471,9506471
9506472,9506472
9506473,9506473
9506474,9506474
9506475,9506475
9506476,9506476
9506477,9506477
9506478,9506478
9506479,9506479
9506480,9506480
9507201,9507201
9507202,9507202
9507203,9507203
9507204,9507204
9507205,9507205
9507206,9507206
9507207,9507207
9507208,9507208
9507209,9507209
9507210,9507210
9507211,9507211
9507212,9507212
9507213,9507213
9507214,9507214
9507215,9507215
9507216,9507216
9507217,9507217
9507218,9507218
9507219,9507219
9507220,9507220
9507221,9507221
9507222,9507222
9507223,9507223
9507224,9507224
9507225,9507225
9507226,9507226
9507227,9507227
9507228,9507228
9507229,9507229
9507230,9507230
9507231,9507231
9507233,9507233
9507234,9507234
9507236,9507236
9507237,9507237
9507238,9507238
9507239,9507239
9507240,9507240
9507241,9507241
9507242,9507242
9507243,9507243
9507244,9507244
9507245,9507245
9507246,9507246
9507247,9507247
9507248,9507248
9507249,9507249
9507250,9507250
9507251,9507251
9507252,9507252
9507253,9507253
9507254,9507254
9507255,9507255
9507256,9507256
9507257,9507257
9507258,9507258
9507259,9507259
9507260,9507260
9507261,9507261
9507262,9507262
9507263,9507263
9507264,9507264
9507265,9507265
9507266,9507266
9507267,9507267
9507268,9507268
9507269,9507269
9507270,9507270
9507271,9507271
9507272,9507272
9507273,9507273
9507274,9507274
9507275,9507275
9507276,9507276
9507277,9507277
9507278,9507278
9507279,9507279
9507280,9507280
9507282,9507282
9507283,9507283
9507284,9507284
9507285,9507285
9507286,9507286
9507287,9507287
9507288,9507288
9507289,9507289
9507290,9507290
9507291,9507291
9507292,9507292
9507293,9507293
9507294,9507294
9507295,9507295
9507296,9507296
9507297,9507297
9507298,9507298
9507299,9507299
9507300,9507300
9507301,9507301
9507302,9507302
9507303,9507303
9507304,9507304
9507305,9507305
9507306,9507306
9507307,9507307
9507308,9507308
9507309,9507309
9507310,9507310
9507311,9507311
9507312,9507312
9507313,9507313
9507314,9507314
9507315,9507315
9507316,9507316
9507317,9507317
9507318,9507318
9507319,9507319
9507320,9507320
9507321,9507321
9507322,9507322
9507323,9507323
9507324,9507324
9507325,9507325
9507326,9507326
9507327,9507327
9507328,9507328
9507329,9507329
9507330,9507330
9507331,9507331
9507332,9507332
9507333,9507333
9507334,9507334
9507335,9507335
9507336,9507336
9507337,9507337
9507338,9507338
9507339,9507339
9507340,9507340
9507341,9507341
9507342,9507342
9507343,9507343
9507344,9507344
9507345,9507345
9507346,9507346
9507347,9507347
9507348,9507348
9507350,9507350
9507351,9507351
9507352,9507352
9507353,9507353
9507354,9507354
9507355,9507355
9507356,9507356
9507357,9507357
9507358,9507358
9507359,9507359
9507360,9507360
9507363,9507363
9507364,9507364
9507365,9507365
9507366,9507366
9507367,9507367
9507368,9507368
9507369,9507369
9507370,9507370
9507371,9507371
9507372,9507372
9507373,9507373
9507374,9507374
9507375,9507375
9507376,9507376
9507377,9507377
9507378,9507378
9507379,9507379
9507380,9507380
9507381,9507381
9507382,9507382
9507383,9507383
9507384,9507384
9507385,9507385
9507386,9507386
9507387,9507387
9507388,9507388
9507389,9507389
9507390,9507390
9507391,9507391
9507392,9507392
9507393,9507393
9507394,9507394
9507395,9507395
9507396,9507396
9507397,9507397
9507398,9507398
9507399,9507399
9507400,9507400
9507401,9507401
9507402,9507402
9507403,9507403
9507404,9507404
9507405,9507405
9507406,9507406
9507407,9507407
9507408,9507408
9507409,9507409
9507410,9507410
9507411,9507411
9507412,9507412
9507413,9507413
9507414,9507414
9507415,9507415
9507416,9507416
9507417,9507417
9507418,9507418
9507419,9507419
9507420,9507420
9507421,9507421
9507422,9507422
9507423,9507423
9507424,9507424
9507425,9507425
9507426,9507426
9507427,9507427
9507428,9507428
9507429,9507429
9507430,9507430
9507431,9507431
9507432,9507432
9507434,9507434
9507435,9507435
9507436,9507436
9507437,9507437
9507438,9507438
9507439,9507439
9507441,9507441
9507442,9507442
9507444,9507444
9507445,9507445
9507446,9507446
9507447,9507447
9507448,9507448
9507449,9507449
9507450,9507450
9507451,9507451
9507452,9507452
9507453,9507453
9507454,9507454
9507455,9507455
9507456,9507456
9507457,9507457
9507458,9507458
9507459,9507459
9507460,9507460
9507461,9507461
9507462,9507462
9507463,9507463
9507464,9507464
9507465,9507465
9507466,9507466
9507467,9507467
9507468,9507468
9507469,9507469
9508201,9508201
9508202,9508202
9508203,9508203
9508204,9508204
9508205,9508205
9508206,9508206
9508207,9508207
9508208,9508208
9508209,9508209
9508210,9508210
9508211,9508211
9508212,9508212
9508213,9508213
9508214,9508214
9508215,9508215
9508216,9508216
9508217,9508217
9508218,9508218
9508219,9508219
9508220,9508220
9508221,9508221
9508222,9508222
9508223,9508223
9508224,9508224
9508225,9508225
9508226,9508226
9508227,9508227
9508228,9508228
9508230,9508230
9508231,9508231
9508232,9508232
9508233,9508233
9508234,9508234
9508235,9508235
9508236,9508236
9508237,9508237
9508238,9508238
9508239,9508239
9508240,9508240
9508241,9508241
9508242,9508242
9508243,9508243
9508244,9508244
9508245,9508245
9508246,9508246
9508247,9508247
9508248,9508248
9508249,9508249
9508250,9508250
9508251,9508251
9508252,9508252
9508253,9508253
9508254,9508254
9508255,9508255
9508256,9508256
9508257,9508257
9508258,9508258
9508259,9508259
9508260,9508260
9508261,9508261
9508262,9508262
9508263,9508263
9508264,9508264
9508265,9508265
9508266,9508266
9508267,9508267
9508268,9508268
9508269,9508269
9508270,9508270
9508271,9508271
9508272,9508272
9508273,9508273
9508274,9508274
9508275,9508275
9508276,9508276
9508277,9508277
9508278,9508278
9508279,9508279
9508280,9508280
9508282,9508282
9508283,9508283
9508284,9508284
9508285,9508285
9508286,9508286
9508287,9508287
9508288,9508288
9508290,9508290
9508291,9508291
9508292,9508292
9508293,9508293
9508294,9508294
9508295,9508295
9508296,9508296
9508297,9508297
9508299,9508299
9508301,9508301
9508302,9508302
9508303,9508303
9508304,9508304
9508305,9508305
9508306,9508306
9508307,9508307
9508308,9508308
9508309,9508309
9508310,9508310
9508311,9508311
9508312,9508312
9508313,9508313
9508314,9508314
9508316,9508316
9508317,9508317
9508318,9508318
9508319,9508319
9508320,9508320
9508321,9508321
9508322,9508322
9508323,9508323
9508324,9508324
9508325,9508325
9508326,9508326
9508327,9508327
9508328,9508328
9508329,9508329
9508330,9508330
9508331,9508331
9508332,9508332
9508333,9508333
9508334,9508334
9508335,9508335
9508337,9508337
9508338,9508338
9508339,9508339
9508340,9508340
9508341,9508341
9508342,9508342
9508343,9508343
9508344,9508344
9508345,9508345
9508346,9508346
9508347,9508347
9508348,9508348
9508349,9508349
9508350,9508350
9508351,9508351
9508352,9508352
9508353,9508353
9508354,9508354
9508355,9508355
9508356,9508356
9508357,9508357
9508358,9508358
9508359,9508359
9508360,9508360
9508361,9508361
9508362,9508362
9508363,9508363
9508364,9508364
9508365,9508365
9508367,9508367
9508368,9508368
9508369,9508369
9508371,9508371
9508373,9508373
9508374,9508374
9508375,9508375
9508376,9508376
9508377,9508377
9508378,9508378
9508379,9508379
9508380,9508380
9508381,9508381
9508382,9508382
9508383,9508383
9508385,9508385
9508386,9508386
9508387,9508387
9508388,9508388
9508389,9508389
9508390,9508390
9508391,9508391
9508392,9508392
9508393,9508393
9508394,9508394
9508395,9508395
9508396,9508396
9508397,9508397
9508398,9508398
9508399,9508399
9508401,9508401
9508402,9508402
9508403,9508403
9508404,9508404
9508405,9508405
9508406,9508406
9508407,9508407
9508408,9508408
9508409,9508409
9508410,9508410
9508411,9508411
9508412,9508412
9508413,9508413
9508414,9508414
9508415,9508415
9509201,9509201
9509202,9509202
9509203,9509203
9509204,9509204
9509205,9509205
9509206,9509206
9509207,9509207
9509208,9509208
9509209,9509209
9509210,9509210
9509211,9509211
9509212,9509212
9509213,9509213
9509214,9509214
9509215,9509215
9509216,9509216
9509217,9509217
9509218,9509218
9509219,9509219
9509221,9509221
9509222,9509222
9509223,9509223
9509224,9509224
9509225,9509225
9509226,9509226
9509227,9509227
9509229,9509229
9509230,9509230
9509231,9509231
9509233,9509233
9509234,9509234
9509235,9509235
9509236,9509236
9509237,9509237
9509238,9509238
9509239,9509239
9509240,9509240
9509241,9509241
9509242,9509242
9509243,9509243
9509244,9509244
9509245,9509245
9509246,9509246
9509247,9509247
9509248,9509248
9509249,9509249
9509251,9509251
9509252,9509252
9509253,9509253
9509254,9509254
9509255,9509255
9509256,9509256
9509257,9509257
9509258,9509258
9509259,9509259
9509260,9509260
9509261,9509261
9509262,9509262
9509263,9509263
9509264,9509264
9509265,9509265
9509266,9509266
9509267,9509267
9509268,9509268
9509269,9509269
9509270,9509270
9509271,9509271
9509272,9509272
9509273,9509273
9509274,9509274
9509275,9509275
9509276,9509276
9509277,9509277
9509278,9509278
9509279,9509279
9509280,9509280
9509281,9509281
9509282,9509282
9509283,9509283
9509284,9509284
9509285,9509285
9509286,9509286
9509287,9509287
9509290,9509290
9509291,9509291
9509292,9509292
9509293,9509293
9509294,9509294
9509295,9509295
9509296,9509296
9509297,9509297
9509298,9509298
9509299,9509299
9509300,9509300
9509301,9509301
9509302,9509302
9509303,9509303
9509304,9509304
9509305,9509305
9509306,9509306
9509307,9509307
9509308,9509308
9509309,9509309
9509310,9509310
9509311,9509311
9509312,9509312
9509313,9509313
9509314,9509314
9509315,9509315
9509316,9509316
9509317,9509317
9509318,9509318
9509319,9509319
9509320,9509320
9509321,9509321
9509322,9509322
9509323,9509323
9509324,9509324
9509325,9509325
9509326,9509326
9509327,9509327
9509329,9509329
9509330,9509330
9509331,9509331
9509332,9509332
9509333,9509333
9509334,9509334
9509335,9509335
9509337,9509337
9509338,9509338
9509339,9509339
9509340,9509340
9509341,9509341
9509342,9509342
9509343,9509343
9509344,9509344
9509345,9509345
9509346,9509346
9509347,9509347
9509348,9509348
9509349,9509349
9509350,9509350
9509351,9509351
9509352,9509352
9509353,9509353
9509354,9509354
9509355,9509355
9509356,9509356
9509357,9509357
9509358,9509358
9509359,9509359
9509360,9509360
9509361,9509361
9509362,9509362
9509363,9509363
9509364,9509364
9509365,9509365
9509366,9509366
9509367,9509367
9509368,9509368
9509369,9509369
9509370,9509370
9509371,9509371
9509372,9509372
9509373,9509373
9509374,9509374
9509375,9509375
9509376,9509376
9509378,9509378
9509379,9509379
9509380,9509380
9509381,9509381
9509382,9509382
9509383,9509383
9509384,9509384
9509385,9509385
9509386,9509386
9509387,9509387
9509388,9509388
9509389,9509389
9509390,9509390
9509391,9509391
9509392,9509392
9509393,9509393
9509394,9509394
9509395,9509395
9509396,9509396
9509397,9509397
9509398,9509398
9509399,9509399
9509400,9509400
9509401,9509401
9509402,9509402
9509403,9509403
9509404,9509404
9509405,9509405
9509406,9509406
9509407,9509407
9509408,9509408
9509409,9509409
9509410,9509410
9509412,9509412
9509413,9509413
9509414,9509414
9509415,9509415
9509416,9509416
9509417,9509417
9509418,9509418
9509419,9509419
9509420,9509420
9509421,9509421
9509423,9509423
9509424,9509424
9509425,9509425
9509426,9509426
9509427,9509427
9509428,9509428
9509430,9509430
9509431,9509431
9509432,9509432
9509433,9509433
9509434,9509434
9510202,9510202
9510203,9510203
9510204,9510204
9510205,9510205
9510206,9510206
9510207,9510207
9510208,9510208
9510209,9510209
9510210,9510210
9510211,9510211
9510212,9510212
9510213,9510213
9510214,9510214
9510215,9510215
9510216,9510216
9510217,9510217
9510218,9510218
9510219,9510219
9510220,9510220
9510221,9510221
9510222,9510222
9510223,9510223
9510224,9510224
9510225,9510225
9510226,9510226
9510227,9510227
9510228,9510228
9510229,9510229
9510230,9510230
9510231,9510231
9510232,9510232
9510233,9510233
9510234,9510234
9510235,9510235
9510236,9510236
9510237,9510237
9510238,9510238
9510239,9510239
9510240,9510240
9510241,9510241
9510242,9510242
9510243,9510243
9510244,9510244
9510245,9510245
9510246,9510246
9510247,9510247
9510249,9510249
9510250,9510250
9510251,9510251
9510252,9510252
9510253,9510253
9510254,9510254
9510255,9510255
9510256,9510256
9510258,9510258
9510259,9510259
9510260,9510260
9510262,9510262
9510263,9510263
9510264,9510264
9510265,9510265
9510266,9510266
9510267,9510267
9510268,9510268
9510269,9510269
9510270,9510270
9510271,9510271
9510272,9510272
9510273,9510273
9510274,9510274
9510275,9510275
9510276,9510276
9510277,9510277
9510278,9510278
9510279,9510279
9510280,9510280
9510281,9510281
9510282,9510282
9510283,9510283
9510284,9510284
9510285,9510285
9510286,9510286
9510287,9510287
9510289,9510289
9510290,9510290
9510291,9510291
9510292,9510292
9510293,9510293
9510294,9510294
9510295,9510295
9510296,9510296
9510297,9510297
9510298,9510298
9510299,9510299
9510300,9510300
9510301,9510301
9510302,9510302
9510303,9510303
9510304,9510304
9510305,9510305
9510306,9510306
9510307,9510307
9510308,9510308
9510309,9510309
9510310,9510310
9510311,9510311
9510312,9510312
9510313,9510313
9510314,9510314
9510315,9510315
9510316,9510316
9510317,9510317
9510318,9510318
9510319,9510319
9510320,9510320
9510321,9510321
9510322,9510322
9510323,9510323
9510324,9510324
9510325,9510325
9510326,9510326
9510327,9510327
9510328,9510328
9510329,9510329
9510330,9510330
9510331,9510331
9510333,9510333
9510334,9510334
9510335,9510335
9510336,9510336
9510337,9510337
9510338,9510338
9510339,9510339
9510340,9510340
9510341,9510341
9510342,9510342
9510343,9510343
9510344,9510344
9510346,9510346
9510347,9510347
9510348,9510348
9510349,9510349
9510350,9510350
9510351,9510351
9510352,9510352
9510353,9510353
9510354,9510354
9510355,9510355
9510356,9510356
9510357,9510357
9510358,9510358
9510359,9510359
9510360,9510360
9510362,9510362
9510363,9510363
9510364,9510364
9510365,9510365
9510366,9510366
9510367,9510367
9510368,9510368
9510369,9510369
9510370,9510370
9510371,9510371
9510372,9510372
9510373,9510373
9510374,9510374
9510375,9510375
9510376,9510376
9510377,9510377
9510378,9510378
9510379,9510379
9510380,9510380
9510381,9510381
9510383,9510383
9510386,9510386
9510388,9510388
9510390,9510390
9510391,9510391
9510392,9510392
9510393,9510393
9510394,9510394
9510395,9510395
9510396,9510396
9510397,9510397
9510399,9510399
9510400,9510400
9510401,9510401
9510402,9510402
9510403,9510403
9510404,9510404
9510405,9510405
9510406,9510406
9510407,9510407
9510408,9510408
9510409,9510409
9510410,9510410
9510411,9510411
9510412,9510412
9510414,9510414
9510415,9510415
9510416,9510416
9510417,9510417
9510418,9510418
9510419,9510419
9510420,9510420
9510421,9510421
9510422,9510422
9510423,9510423
9510424,9510424
9510425,9510425
9510426,9510426
9510428,9510428
9510429,9510429
9510430,9510430
9510431,9510431
9510432,9510432
9510433,9510433
9510434,9510434
9510435,9510435
9510436,9510436
9510437,9510437
9510438,9510438
9510439,9510439
9510440,9510440
9510441,9510441
9510442,9510442
9510443,9510443
9510444,9510444
9510445,9510445
9510446,9510446
9510447,9510447
9510448,9510448
9510449,9510449
9510450,9510450
9510451,9510451
9510452,9510452
9510453,9510453
9510454,9510454
9510455,9510455
9510456,9510456
9510457,9510457
9510458,9510458
9510459,9510459
9510460,9510460
9510461,9510461
9510462,9510462
9511201,9511201
9511202,9511202
9511203,9511203
9511204,9511204
9511205,9511205
9511206,9511206
9511207,9511207
9511208,9511208
9511210,9511210
9511211,9511211
9511212,9511212
9511213,9511213
9511214,9511214
9511215,9511215
9511216,9511216
9511217,9511217
9511218,9511218
9511219,9511219
9511220,9511220
9511221,9511221
9511222,9511222
9511223,9511223
9511224,9511224
9511225,9511225
9511226,9511226
9511227,9511227
9511228,9511228
9511229,9511229
9511230,9511230
9511231,9511231
9511232,9511232
9511233,9511233
9511234,9511234
9511235,9511235
9511236,9511236
9511237,9511237
9511238,9511238
9511239,9511239
9511240,9511240
9511241,9511241
9511242,9511242
9511244,9511244
9511245,9511245
9511246,9511246
9511247,9511247
9511248,9511248
9511249,9511249
9511250,9511250
9511251,9511251
9511252,9511252
9511253,9511253
9511254,9511254
9511255,9511255
9511256,9511256
9511257,9511257
9511258,9511258
9511259,9511259
9511260,9511260
9511261,9511261
9511262,9511262
9511263,9511263
9511264,9511264
9511266,9511266
9511267,9511267
9511268,9511268
9511269,9511269
9511270,9511270
9511271,9511271
9511272,9511272
9511273,9511273
9511274,9511274
9511275,9511275
9511276,9511276
9511277,9511277
9511278,9511278
9511279,9511279
9511280,9511280
9511281,9511281
9511282,9511282
9511283,9511283
9511284,9511284
9511285,9511285
9511286,9511286
9511287,9511287
9511288,9511288
9511289,9511289
9511291,9511291
9511292,9511292
9511293,9511293
9511294,9511294
9511295,9511295
9511296,9511296
9511297,9511297
9511298,9511298
9511299,9511299
9511300,9511300
9511301,9511301
9511302,9511302
9511303,9511303
9511304,9511304
9511305,9511305
9511306,9511306
9511308,9511308
9511309,9511309
9511310,9511310
9511311,9511311
9511312,9511312
9511313,9511313
9511314,9511314
9511315,9511315
9511316,9511316
9511317,9511317
9511318,9511318
9511319,9511319
9511320,9511320
9511321,9511321
9511322,9511322
9511323,9511323
9511324,9511324
9511325,9511325
9511326,9511326
9511327,9511327
9511328,9511328
9511329,9511329
9511330,9511330
9511331,9511331
9511332,9511332
9511333,9511333
9511334,9511334
9511335,9511335
9511336,9511336
9511337,9511337
9511338,9511338
9511339,9511339
9511340,9511340
9511341,9511341
9511342,9511342
9511343,9511343
9511344,9511344
9511345,9511345
9511346,9511346
9511347,9511347
9511348,9511348
9511349,9511349
9511350,9511350
9511352,9511352
9511353,9511353
9511354,9511354
9511356,9511356
9511357,9511357
9511358,9511358
9511360,9511360
9511361,9511361
9511362,9511362
9511363,9511363
9511364,9511364
9511365,9511365
9511366,9511366
9511367,9511367
9511368,9511368
9511369,9511369
9511370,9511370
9511371,9511371
9511373,9511373
9511374,9511374
9511375,9511375
9511376,9511376
9511377,9511377
9511378,9511378
9511379,9511379
9511380,9511380
9511381,9511381
9511382,9511382
9511383,9511383
9511384,9511384
9511385,9511385
9511386,9511386
9511387,9511387
9511388,9511388
9511389,9511389
9511390,9511390
9511391,9511391
9511392,9511392
9511393,9511393
9511394,9511394
9511395,9511395
9511396,9511396
9511397,9511397
9511398,9511398
9511399,9511399
9511400,9511400
9511401,9511401
9511402,9511402
9511403,9511403
9511404,9511404
9511405,9511405
9511406,9511406
9511407,9511407
9511408,9511408
9511409,9511409
9511410,9511410
9511411,9511411
9511412,9511412
9511413,9511413
9511414,9511414
9511415,9511415
9511416,9511416
9511417,9511417
9511418,9511418
9511419,9511419
9511420,9511420
9511421,9511421
9511422,9511422
9511423,9511423
9511424,9511424
9511425,9511425
9511426,9511426
9511427,9511427
9511429,9511429
9511430,9511430
9511431,9511431
9511432,9511432
9511433,9511433
9511434,9511434
9511435,9511435
9511437,9511437
9511438,9511438
9511439,9511439
9511440,9511440
9511441,9511441
9511442,9511442
9511443,9511443
9511444,9511444
9511445,9511445
9511446,9511446
9511447,9511447
9511448,9511448
9511449,9511449
9511450,9511450
9511451,9511451
9511452,9511452
9511453,9511453
9511454,9511454
9511455,9511455
9511456,9511456
9511457,9511457
9511458,9511458
9511459,9511459
9511460,9511460
9511461,9511461
9511462,9511462
9511463,9511463
9511464,9511464
9511465,9511465
9511466,9511466
9511467,9511467
9511468,9511468
9511469,9511469
9511470,9511470
9511471,9511471
9511472,9511472
9511473,9511473
9511475,9511475
9512201,9512201
9512202,9512202
9512203,9512203
9512204,9512204
9512205,9512205
9512206,9512206
9512208,9512208
9512209,9512209
9512210,9512210
9512211,9512211
9512212,9512212
9512213,9512213
9512214,9512214
9512215,9512215
9512216,9512216
9512217,9512217
9512218,9512218
9512219,9512219
9512220,9512220
9512221,9512221
9512222,9512222
9512223,9512223
9512224,9512224
9512225,9512225
9512226,9512226
9512227,9512227
9512228,9512228
9512229,9512229
9512230,9512230
9512231,9512231
9512232,9512232
9512233,9512233
9512234,9512234
9512235,9512235
9512236,9512236
9512237,9512237
9512238,9512238
9512239,9512239
9512240,9512240
9512241,9512241
9512242,9512242
9512243,9512243
9512244,9512244
9512245,9512245
9512246,9512246
9512247,9512247
9512248,9512248
9512249,9512249
9512250,9512250
9512251,9512251
9512252,9512252
9512253,9512253
9512254,9512254
9512255,9512255
9512256,9512256
9512257,9512257
9512258,9512258
9512259,9512259
9512260,9512260
9512261,9512261
9512262,9512262
9512263,9512263
9512264,9512264
9512265,9512265
9512266,9512266
9512267,9512267
9512268,9512268
9512269,9512269
9512270,9512270
9512271,9512271
9512272,9512272
9512273,9512273
9512275,9512275
9512276,9512276
9512277,9512277
9512278,9512278
9512279,9512279
9512280,9512280
9512281,9512281
9512283,9512283
9512284,9512284
9512285,9512285
9512286,9512286
9512288,9512288
9512289,9512289
9512290,9512290
9512291,9512291
9512292,9512292
9512293,9512293
9512294,9512294
9512295,9512295
9512296,9512296
9512297,9512297
9512298,9512298
9512299,9512299
9512300,9512300
9512301,9512301
9512302,9512302
9512303,9512303
9512304,9512304
9512305,9512305
9512306,9512306
9512307,9512307
9512308,9512308
9512309,9512309
9512310,9512310
9512311,9512311
9512312,9512312
9512313,9512313
9512314,9512314
9512315,9512315
9512316,9512316
9512317,9512317
9512318,9512318
9512319,9512319
9512320,9512320
9512321,9512321
9512322,9512322
9512323,9512323
9512324,9512324
9512325,9512325
9512326,9512326
9512327,9512327
9512328,9512328
9512329,9512329
9512330,9512330
9512331,9512331
9512332,9512332
9512333,9512333
9512334,9512334
9512335,9512335
9512336,9512336
9512337,9512337
9512338,9512338
9512339,9512339
9512340,9512340
9512341,9512341
9512342,9512342
9512343,9512343
9512344,9512344
9512345,9512345
9512346,9512346
9512347,9512347
9512348,9512348
9512349,9512349
9512350,9512350
9512351,9512351
9512352,9512352
9512353,9512353
9512354,9512354
9512355,9512355
9512356,9512356
9512357,9512357
9512358,9512358
9512359,9512359
9512360,9512360
9512361,9512361
9512362,9512362
9512363,9512363
9512364,9512364
9512365,9512365
9512366,9512366
9512367,9512367
9512368,9512368
9512369,9512369
9512370,9512370
9512371,9512371
9512372,9512372
9512373,9512373
9512374,9512374
9512375,9512375
9512376,9512376
9512377,9512377
9512378,9512378
9512379,9512379
9512380,9512380
9512381,9512381
9512382,9512382
9512383,9512383
9512384,9512384
9512385,9512385
9512387,9512387
9512388,9512388
9512389,9512389
9512390,9512390
9512391,9512391
9512392,9512392
9512393,9512393
9512394,9512394
9512395,9512395
9512396,9512396
9512397,9512397
9512398,9512398
9512399,9512399
9512400,9512400
9512401,9512401
9512402,9512402
9512403,9512403
9512404,9512404
9512405,9512405
9512406,9512406
9512407,9512407
9512408,9512408
9512409,9512409
9512410,9512410
9512411,9512411
9512412,9512412
9512413,9512413
9512414,9512414
9512415,9512415
9512416,9512416
9512417,9512417
9512418,9512418
9512419,9512419
9512421,9512421
9512422,9512422
9512424,9512424
9512425,9512425
9512426,9512426
9512427,9512427
9512428,9512428
9512429,9512429
9512430,9512430
9512431,9512431
9512432,9512432
9512433,9512433
9512434,9512434
9512435,9512435
9512436,9512436
9512437,9512437
9512438,9512438
9512439,9512439
9512440,9512440
9512441,9512441
9512442,9512442
9512443,9512443
9512444,9512444
9512445,9512445
9512446,9512446
9601201,9601201
9601202,9601202
9601203,9601203
9601204,9601204
9601205,9601205
9601206,9601206
9601207,9601207
9601208,9601208
9601209,9601209
9601210,9601210
9601211,9601211
9601212,9601212
9601213,9601213
9601214,9601214
9601215,9601215
9601216,9601216
9601217,9601217
9601218,9601218
9601219,9601219
9601220,9601220
9601221,9601221
9601222,9601222
9601223,9601223
9601224,9601224
9601225,9601225
9601227,9601227
9601230,9601230
9601231,9601231
9601232,9601232
9601233,9601233
9601234,9601234
9601235,9601235
9601236,9601236
9601237,9601237
9601238,9601238
9601239,9601239
9601241,9601241
9601242,9601242
9601243,9601243
9601244,9601244
9601245,9601245
9601246,9601246
9601247,9601247
9601248,9601248
9601249,9601249
9601250,9601250
9601251,9601251
9601252,9601252
9601253,9601253
9601254,9601254
9601255,9601255
9601256,9601256
9601257,9601257
9601258,9601258
9601259,9601259
9601260,9601260
9601261,9601261
9601262,9601262
9601263,9601263
9601264,9601264
9601265,9601265
9601266,9601266
9601267,9601267
9601268,9601268
9601269,9601269
9601270,9601270
9601271,9601271
9601272,9601272
9601274,9601274
9601275,9601275
9601276,9601276
9601277,9601277
9601278,9601278
9601279,9601279
9601280,9601280
9601281,9601281
9601282,9601282
9601283,9601283
9601284,9601284
9601285,9601285
9601286,9601286
9601287,9601287
9601288,9601288
9601289,9601289
9601290,9601290
9601291,9601291
9601292,9601292
9601293,9601293
9601294,9601294
9601295,9601295
9601296,9601296
9601297,9601297
9601298,9601298
9601299,9601299
9601300,9601300
9601301,9601301
9601302,9601302
9601303,9601303
9601304,9601304
9601305,9601305
9601306,9601306
9601307,9601307
9601308,9601308
9601309,9601309
9601310,9601310
9601311,9601311
9601312,9601312
9601313,9601313
9601314,9601314
9601315,9601315
9601316,9601316
9601317,9601317
9601318,9601318
9601319,9601319
9601320,9601320
9601321,9601321
9601322,9601322
9601323,9601323
9601324,9601324
9601325,9601325
9601326,9601326
9601327,9601327
9601328,9601328
9601329,9601329
9601330,9601330
9601331,9601331
9601332,9601332
9601333,9601333
9601334,9601334
9601335,9601335
9601336,9601336
9601337,9601337
9601338,9601338
9601339,9601339
9601340,9601340
9601341,9601341
9601342,9601342
9601343,9601343
9601344,9601344
9601345,9601345
9601346,9601346
9601347,9601347
9601348,9601348
9601349,9601349
9601350,9601350
9601351,9601351
9601352,9601352
9601353,9601353
9601354,9601354
9601355,9601355
9601356,9601356
9601357,9601357
9601358,9601358
9601359,9601359
9601360,9601360
9601361,9601361
9601362,9601362
9601363,9601363
9601364,9601364
9601365,9601365
9601366,9601366
9601367,9601367
9601368,9601368
9601369,9601369
9601370,9601370
9601371,9601371
9601372,9601372
9601373,9601373
9601374,9601374
9601375,9601375
9601376,9601376
9601377,9601377
9601378,9601378
9601379,9601379
9601380,9601380
9601381,9601381
9601382,9601382
9601383,9601383
9601384,9601384
9601385,9601385
9601386,9601386
9601387,9601387
9601388,9601388
9601389,9601389
9601390,9601390
9601391,9601391
9601392,9601392
9601393,9601393
9602201,9602201
9602202,9602202
9602203,9602203
9602204,9602204
9602206,9602206
9602207,9602207
9602208,9602208
9602209,9602209
9602210,9602210
9602211,9602211
9602212,9602212
9602213,9602213
9602214,9602214
9602215,9602215
9602216,9602216
9602217,9602217
9602218,9602218
9602219,9602219
9602220,9602220
9602221,9602221
9602222,9602222
9602223,9602223
9602224,9602224
9602225,9602225
9602226,9602226
9602227,9602227
9602228,9602228
9602229,9602229
9602230,9602230
9602231,9602231
9602232,9602232
9602233,9602233
9602234,9602234
9602235,9602235
9602236,9602236
9602237,9602237
9602238,9602238
9602239,9602239
9602240,9602240
9602241,9602241
9602242,9602242
9602243,9602243
9602244,9602244
9602245,9602245
9602246,9602246
9602247,9602247
9602248,9602248
9602249,9602249
9602250,9602250
9602251,9602251
9602252,9602252
9602253,9602253
9602255,9602255
9602256,9602256
9602257,9602257
9602258,9602258
9602259,9602259
9602260,9602260
9602261,9602261
9602262,9602262
9602263,9602263
9602264,9602264
9602265,9602265
9602266,9602266
9602267,9602267
9602268,9602268
9602269,9602269
9602270,9602270
9602271,9602271
9602272,9602272
9602273,9602273
9602274,9602274
9602275,9602275
9602276,9602276
9602277,9602277
9602278,9602278
9602279,9602279
9602280,9602280
9602281,9602281
9602282,9602282
9602283,9602283
9602284,9602284
9602285,9602285
9602286,9602286
9602287,9602287
9602288,9602288
9602289,9602289
9602290,9602290
9602291,9602291
9602292,9602292
9602293,9602293
9602294,9602294
9602295,9602295
9602296,9602296
9602297,9602297
9602298,9602298
9602299,9602299
9602300,9602300
9602301,9602301
9602302,9602302
9602303,9602303
9602304,9602304
9602305,9602305
9602306,9602306
9602307,9602307
9602308,9602308
9602309,9602309
9602310,9602310
9602311,9602311
9602312,9602312
9602314,9602314
9602315,9602315
9602316,9602316
9602317,9602317
9602318,9602318
9602319,9602319
9602320,9602320
9602321,9602321
9602322,9602322
9602323,9602323
9602324,9602324
9602325,9602325
9602326,9602326
9602327,9602327
9602328,9602328
9602329,9602329
9602330,9602330
9602331,9602331
9602332,9602332
9602333,9602333
9602334,9602334
9602335,9602335
9602336,9602336
9602337,9602337
9602338,9602338
9602339,9602339
9602340,9602340
9602341,9602341
9602342,9602342
9602343,9602343
9602345,9602345
9602346,9602346
9602347,9602347
9602348,9602348
9602349,9602349
9602350,9602350
9602351,9602351
9602352,9602352
9602353,9602353
9602354,9602354
9602355,9602355
9602356,9602356
9602357,9602357
9602358,9602358
9602359,9602359
9602360,9602360
9602361,9602361
9602362,9602362
9602363,9602363
9602364,9602364
9602365,9602365
9602366,9602366
9602367,9602367
9602368,9602368
9602369,9602369
9602370,9602370
9602371,9602371
9602372,9602372
9602373,9602373
9602374,9602374
9602375,9602375
9602376,9602376
9602377,9602377
9602378,9602378
9602379,9602379
9602380,9602380
9602381,9602381
9602382,9602382
9602383,9602383
9602384,9602384
9602385,9602385
9602386,9602386
9602387,9602387
9602388,9602388
9602389,9602389
9602390,9602390
9602391,9602391
9602392,9602392
9602393,9602393
9602394,9602394
9602395,9602395
9602396,9602396
9602398,9602398
9602399,9602399
9602400,9602400
9602401,9602401
9602402,9602402
9602403,9602403
9602404,9602404
9602405,9602405
9602406,9602406
9602407,9602407
9602408,9602408
9602409,9602409
9602410,9602410
9602411,9602411
9602412,9602412
9602413,9602413
9602414,9602414
9602415,9602415
9602416,9602416
9602417,9602417
9602418,9602418
9602419,9602419
9602420,9602420
9602421,9602421
9602422,9602422
9602423,9602423
9602424,9602424
9602426,9602426
9602427,9602427
9602428,9602428
9602429,9602429
9602430,9602430
9602431,9602431
9602432,9602432
9602433,9602433
9602434,9602434
9602435,9602435
9602436,9602436
9602437,9602437
9602438,9602438
9602439,9602439
9603201,9603201
9603202,9603202
9603203,9603203
9603204,9603204
9603205,9603205
9603206,9603206
9603208,9603208
9603209,9603209
9603210,9603210
9603211,9603211
9603212,9603212
9603213,9603213
9603214,9603214
9603215,9603215
9603217,9603217
9603218,9603218
9603219,9603219
9603220,9603220
9603221,9603221
9603222,9603222
9603223,9603223
9603224,9603224
9603225,9603225
9603226,9603226
9603227,9603227
9603228,9603228
9603229,9603229
9603230,9603230
9603231,9603231
9603232,9603232
9603233,9603233
9603234,9603234
9603235,9603235
9603236,9603236
9603237,9603237
9603238,9603238
9603239,9603239
9603240,9603240
9603241,9603241
9603242,9603242
9603243,9603243
9603244,9603244
9603246,9603246
9603247,9603247
9603248,9603248
9603249,9603249
9603250,9603250
9603251,9603251
9603252,9603252
9603253,9603253
9603254,9603254
9603255,9603255
9603256,9603256
9603257,9603257
9603258,9603258
9603259,9603259
9603260,9603260
9603261,9603261
9603263,9603263
9603264,9603264
9603265,9603265
9603266,9603266
9603267,9603267
9603268,9603268
9603269,9603269
9603270,9603270
9603271,9603271
9603272,9603272
9603273,9603273
9603274,9603274
9603275,9603275
9603276,9603276
9603277,9603277
9603278,9603278
9603279,9603279
9603280,9603280
9603281,9603281
9603282,9603282
9603283,9603283
9603284,9603284
9603285,9603285
9603286,9603286
9603287,9603287
9603288,9603288
9603289,9603289
9603290,9603290
9603291,9603291
9603292,9603292
9603293,9603293
9603294,9603294
9603295,9603295
9603296,9603296
9603297,9603297
9603298,9603298
9603299,9603299
9603300,9603300
9603301,9603301
9603302,9603302
9603303,9603303
9603304,9603304
9603305,9603305
9603307,9603307
9603308,9603308
9603309,9603309
9603310,9603310
9603311,9603311
9603312,9603312
9603313,9603313
9603314,9603314
9603315,9603315
9603316,9603316
9603317,9603317
9603318,9603318
9603319,9603319
9603320,9603320
9603321,9603321
9603322,9603322
9603323,9603323
9603324,9603324
9603325,9603325
9603326,9603326
9603327,9603327
9603328,9603328
9603329,9603329
9603330,9603330
9603331,9603331
9603332,9603332
9603333,9603333
9603334,9603334
9603335,9603335
9603336,9603336
9603337,9603337
9603338,9603338
9603339,9603339
9603340,9603340
9603341,9603341
9603342,9603342
9603343,9603343
9603344,9603344
9603345,9603345
9603346,9603346
9603347,9603347
9603348,9603348
9603349,9603349
9603350,9603350
9603351,9603351
9603352,9603352
9603353,9603353
9603354,9603354
9603355,9603355
9603356,9603356
9603357,9603357
9603358,9603358
9603359,9603359
9603360,9603360
9603361,9603361
9603362,9603362
9603363,9603363
9603364,9603364
9603366,9603366
9603367,9603367
9603368,9603368
9603369,9603369
9603370,9603370
9603371,9603371
9603372,9603372
9603373,9603373
9603374,9603374
9603375,9603375
9603376,9603376
9603377,9603377
9603378,9603378
9603379,9603379
9603380,9603380
9603382,9603382
9603383,9603383
9603384,9603384
9603385,9603385
9603386,9603386
9603387,9603387
9603388,9603388
9603389,9603389
9603390,9603390
9603391,9603391
9603392,9603392
9603393,9603393
9603394,9603394
9603396,9603396
9603397,9603397
9603398,9603398
9603399,9603399
9603400,9603400
9603401,9603401
9603402,9603402
9603403,9603403
9603404,9603404
9603405,9603405
9603406,9603406
9603407,9603407
9603408,9603408
9603409,9603409
9603410,9603410
9603411,9603411
9603412,9603412
9603413,9603413
9603414,9603414
9603415,9603415
9603416,9603416
9603417,9603417
9603418,9603418
9603419,9603419
9603420,9603420
9603421,9603421
9603422,9603422
9603423,9603423
9603425,9603425
9603426,9603426
9603427,9603427
9603428,9603428
9603429,9603429
9603430,9603430
9603431,9603431
9603432,9603432
9603433,9603433
9603434,9603434
9603435,9603435
9603436,9603436
9603437,9603437
9603438,9603438
9603439,9603439
9603440,9603440
9603441,9603441
9603442,9603442
9603443,9603443
9603444,9603444
9603445,9603445
9603447,9603447
9603448,9603448
9603449,9603449
9603450,9603450
9604201,9604201
9604202,9604202
9604203,9604203
9604204,9604204
9604205,9604205
9604206,9604206
9604208,9604208
9604209,9604209
9604210,9604210
9604211,9604211
9604212,9604212
9604213,9604213
9604214,9604214
9604215,9604215
9604216,9604216
9604217,9604217
9604218,9604218
9604219,9604219
9604220,9604220
9604221,9604221
9604222,9604222
9604223,9604223
9604224,9604224
9604225,9604225
9604227,9604227
9604228,9604228
9604229,9604229
9604230,9604230
9604231,9604231
9604232,9604232
9604233,9604233
9604234,9604234
9604235,9604235
9604236,9604236
9604237,9604237
9604238,9604238
9604239,9604239
9604240,9604240
9604241,9604241
9604242,9604242
9604243,9604243
9604244,9604244
9604245,9604245
9604246,9604246
9604247,9604247
9604249,9604249
9604250,9604250
9604251,9604251
9604252,9604252
9604253,9604253
9604254,9604254
9604255,9604255
9604257,9604257
9604258,9604258
9604259,9604259
9604260,9604260
9604261,9604261
9604262,9604262
9604263,9604263
9604264,9604264
9604265,9604265
9604266,9604266
9604267,9604267
9604268,9604268
9604269,9604269
9604270,9604270
9604271,9604271
9604272,9604272
9604273,9604273
9604274,9604274
9604275,9604275
9604276,9604276
9604277,9604277
9604278,9604278
9604279,9604279
9604280,9604280
9604281,9604281
9604282,9604282
9604283,9604283
9604284,9604284
9604285,9604285
9604286,9604286
9604287,9604287
9604288,9604288
9604289,9604289
9604290,9604290
9604291,9604291
9604293,9604293
9604294,9604294
9604295,9604295
9604296,9604296
9604297,9604297
9604298,9604298
9604299,9604299
9604300,9604300
9604301,9604301
9604302,9604302
9604303,9604303
9604304,9604304
9604305,9604305
9604306,9604306
9604307,9604307
9604308,9604308
9604309,9604309
9604310,9604310
9604311,9604311
9604312,9604312
9604313,9604313
9604314,9604314
9604316,9604316
9604317,9604317
9604318,9604318
9604319,9604319
9604320,9604320
9604321,9604321
9604322,9604322
9604323,9604323
9604324,9604324
9604325,9604325
9604326,9604326
9604327,9604327
9604328,9604328
9604329,9604329
9604330,9604330
9604331,9604331
9604333,9604333
9604334,9604334
9604335,9604335
9604336,9604336
9604337,9604337
9604338,9604338
9604339,9604339
9604340,9604340
9604341,9604341
9604342,9604342
9604343,9604343
9604344,9604344
9604345,9604345
9604346,9604346
9604347,9604347
9604348,9604348
9604349,9604349
9604350,9604350
9604351,9604351
9604352,9604352
9604353,9604353
9604354,9604354
9604355,9604355
9604356,9604356
9604357,9604357
9604358,9604358
9604359,9604359
9604360,9604360
9604361,9604361
9604362,9604362
9604363,9604363
9604364,9604364
9604365,9604365
9604366,9604366
9604367,9604367
9604368,9604368
9604369,9604369
9604370,9604370
9604372,9604372
9604373,9604373
9604374,9604374
9604375,9604375
9604376,9604376
9604377,9604377
9604378,9604378
9604379,9604379
9604380,9604380
9604381,9604381
9604382,9604382
9604383,9604383
9604384,9604384
9604385,9604385
9604386,9604386
9604387,9604387
9604388,9604388
9604389,9604389
9604390,9604390
9604391,9604391
9604392,9604392
9604393,9604393
9604394,9604394
9604395,9604395
9604397,9604397
9604398,9604398
9604399,9604399
9604400,9604400
9604402,9604402
9604403,9604403
9604404,9604404
9604405,9604405
9604406,9604406
9604407,9604407
9604408,9604408
9604409,9604409
9604410,9604410
9604411,9604411
9604412,9604412
9604413,9604413
9604414,9604414
9604415,9604415
9604416,9604416
9604417,9604417
9604418,9604418
9604419,9604419
9604420,9604420
9604421,9604421
9604422,9604422
9604423,9604423
9604424,9604424
9604425,9604425
9604426,9604426
9604427,9604427
9604428,9604428
9604429,9604429
9604430,9604430
9604431,9604431
9604432,9604432
9604433,9604433
9604434,9604434
9604435,9604435
9604436,9604436
9604437,9604437
9604438,9604438
9604439,9604439
9604440,9604440
9604441,9604441
9604442,9604442
9604443,9604443
9604444,9604444
9604445,9604445
9604446,9604446
9604447,9604447
9604448,9604448
9604449,9604449
9604450,9604450
9604451,9604451
9604452,9604452
9605201,9605201
9605202,9605202
9605203,9605203
9605204,9605204
9605205,9605205
9605206,9605206
9605207,9605207
9605208,9605208
9605209,9605209
9605210,9605210
9605212,9605212
9605213,9605213
9605214,9605214
9605215,9605215
9605216,9605216
9605217,9605217
9605218,9605218
9605219,9605219
9605220,9605220
9605221,9605221
9605222,9605222
9605223,9605223
9605224,9605224
9605225,9605225
9605226,9605226
9605227,9605227
9605228,9605228
9605229,9605229
9605230,9605230
9605231,9605231
9605232,9605232
9605233,9605233
9605234,9605234
9605235,9605235
9605237,9605237
9605238,9605238
9605239,9605239
9605240,9605240
9605241,9605241
9605242,9605242
9605243,9605243
9605244,9605244
9605245,9605245
9605246,9605246
9605247,9605247
9605248,9605248
9605249,9605249
9605250,9605250
9605251,9605251
9605252,9605252
9605253,9605253
9605254,9605254
9605255,9605255
9605256,9605256
9605257,9605257
9605258,9605258
9605259,9605259
9605260,9605260
9605262,9605262
9605263,9605263
9605264,9605264
9605265,9605265
9605266,9605266
9605267,9605267
9605268,9605268
9605269,9605269
9605270,9605270
9605271,9605271
9605272,9605272
9605273,9605273
9605274,9605274
9605275,9605275
9605276,9605276
9605277,9605277
9605278,9605278
9605279,9605279
9605280,9605280
9605281,9605281
9605282,9605282
9605283,9605283
9605284,9605284
9605285,9605285
9605286,9605286
9605287,9605287
9605288,9605288
9605289,9605289
9605290,9605290
9605291,9605291
9605292,9605292
9605293,9605293
9605295,9605295
9605296,9605296
9605297,9605297
9605298,9605298
9605299,9605299
9605300,9605300
9605301,9605301
9605302,9605302
9605303,9605303
9605304,9605304
9605305,9605305
9605306,9605306
9605308,9605308
9605309,9605309
9605310,9605310
9605311,9605311
9605312,9605312
9605313,9605313
9605314,9605314
9605315,9605315
9605316,9605316
9605317,9605317
9605318,9605318
9605319,9605319
9605320,9605320
9605321,9605321
9605322,9605322
9605323,9605323
9605324,9605324
9605325,9605325
9605326,9605326
9605327,9605327
9605328,9605328
9605329,9605329
9605330,9605330
9605331,9605331
9605332,9605332
9605333,9605333
9605334,9605334
9605335,9605335
9605336,9605336
9605337,9605337
9605338,9605338
9605339,9605339
9605340,9605340
9605341,9605341
9605342,9605342
9605343,9605343
9605344,9605344
9605345,9605345
9605346,9605346
9605347,9605347
9605348,9605348
9605349,9605349
9605350,9605350
9605351,9605351
9605352,9605352
9605353,9605353
9605354,9605354
9605355,9605355
9605356,9605356
9605357,9605357
9605358,9605358
9605359,9605359
9605360,9605360
9605361,9605361
9605362,9605362
9605363,9605363
9605364,9605364
9605365,9605365
9605366,9605366
9605367,9605367
9605368,9605368
9605369,9605369
9605370,9605370
9605371,9605371
9605372,9605372
9605373,9605373
9605374,9605374
9605375,9605375
9605376,9605376
9605377,9605377
9605378,9605378
9605379,9605379
9605380,9605380
9605381,9605381
9605382,9605382
9605383,9605383
9605384,9605384
9605385,9605385
9605386,9605386
9605387,9605387
9605388,9605388
9605389,9605389
9605390,9605390
9605391,9605391
9605392,9605392
9605393,9605393
9605394,9605394
9605395,9605395
9605396,9605396
9605397,9605397
9605398,9605398
9605399,9605399
9605400,9605400
9605401,9605401
9605402,9605402
9605403,9605403
9605404,9605404
9605405,9605405
9605406,9605406
9605407,9605407
9605408,9605408
9605409,9605409
9605410,9605410
9605411,9605411
9605412,9605412
9605413,9605413
9605414,9605414
9605415,9605415
9605416,9605416
9605417,9605417
9605418,9605418
9605419,9605419
9605420,9605420
9605421,9605421
9605422,9605422
9605423,9605423
9605424,9605424
9605425,9605425
9605426,9605426
9605427,9605427
9605428,9605428
9605429,9605429
9605430,9605430
9605431,9605431
9605432,9605432
9605433,9605433
9605434,9605434
9605435,9605435
9605436,9605436
9605438,9605438
9605439,9605439
9605440,9605440
9605441,9605441
9605442,9605442
9605443,9605443
9605444,9605444
9605445,9605445
9605446,9605446
9605447,9605447
9605448,9605448
9605449,9605449
9605450,9605450
9605451,9605451
9605453,9605453
9605454,9605454
9605455,9605455
9605456,9605456
9605457,9605457
9605458,9605458
9605459,9605459
9605460,9605460
9605461,9605461
9605462,9605462
9605463,9605463
9605465,9605465
9605466,9605466
9606201,9606201
9606202,9606202
9606203,9606203
9606204,9606204
9606205,9606205
9606206,9606206
9606207,9606207
9606208,9606208
9606209,9606209
9606210,9606210
9606211,9606211
9606212,9606212
9606213,9606213
9606214,9606214
9606215,9606215
9606216,9606216
9606217,9606217
9606218,9606218
9606219,9606219
9606220,9606220
9606221,9606221
9606222,9606222
9606223,9606223
9606224,9606224
9606225,9606225
9606226,9606226
9606227,9606227
9606228,9606228
9606229,9606229
9606230,9606230
9606231,9606231
9606232,9606232
9606233,9606233
9606234,9606234
9606235,9606235
9606236,9606236
9606237,9606237
9606238,9606238
9606239,9606239
9606240,9606240
9606241,9606241
9606242,9606242
9606243,9606243
9606244,9606244
9606245,9606245
9606246,9606246
9606247,9606247
9606248,9606248
9606249,9606249
9606250,9606250
9606251,9606251
9606252,9606252
9606253,9606253
9606254,9606254
9606255,9606255
9606256,9606256
9606257,9606257
9606258,9606258
9606259,9606259
9606260,9606260
9606261,9606261
9606262,9606262
9606263,9606263
9606264,9606264
9606265,9606265
9606266,9606266
9606267,9606267
9606268,9606268
9606269,9606269
9606270,9606270
9606271,9606271
9606272,9606272
9606273,9606273
9606274,9606274
9606275,9606275
9606276,9606276
9606277,9606277
9606278,9606278
9606279,9606279
9606280,9606280
9606281,9606281
9606282,9606282
9606283,9606283
9606284,9606284
9606285,9606285
9606286,9606286
9606287,9606287
9606288,9606288
9606289,9606289
9606290,9606290
9606291,9606291
9606292,9606292
9606293,9606293
9606294,9606294
9606295,9606295
9606296,9606296
9606297,9606297
9606298,9606298
9606299,9606299
9606300,9606300
9606301,9606301
9606302,9606302
9606304,9606304
9606305,9606305
9606306,9606306
9606307,9606307
9606308,9606308
9606309,9606309
9606310,9606310
9606311,9606311
9606312,9606312
9606313,9606313
9606314,9606314
9606315,9606315
9606316,9606316
9606317,9606317
9606318,9606318
9606319,9606319
9606320,9606320
9606321,9606321
9606322,9606322
9606323,9606323
9606324,9606324
9606325,9606325
9606326,9606326
9606327,9606327
9606328,9606328
9606329,9606329
9606330,9606330
9606331,9606331
9606332,9606332
9606333,9606333
9606334,9606334
9606335,9606335
9606336,9606336
9606337,9606337
9606338,9606338
9606340,9606340
9606341,9606341
9606342,9606342
9606343,9606343
9606344,9606344
9606345,9606345
9606346,9606346
9606347,9606347
9606348,9606348
9606349,9606349
9606350,9606350
9606351,9606351
9606352,9606352
9606353,9606353
9606354,9606354
9606355,9606355
9606356,9606356
9606357,9606357
9606358,9606358
9606359,9606359
9606360,9606360
9606361,9606361
9606362,9606362
9606363,9606363
9606364,9606364
9606365,9606365
9606366,9606366
9606367,9606367
9606368,9606368
9606369,9606369
9606370,9606370
9606371,9606371
9606372,9606372
9606373,9606373
9606374,9606374
9606375,9606375
9606376,9606376
9606377,9606377
9606378,9606378
9606379,9606379
9606380,9606380
9606381,9606381
9606382,9606382
9606383,9606383
9606384,9606384
9606385,9606385
9606386,9606386
9606387,9606387
9606388,9606388
9606389,9606389
9606390,9606390
9606391,9606391
9606392,9606392
9606393,9606393
9606394,9606394
9606395,9606395
9606396,9606396
9606397,9606397
9606398,9606398
9606399,9606399
9606401,9606401
9606402,9606402
9606403,9606403
9606404,9606404
9606405,9606405
9606406,9606406
9606407,9606407
9606408,9606408
9606409,9606409
9606410,9606410
9606411,9606411
9606412,9606412
9606414,9606414
9606415,9606415
9606416,9606416
9606417,9606417
9606418,9606418
9606419,9606419
9606420,9606420
9606421,9606421
9606422,9606422
9606423,9606423
9606424,9606424
9606425,9606425
9606426,9606426
9606427,9606427
9606428,9606428
9606429,9606429
9606431,9606431
9606432,9606432
9606433,9606433
9606434,9606434
9606435,9606435
9606436,9606436
9606438,9606438
9606439,9606439
9606440,9606440
9606441,9606441
9606442,9606442
9606443,9606443
9606444,9606444
9606445,9606445
9606446,9606446
9606447,9606447
9606448,9606448
9606449,9606449
9606450,9606450
9606451,9606451
9606452,9606452
9606453,9606453
9606454,9606454
9606455,9606455
9606456,9606456
9606457,9606457
9606459,9606459
9606460,9606460
9606461,9606461
9606462,9606462
9606463,9606463
9606464,9606464
9606465,9606465
9606466,9606466
9606467,9606467
9606468,9606468
9606469,9606469
9606470,9606470
9606471,9606471
9606472,9606472
9606473,9606473
9606474,9606474
9606475,9606475
9606476,9606476
9606477,9606477
9606478,9606478
9606479,9606479
9606480,9606480
9606481,9606481
9606482,9606482
9606483,9606483
9606484,9606484
9606485,9606485
9606486,9606486
9607201,9607201
9607202,9607202
9607203,9607203
9607204,9607204
9607205,9607205
9607206,9607206
9607207,9607207
9607208,9607208
9607209,9607209
9607210,9607210
9607211,9607211
9607212,9607212
9607213,9607213
9607214,9607214
9607215,9607215
9607216,9607216
9607217,9607217
9607218,9607218
9607219,9607219
9607220,9607220
9607221,9607221
9607222,9607222
9607223,9607223
9607224,9607224
9607225,9607225
9607226,9607226
9607227,9607227
9607228,9607228
9607229,9607229
9607230,9607230
9607231,9607231
9607232,9607232
9607233,9607233
9607234,9607234
9607235,9607235
9607236,9607236
9607237,9607237
9607238,9607238
9607239,9607239
9607240,9607240
9607241,9607241
9607242,9607242
9607243,9607243
9607244,9607244
9607245,9607245
9607246,9607246
9607247,9607247
9607248,9607248
9607249,9607249
9607250,9607250
9607251,9607251
9607252,9607252
9607253,9607253
9607254,9607254
9607255,9607255
9607256,9607256
9607257,9607257
9607258,9607258
9607259,9607259
9607260,9607260
9607261,9607261
9607262,9607262
9607263,9607263
9607264,9607264
9607265,9607265
9607266,9607266
9607267,9607267
9607268,9607268
9607269,9607269
9607270,9607270
9607271,9607271
9607272,9607272
9607273,9607273
9607274,9607274
9607275,9607275
9607276,9607276
9607277,9607277
9607278,9607278
9607279,9607279
9607280,9607280
9607281,9607281
9607282,9607282
9607283,9607283
9607284,9607284
9607285,9607285
9607286,9607286
9607287,9607287
9607288,9607288
9607289,9607289
9607290,9607290
9607291,9607291
9607292,9607292
9607293,9607293
9607294,9607294
9607295,9607295
9607296,9607296
9607297,9607297
9607298,9607298
9607299,9607299
9607300,9607300
9607301,9607301
9607302,9607302
9607303,9607303
9607304,9607304
9607305,9607305
9607306,9607306
9607307,9607307
9607308,9607308
9607309,9607309
9607310,9607310
9607311,9607311
9607312,9607312
9607313,9607313
9607314,9607314
9607315,9607315
9607316,9607316
9607317,9607317
9607318,9607318
9607319,9607319
9607320,9607320
9607323,9607323
9607324,9607324
9607325,9607325
9607326,9607326
9607327,9607327
9607328,9607328
9607329,9607329
9607331,9607331
9607332,9607332
9607333,9607333
9607334,9607334
9607335,9607335
9607336,9607336
9607337,9607337
9607338,9607338
9607339,9607339
9607340,9607340
9607341,9607341
9607342,9607342
9607343,9607343
9607344,9607344
9607345,9607345
9607346,9607346
9607347,9607347
9607348,9607348
9607349,9607349
9607350,9607350
9607351,9607351
9607352,9607352
9607353,9607353
9607354,9607354
9607355,9607355
9607356,9607356
9607357,9607357
9607358,9607358
9607359,9607359
9607360,9607360
9607361,9607361
9607362,9607362
9607363,9607363
9607364,9607364
9607365,9607365
9607366,9607366
9607367,9607367
9607368,9607368
9607369,9607369
9607370,9607370
9607371,9607371
9607372,9607372
9607373,9607373
9607374,9607374
9607375,9607375
9607376,9607376
9607377,9607377
9607378,9607378
9607379,9607379
9607380,9607380
9607382,9607382
9607383,9607383
9607384,9607384
9607385,9607385
9607386,9607386
9607387,9607387
9607388,9607388
9607389,9607389
9607390,9607390
9607391,9607391
9607392,9607392
9607393,9607393
9607394,9607394
9607395,9607395
9607396,9607396
9607397,9607397
9607399,9607399
9607400,9607400
9607401,9607401
9607403,9607403
9607404,9607404
9607405,9607405
9607406,9607406
9607407,9607407
9607408,9607408
9607409,9607409
9607410,9607410
9607411,9607411
9607412,9607412
9607413,9607413
9607414,9607414
9607415,9607415
9607416,9607416
9607417,9607417
9607418,9607418
9607419,9607419
9607420,9607420
9607421,9607421
9607422,9607422
9607423,9607423
9607424,9607424
9607425,9607425
9607426,9607426
9607427,9607427
9607428,9607428
9607429,9607429
9607430,9607430
9607431,9607431
9607432,9607432
9607433,9607433
9607434,9607434
9607435,9607435
9607436,9607436
9607437,9607437
9607438,9607438
9607439,9607439
9607440,9607440
9607441,9607441
9607442,9607442
9607443,9607443
9607444,9607444
9607445,9607445
9607446,9607446
9607447,9607447
9607448,9607448
9607449,9607449
9607450,9607450
9607451,9607451
9607452,9607452
9607453,9607453
9607454,9607454
9607455,9607455
9607456,9607456
9607457,9607457
9607458,9607458
9607459,9607459
9607460,9607460
9607461,9607461
9607462,9607462
9607463,9607463
9607464,9607464
9607465,9607465
9607466,9607466
9607467,9607467
9607468,9607468
9607469,9607469
9607470,9607470
9607471,9607471
9607472,9607472
9607473,9607473
9607474,9607474
9607475,9607475
9607476,9607476
9607477,9607477
9607479,9607479
9607480,9607480
9607481,9607481
9607482,9607482
9607483,9607483
9607484,9607484
9607485,9607485
9607486,9607486
9607487,9607487
9607488,9607488
9608201,9608201
9608202,9608202
9608203,9608203
9608204,9608204
9608205,9608205
9608206,9608206
9608207,9608207
9608208,9608208
9608209,9608209
9608210,9608210
9608211,9608211
9608212,9608212
9608213,9608213
9608214,9608214
9608215,9608215
9608216,9608216
9608217,9608217
9608218,9608218
9608219,9608219
9608220,9608220
9608221,9608221
9608222,9608222
9608223,9608223
9608224,9608224
9608225,9608225
9608226,9608226
9608228,9608228
9608229,9608229
9608230,9608230
9608231,9608231
9608232,9608232
9608233,9608233
9608234,9608234
9608235,9608235
9608236,9608236
9608237,9608237
9608238,9608238
9608239,9608239
9608240,9608240
9608241,9608241
9608242,9608242
9608243,9608243
9608244,9608244
9608245,9608245
9608246,9608246
9608247,9608247
9608248,9608248
9608249,9608249
9608250,9608250
9608251,9608251
9608252,9608252
9608253,9608253
9608254,9608254
9608255,9608255
9608256,9608256
9608257,9608257
9608258,9608258
9608259,9608259
9608260,9608260
9608261,9608261
9608262,9608262
9608263,9608263
9608264,9608264
9608266,9608266
9608267,9608267
9608268,9608268
9608269,9608269
9608270,9608270
9608271,9608271
9608272,9608272
9608273,9608273
9608274,9608274
9608275,9608275
9608276,9608276
9608277,9608277
9608278,9608278
9608279,9608279
9608280,9608280
9608281,9608281
9608282,9608282
9608283,9608283
9608284,9608284
9608285,9608285
9608286,9608286
9608287,9608287
9608289,9608289
9608290,9608290
9608291,9608291
9608292,9608292
9608293,9608293
9608294,9608294
9608295,9608295
9608296,9608296
9608297,9608297
9608298,9608298
9608299,9608299
9608300,9608300
9608301,9608301
9608302,9608302
9608303,9608303
9608304,9608304
9608305,9608305
9608306,9608306
9608307,9608307
9608308,9608308
9608309,9608309
9608310,9608310
9608311,9608311
9608312,9608312
9608313,9608313
9608314,9608314
9608315,9608315
9608316,9608316
9608317,9608317
9608318,9608318
9608319,9608319
9608320,9608320
9608321,9608321
9608322,9608322
9608323,9608323
9608324,9608324
9608325,9608325
9608326,9608326
9608327,9608327
9608328,9608328
9608329,9608329
9608330,9608330
9608331,9608331
9608333,9608333
9608334,9608334
9608335,9608335
9608336,9608336
9608337,9608337
9608338,9608338
9608339,9608339
9608340,9608340
9608341,9608341
9608342,9608342
9608343,9608343
9608344,9608344
9608346,9608346
9608347,9608347
9608348,9608348
9608349,9608349
9608350,9608350
9608351,9608351
9608352,9608352
9608353,9608353
9608354,9608354
9608355,9608355
9608356,9608356
9608357,9608357
9608358,9608358
9608359,9608359
9608360,9608360
9608361,9608361
9608362,9608362
9608363,9608363
9608364,9608364
9608365,9608365
9608366,9608366
9608367,9608367
9608368,9608368
9608369,9608369
9608370,9608370
9608371,9608371
9608372,9608372
9608373,9608373
9608374,9608374
9608375,9608375
9608376,9608376
9608378,9608378
9608379,9608379
9608380,9608380
9608381,9608381
9608382,9608382
9608383,9608383
9608384,9608384
9608385,9608385
9608386,9608386
9608387,9608387
9608388,9608388
9608389,9608389
9608390,9608390
9608391,9608391
9608392,9608392
9608393,9608393
9608394,9608394
9608395,9608395
9608396,9608396
9608397,9608397
9608398,9608398
9608399,9608399
9608400,9608400
9608401,9608401
9608402,9608402
9608403,9608403
9608404,9608404
9608405,9608405
9608406,9608406
9608407,9608407
9608408,9608408
9608409,9608409
9608410,9608410
9608411,9608411
9608412,9608412
9608413,9608413
9608414,9608414
9608415,9608415
9608416,9608416
9608418,9608418
9608419,9608419
9608420,9608420
9608421,9608421
9608422,9608422
9608424,9608424
9608425,9608425
9608426,9608426
9608427,9608427
9608428,9608428
9608429,9608429
9608430,9608430
9608431,9608431
9608432,9608432
9608433,9608433
9608434,9608434
9608435,9608435
9608436,9608436
9608437,9608437
9608438,9608438
9608439,9608439
9608440,9608440
9608441,9608441
9608442,9608442
9608443,9608443
9608444,9608444
9608445,9608445
9608446,9608446
9608447,9608447
9608448,9608448
9608449,9608449
9608450,9608450
9608451,9608451
9608453,9608453
9608454,9608454
9608455,9608455
9608456,9608456
9608457,9608457
9608458,9608458
9608459,9608459
9608460,9608460
9608461,9608461
9608462,9608462
9608463,9608463
9608464,9608464
9608466,9608466
9608467,9608467
9608468,9608468
9608469,9608469
9608470,9608470
9608471,9608471
9608472,9608472
9608473,9608473
9608474,9608474
9608475,9608475
9608476,9608476
9608477,9608477
9608478,9608478
9608479,9608479
9608480,9608480
9608481,9608481
9608482,9608482
9608483,9608483
9608484,9608484
9608485,9608485
9608486,9608486
9608487,9608487
9608488,9608488
9608489,9608489
9608490,9608490
9608491,9608491
9608492,9608492
9608493,9608493
9609201,9609201
9609202,9609202
9609203,9609203
9609204,9609204
9609205,9609205
9609206,9609206
9609207,9609207
9609208,9609208
9609209,9609209
9609210,9609210
9609211,9609211
9609212,9609212
9609213,9609213
9609214,9609214
9609215,9609215
9609216,9609216
9609217,9609217
9609218,9609218
9609219,9609219
9609220,9609220
9609221,9609221
9609222,9609222
9609223,9609223
9609224,9609224
9609225,9609225
9609226,9609226
9609228,9609228
9609229,9609229
9609231,9609231
9609233,9609233
9609234,9609234
9609235,9609235
9609236,9609236
9609237,9609237
9609239,9609239
9609240,9609240
9609241,9609241
9609243,9609243
9609244,9609244
9609245,9609245
9609246,9609246
9609247,9609247
9609248,9609248
9609249,9609249
9609250,9609250
9609252,9609252
9609254,9609254
9609255,9609255
9609256,9609256
9609258,9609258
9609259,9609259
9609260,9609260
9609261,9609261
9609262,9609262
9609263,9609263
9609264,9609264
9609265,9609265
9609266,9609266
9609267,9609267
9609268,9609268
9609269,9609269
9609270,9609270
9609271,9609271
9609272,9609272
9609274,9609274
9609275,9609275
9609276,9609276
9609277,9609277
9609278,9609278
9609279,9609279
9609280,9609280
9609281,9609281
9609282,9609282
9609283,9609283
9609284,9609284
9609285,9609285
9609286,9609286
9609287,9609287
9609288,9609288
9609289,9609289
9609290,9609290
9609291,9609291
9609292,9609292
9609293,9609293
9609294,9609294
9609295,9609295
9609296,9609296
9609297,9609297
9609298,9609298
9609299,9609299
9609300,9609300
9609301,9609301
9609302,9609302
9609303,9609303
9609304,9609304
9609305,9609305
9609306,9609306
9609307,9609307
9609308,9609308
9609309,9609309
9609310,9609310
9609311,9609311
9609312,9609312
9609313,9609313
9609314,9609314
9609315,9609315
9609316,9609316
9609317,9609317
9609318,9609318
9609319,9609319
9609320,9609320
9609321,9609321
9609322,9609322
9609323,9609323
9609324,9609324
9609325,9609325
9609326,9609326
9609327,9609327
9609328,9609328
9609329,9609329
9609331,9609331
9609332,9609332
9609334,9609334
9609335,9609335
9609336,9609336
9609337,9609337
9609338,9609338
9609339,9609339
9609340,9609340
9609341,9609341
9609342,9609342
9609343,9609343
9609344,9609344
9609345,9609345
9609346,9609346
9609347,9609347
9609348,9609348
9609349,9609349
9609350,9609350
9609351,9609351
9609352,9609352
9609353,9609353
9609354,9609354
9609355,9609355
9609356,9609356
9609357,9609357
9609358,9609358
9609359,9609359
9609360,9609360
9609361,9609361
9609362,9609362
9609363,9609363
9609364,9609364
9609365,9609365
9609366,9609366
9609367,9609367
9609368,9609368
9609369,9609369
9609370,9609370
9609371,9609371
9609372,9609372
9609373,9609373
9609374,9609374
9609375,9609375
9609376,9609376
9609377,9609377
9609378,9609378
9609379,9609379
9609380,9609380
9609381,9609381
9609383,9609383
9609384,9609384
9609385,9609385
9609386,9609386
9609387,9609387
9609388,9609388
9609389,9609389
9609390,9609390
9609391,9609391
9609392,9609392
9609393,9609393
9609394,9609394
9609395,9609395
9609396,9609396
9609398,9609398
9609399,9609399
9609400,9609400
9609401,9609401
9609402,9609402
9609403,9609403
9609404,9609404
9609405,9609405
9609406,9609406
9609407,9609407
9609409,9609409
9609410,9609410
9609411,9609411
9609412,9609412
9609413,9609413
9609414,9609414
9609415,9609415
9609416,9609416
9609417,9609417
9609418,9609418
9609419,9609419
9609420,9609420
9609421,9609421
9609422,9609422
9609423,9609423
9609424,9609424
9609425,9609425
9609426,9609426
9609427,9609427
9609428,9609428
9609429,9609429
9609430,9609430
9609431,9609431
9609432,9609432
9609433,9609433
9609434,9609434
9609435,9609435
9609436,9609436
9609437,9609437
9609438,9609438
9609439,9609439
9609440,9609440
9609441,9609441
9609442,9609442
9609443,9609443
9609444,9609444
9609445,9609445
9609446,9609446
9609447,9609447
9609448,9609448
9609449,9609449
9609450,9609450
9609451,9609451
9609452,9609452
9609453,9609453
9609454,9609454
9609455,9609455
9609456,9609456
9609457,9609457
9609458,9609458
9609459,9609459
9609460,9609460
9609461,9609461
9609462,9609462
9609463,9609463
9609464,9609464
9609465,9609465
9609466,9609466
9609467,9609467
9609468,9609468
9609469,9609469
9609470,9609470
9609472,9609472
9609474,9609474
9609475,9609475
9609476,9609476
9609477,9609477
9609478,9609478
9609479,9609479
9609480,9609480
9609481,9609481
9609482,9609482
9609483,9609483
9609484,9609484
9609485,9609485
9609486,9609486
9609487,9609487
9609488,9609488
9609489,9609489
9609490,9609490
9609491,9609491
9609492,9609492
9609493,9609493
9609494,9609494
9609495,9609495
9609496,9609496
9609497,9609497
9609498,9609498
9609499,9609499
9609500,9609500
9609501,9609501
9609502,9609502
9609503,9609503
9609504,9609504
9609505,9609505
9609506,9609506
9609507,9609507
9609508,9609508
9609509,9609509
9609511,9609511
9609512,9609512
9609513,9609513
9609514,9609514
9609515,9609515
9609516,9609516
9609517,9609517
9609518,9609518
9609519,9609519
9609520,9609520
9609521,9609521
9609522,9609522
9609523,9609523
9609524,9609524
9609525,9609525
9609526,9609526
9609527,9609527
9609528,9609528
9609529,9609529
9609530,9609530
9609531,9609531
9610201,9610201
9610202,9610202
9610203,9610203
9610204,9610204
9610205,9610205
9610206,9610206
9610207,9610207
9610208,9610208
9610209,9610209
9610210,9610210
9610211,9610211
9610212,9610212
9610213,9610213
9610214,9610214
9610215,9610215
9610216,9610216
9610217,9610217
9610218,9610218
9610219,9610219
9610220,9610220
9610221,9610221
9610222,9610222
9610223,9610223
9610224,9610224
9610226,9610226
9610227,9610227
9610228,9610228
9610229,9610229
9610230,9610230
9610231,9610231
9610232,9610232
9610233,9610233
9610234,9610234
9610235,9610235
9610236,9610236
9610237,9610237
9610238,9610238
9610239,9610239
9610240,9610240
9610241,9610241
9610242,9610242
9610243,9610243
9610244,9610244
9610245,9610245
9610246,9610246
9610247,9610247
9610248,9610248
9610249,9610249
9610250,9610250
9610252,9610252
9610253,9610253
9610254,9610254
9610255,9610255
9610256,9610256
9610257,9610257
9610258,9610258
9610259,9610259
9610260,9610260
9610261,9610261
9610262,9610262
9610263,9610263
9610264,9610264
9610265,9610265
9610266,9610266
9610267,9610267
9610268,9610268
9610269,9610269
9610270,9610270
9610271,9610271
9610272,9610272
9610273,9610273
9610274,9610274
9610275,9610275
9610276,9610276
9610277,9610277
9610279,9610279
9610280,9610280
9610281,9610281
9610282,9610282
9610283,9610283
9610284,9610284
9610285,9610285
9610286,9610286
9610287,9610287
9610288,9610288
9610289,9610289
9610290,9610290
9610291,9610291
9610292,9610292
9610293,9610293
9610294,9610294
9610295,9610295
9610296,9610296
9610297,9610297
9610298,9610298
9610299,9610299
9610300,9610300
9610301,9610301
9610302,9610302
9610303,9610303
9610304,9610304
9610305,9610305
9610306,9610306
9610309,9610309
9610310,9610310
9610311,9610311
9610312,9610312
9610313,9610313
9610314,9610314
9610315,9610315
9610316,9610316
9610317,9610317
9610318,9610318
9610319,9610319
9610320,9610320
9610321,9610321
9610322,9610322
9610323,9610323
9610324,9610324
9610325,9610325
9610326,9610326
9610327,9610327
9610328,9610328
9610330,9610330
9610331,9610331
9610332,9610332
9610333,9610333
9610334,9610334
9610335,9610335
9610336,9610336
9610337,9610337
9610338,9610338
9610339,9610339
9610340,9610340
9610341,9610341
9610342,9610342
9610343,9610343
9610344,9610344
9610345,9610345
9610346,9610346
9610347,9610347
9610348,9610348
9610349,9610349
9610350,9610350
9610351,9610351
9610352,9610352
9610353,9610353
9610354,9610354
9610355,9610355
9610356,9610356
9610357,9610357
9610358,9610358
9610360,9610360
9610361,9610361
9610362,9610362
9610363,9610363
9610364,9610364
9610365,9610365
9610366,9610366
9610367,9610367
9610368,9610368
9610369,9610369
9610370,9610370
9610371,9610371
9610372,9610372
9610373,9610373
9610374,9610374
9610375,9610375
9610376,9610376
9610377,9610377
9610378,9610378
9610379,9610379
9610380,9610380
9610381,9610381
9610382,9610382
9610383,9610383
9610384,9610384
9610385,9610385
9610386,9610386
9610387,9610387
9610388,9610388
9610389,9610389
9610391,9610391
9610392,9610392
9610393,9610393
9610394,9610394
9610396,9610396
9610397,9610397
9610398,9610398
9610399,9610399
9610400,9610400
9610401,9610401
9610402,9610402
9610403,9610403
9610404,9610404
9610405,9610405
9610406,9610406
9610407,9610407
9610408,9610408
9610409,9610409
9610410,9610410
9610411,9610411
9610412,9610412
9610413,9610413
9610414,9610414
9610415,9610415
9610416,9610416
9610417,9610417
9610418,9610418
9610419,9610419
9610420,9610420
9610421,9610421
9610422,9610422
9610423,9610423
9610424,9610424
9610425,9610425
9610426,9610426
9610427,9610427
9610428,9610428
9610429,9610429
9610430,9610430
9610431,9610431
9610432,9610432
9610433,9610433
9610434,9610434
9610435,9610435
9610436,9610436
9610437,9610437
9610439,9610439
9610440,9610440
9610441,9610441
9610442,9610442
9610443,9610443
9610444,9610444
9610445,9610445
9610446,9610446
9610447,9610447
9610448,9610448
9610449,9610449
9610450,9610450
9610451,9610451
9610452,9610452
9610453,9610453
9610454,9610454
9610455,9610455
9610456,9610456
9610457,9610457
9610458,9610458
9610459,9610459
9610460,9610460
9610461,9610461
9610462,9610462
9610463,9610463
9610464,9610464
9610465,9610465
9610466,9610466
9610467,9610467
9610468,9610468
9610469,9610469
9610470,9610470
9610471,9610471
9610472,9610472
9610473,9610473
9610474,9610474
9610475,9610475
9610476,9610476
9610477,9610477
9610478,9610478
9610479,9610479
9610480,9610480
9610481,9610481
9610482,9610482
9610483,9610483
9610484,9610484
9610485,9610485
9610486,9610486
9610487,9610487
9610488,9610488
9610489,9610489
9610490,9610490
9610491,9610491
9610492,9610492
9610493,9610493
9610494,9610494
9610495,9610495
9610497,9610497
9610498,9610498
9610499,9610499
9610500,9610500
9610501,9610501
9610502,9610502
9610503,9610503
9610504,9610504
9610505,9610505
9610506,9610506
9610507,9610507
9610508,9610508
9610509,9610509
9610510,9610510
9610511,9610511
9610512,9610512
9610513,9610513
9610514,9610514
9610515,9610515
9610516,9610516
9610517,9610517
9610518,9610518
9610519,9610519
9610520,9610520
9610521,9610521
9610522,9610522
9610523,9610523
9610524,9610524
9610525,9610525
9610526,9610526
9610527,9610527
9610528,9610528
9610529,9610529
9610530,9610530
9610531,9610531
9610532,9610532
9610533,9610533
9610534,9610534
9610535,9610535
9610538,9610538
9610539,9610539
9610540,9610540
9610541,9610541
9610542,9610542
9610543,9610543
9610544,9610544
9610545,9610545
9610547,9610547
9610548,9610548
9610549,9610549
9610550,9610550
9610551,9610551
9610552,9610552
9610553,9610553
9610554,9610554
9611201,9611201
9611202,9611202
9611203,9611203
9611204,9611204
9611205,9611205
9611206,9611206
9611207,9611207
9611208,9611208
9611209,9611209
9611210,9611210
9611211,9611211
9611212,9611212
9611213,9611213
9611214,9611214
9611215,9611215
9611216,9611216
9611217,9611217
9611218,9611218
9611219,9611219
9611220,9611220
9611221,9611221
9611222,9611222
9611223,9611223
9611224,9611224
9611225,9611225
9611226,9611226
9611227,9611227
9611228,9611228
9611229,9611229
9611230,9611230
9611231,9611231
9611232,9611232
9611233,9611233
9611234,9611234
9611235,9611235
9611236,9611236
9611237,9611237
9611238,9611238
9611239,9611239
9611240,9611240
9611241,9611241
9611242,9611242
9611243,9611243
9611244,9611244
9611245,9611245
9611246,9611246
9611247,9611247
9611248,9611248
9611249,9611249
9611250,9611250
9611251,9611251
9611252,9611252
9611253,9611253
9611254,9611254
9611255,9611255
9611256,9611256
9611257,9611257
9611258,9611258
9611259,9611259
9611260,9611260
9611261,9611261
9611262,9611262
9611263,9611263
9611264,9611264
9611265,9611265
9611266,9611266
9611267,9611267
9611268,9611268
9611269,9611269
9611270,9611270
9611271,9611271
9611272,9611272
9611273,9611273
9611275,9611275
9611276,9611276
9611277,9611277
9611278,9611278
9611279,9611279
9611280,9611280
9611281,9611281
9611282,9611282
9611283,9611283
9611284,9611284
9611285,9611285
9611286,9611286
9611287,9611287
9611288,9611288
9611289,9611289
9611290,9611290
9611291,9611291
9611292,9611292
9611293,9611293
9611294,9611294
9611295,9611295
9611296,9611296
9611297,9611297
9611298,9611298
9611299,9611299
9611300,9611300
9611301,9611301
9611302,9611302
9611303,9611303
9611304,9611304
9611305,9611305
9611306,9611306
9611307,9611307
9611308,9611308
9611309,9611309
9611310,9611310
9611311,9611311
9611312,9611312
9611313,9611313
9611314,9611314
9611315,9611315
9611316,9611316
9611318,9611318
9611319,9611319
9611320,9611320
9611321,9611321
9611322,9611322
9611324,9611324
9611325,9611325
9611326,9611326
9611327,9611327
9611328,9611328
9611329,9611329
9611330,9611330
9611331,9611331
9611332,9611332
9611333,9611333
9611334,9611334
9611335,9611335
9611336,9611336
9611337,9611337
9611338,9611338
9611339,9611339
9611340,9611340
9611341,9611341
9611342,9611342
9611343,9611343
9611344,9611344
9611345,9611345
9611346,9611346
9611347,9611347
9611348,9611348
9611349,9611349
9611350,9611350
9611351,9611351
9611353,9611353
9611354,9611354
9611355,9611355
9611356,9611356
9611357,9611357
9611358,9611358
9611359,9611359
9611360,9611360
9611361,9611361
9611362,9611362
9611363,9611363
9611364,9611364
9611365,9611365
9611367,9611367
9611368,9611368
9611369,9611369
9611370,9611370
9611371,9611371
9611372,9611372
9611373,9611373
9611374,9611374
9611375,9611375
9611376,9611376
9611377,9611377
9611379,9611379
9611380,9611380
9611381,9611381
9611382,9611382
9611383,9611383
9611384,9611384
9611385,9611385
9611386,9611386
9611387,9611387
9611388,9611388
9611389,9611389
9611390,9611390
9611391,9611391
9611392,9611392
9611393,9611393
9611394,9611394
9611395,9611395
9611396,9611396
9611397,9611397
9611398,9611398
9611399,9611399
9611400,9611400
9611401,9611401
9611402,9611402
9611403,9611403
9611404,9611404
9611405,9611405
9611406,9611406
9611407,9611407
9611408,9611408
9611409,9611409
9611410,9611410
9611411,9611411
9611412,9611412
9611413,9611413
9611414,9611414
9611415,9611415
9611416,9611416
9611417,9611417
9611418,9611418
9611419,9611419
9611420,9611420
9611421,9611421
9611422,9611422
9611423,9611423
9611424,9611424
9611425,9611425
9611426,9611426
9611427,9611427
9611428,9611428
9611430,9611430
9611431,9611431
9611432,9611432
9611433,9611433
9611434,9611434
9611435,9611435
9611436,9611436
9611437,9611437
9611438,9611438
9611439,9611439
9611440,9611440
9611441,9611441
9611442,9611442
9611443,9611443
9611444,9611444
9611445,9611445
9611446,9611446
9611447,9611447
9611448,9611448
9611449,9611449
9611450,9611450
9611451,9611451
9611452,9611452
9611453,9611453
9611454,9611454
9611455,9611455
9611456,9611456
9611457,9611457
9611459,9611459
9611460,9611460
9611461,9611461
9611462,9611462
9611463,9611463
9611464,9611464
9611465,9611465
9611466,9611466
9612201,9612201
9612202,9612202
9612203,9612203
9612204,9612204
9612205,9612205
9612206,9612206
9612207,9612207
9612208,9612208
9612209,9612209
9612210,9612210
9612211,9612211
9612212,9612212
9612213,9612213
9612214,9612214
9612215,9612215
9612216,9612216
9612217,9612217
9612218,9612218
9612219,9612219
9612221,9612221
9612222,9612222
9612223,9612223
9612224,9612224
9612225,9612225
9612226,9612226
9612227,9612227
9612228,9612228
9612229,9612229
9612230,9612230
9612231,9612231
9612232,9612232
9612233,9612233
9612234,9612234
9612235,9612235
9612236,9612236
9612237,9612237
9612238,9612238
9612239,9612239
9612240,9612240
9612241,9612241
9612242,9612242
9612243,9612243
9612244,9612244
9612245,9612245
9612246,9612246
9612247,9612247
9612249,9612249
9612250,9612250
9612251,9612251
9612252,9612252
9612253,9612253
9612254,9612254
9612255,9612255
9612256,9612256
9612257,9612257
9612258,9612258
9612259,9612259
9612260,9612260
9612261,9612261
9612262,9612262
9612263,9612263
9612264,9612264
9612265,9612265
9612266,9612266
9612267,9612267
9612268,9612268
9612269,9612269
9612270,9612270
9612271,9612271
9612272,9612272
9612273,9612273
9612274,9612274
9612275,9612275
9612276,9612276
9612277,9612277
9612278,9612278
9612279,9612279
9612280,9612280
9612281,9612281
9612282,9612282
9612284,9612284
9612285,9612285
9612286,9612286
9612287,9612287
9612288,9612288
9612289,9612289
9612290,9612290
9612291,9612291
9612292,9612292
9612293,9612293
9612294,9612294
9612295,9612295
9612296,9612296
9612297,9612297
9612298,9612298
9612299,9612299
9612300,9612300
9612301,9612301
9612302,9612302
9612304,9612304
9612305,9612305
9612306,9612306
9612307,9612307
9612308,9612308
9612309,9612309
9612310,9612310
9612311,9612311
9612312,9612312
9612313,9612313
9612314,9612314
9612315,9612315
9612317,9612317
9612318,9612318
9612319,9612319
9612320,9612320
9612321,9612321
9612322,9612322
9612323,9612323
9612324,9612324
9612325,9612325
9612326,9612326
9612327,9612327
9612328,9612328
9612329,9612329
9612330,9612330
9612331,9612331
9612332,9612332
9612333,9612333
9612334,9612334
9612335,9612335
9612336,9612336
9612337,9612337
9612338,9612338
9612339,9612339
9612340,9612340
9612341,9612341
9612342,9612342
9612343,9612343
9612344,9612344
9612345,9612345
9612346,9612346
9612347,9612347
9612348,9612348
9612349,9612349
9612350,9612350
9612351,9612351
9612352,9612352
9612353,9612353
9612354,9612354
9612355,9612355
9612356,9612356
9612357,9612357
9612358,9612358
9612359,9612359
9612360,9612360
9612361,9612361
9612362,9612362
9612363,9612363
9612364,9612364
9612365,9612365
9612366,9612366
9612367,9612367
9612368,9612368
9612369,9612369
9612370,9612370
9612371,9612371
9612372,9612372
9612374,9612374
9612375,9612375
9612376,9612376
9612377,9612377
9612378,9612378
9612379,9612379
9612380,9612380
9612381,9612381
9612382,9612382
9612383,9612383
9612384,9612384
9612385,9612385
9612386,9612386
9612387,9612387
9612388,9612388
9612389,9612389
9612390,9612390
9612391,9612391
9612392,9612392
9612393,9612393
9612394,9612394
9612395,9612395
9612396,9612396
9612397,9612397
9612398,9612398
9612399,9612399
9612400,9612400
9612401,9612401
9612402,9612402
9612405,9612405
9612406,9612406
9612407,9612407
9612408,9612408
9612409,9612409
9612410,9612410
9612411,9612411
9612412,9612412
9612413,9612413
9612414,9612414
9612415,9612415
9612416,9612416
9612417,9612417
9612418,9612418
9612419,9612419
9612420,9612420
9612421,9612421
9612422,9612422
9612423,9612423
9612424,9612424
9612425,9612425
9612426,9612426
9612427,9612427
9612428,9612428
9612429,9612429
9612430,9612430
9612431,9612431
9612432,9612432
9612433,9612433
9612434,9612434
9612435,9612435
9612436,9612436
9612437,9612437
9612438,9612438
9612439,9612439
9612440,9612440
9612441,9612441
9612442,9612442
9612443,9612443
9612444,9612444
9612446,9612446
9612447,9612447
9612448,9612448
9612449,9612449
9612450,9612450
9612451,9612451
9612452,9612452
9612453,9612453
9612454,9612454
9612455,9612455
9612456,9612456
9612457,9612457
9612458,9612458
9612459,9612459
9612460,9612460
9612461,9612461
9612462,9612462
9612463,9612463
9612464,9612464
9612465,9612465
9612466,9612466
9612467,9612467
9612468,9612468
9612469,9612469
9612470,9612470
9612471,9612471
9612472,9612472
9612473,9612473
9612474,9612474
9612475,9612475
9612476,9612476
9612477,9612477
9612478,9612478
9612479,9612479
9612480,9612480
9612481,9612481
9612482,9612482
9612483,9612483
9612484,9612484
9612485,9612485
9612486,9612486
9612487,9612487
9612488,9612488
9612489,9612489
9612490,9612490
9612491,9612491
9612492,9612492
9612493,9612493
9612494,9612494
9612495,9612495
9701201,9701201
9701202,9701202
9701203,9701203
9701204,9701204
9701205,9701205
9701206,9701206
9701207,9701207
9701208,9701208
9701209,9701209
9701210,9701210
9701211,9701211
9701212,9701212
9701213,9701213
9701214,9701214
9701215,9701215
9701216,9701216
9701217,9701217
9701218,9701218
9701219,9701219
9701220,9701220
9701221,9701221
9701222,9701222
9701223,9701223
9701224,9701224
9701225,9701225
9701226,9701226
9701227,9701227
9701229,9701229
9701230,9701230
9701231,9701231
9701232,9701232
9701233,9701233
9701234,9701234
9701235,9701235
9701236,9701236
9701237,9701237
9701238,9701238
9701239,9701239
9701240,9701240
9701241,9701241
9701242,9701242
9701243,9701243
9701244,9701244
9701245,9701245
9701246,9701246
9701247,9701247
9701248,9701248
9701249,9701249
9701250,9701250
9701251,9701251
9701252,9701252
9701253,9701253
9701254,9701254
9701255,9701255
9701256,9701256
9701257,9701257
9701258,9701258
9701259,9701259
9701260,9701260
9701261,9701261
9701262,9701262
9701263,9701263
9701264,9701264
9701265,9701265
9701266,9701266
9701267,9701267
9701269,9701269
9701270,9701270
9701271,9701271
9701272,9701272
9701273,9701273
9701274,9701274
9701275,9701275
9701276,9701276
9701277,9701277
9701278,9701278
9701279,9701279
9701280,9701280
9701281,9701281
9701282,9701282
9701283,9701283
9701284,9701284
9701285,9701285
9701286,9701286
9701287,9701287
9701288,9701288
9701289,9701289
9701290,9701290
9701291,9701291
9701292,9701292
9701293,9701293
9701294,9701294
9701295,9701295
9701296,9701296
9701297,9701297
9701298,9701298
9701299,9701299
9701300,9701300
9701301,9701301
9701302,9701302
9701303,9701303
9701304,9701304
9701305,9701305
9701306,9701306
9701308,9701308
9701309,9701309
9701310,9701310
9701311,9701311
9701312,9701312
9701313,9701313
9701314,9701314
9701315,9701315
9701316,9701316
9701317,9701317
9701318,9701318
9701319,9701319
9701320,9701320
9701321,9701321
9701322,9701322
9701323,9701323
9701324,9701324
9701325,9701325
9701326,9701326
9701327,9701327
9701328,9701328
9701329,9701329
9701330,9701330
9701331,9701331
9701332,9701332
9701333,9701333
9701334,9701334
9701335,9701335
9701336,9701336
9701337,9701337
9701338,9701338
9701339,9701339
9701340,9701340
9701341,9701341
9701342,9701342
9701343,9701343
9701344,9701344
9701345,9701345
9701346,9701346
9701347,9701347
9701348,9701348
9701349,9701349
9701350,9701350
9701351,9701351
9701352,9701352
9701353,9701353
9701354,9701354
9701355,9701355
9701356,9701356
9701357,9701357
9701358,9701358
9701359,9701359
9701360,9701360
9701361,9701361
9701362,9701362
9701363,9701363
9701364,9701364
9701365,9701365
9701366,9701366
9701368,9701368
9701369,9701369
9701370,9701370
9701371,9701371
9701372,9701372
9701373,9701373
9701374,9701374
9701375,9701375
9701376,9701376
9701377,9701377
9701378,9701378
9701379,9701379
9701380,9701380
9701381,9701381
9701382,9701382
9701383,9701383
9701384,9701384
9701385,9701385
9701386,9701386
9701387,9701387
9701388,9701388
9701389,9701389
9701390,9701390
9701391,9701391
9701392,9701392
9701393,9701393
9701394,9701394
9701395,9701395
9701396,9701396
9701397,9701397
9701398,9701398
9701399,9701399
9701400,9701400
9701402,9701402
9701403,9701403
9701404,9701404
9701405,9701405
9701406,9701406
9701407,9701407
9701408,9701408
9701409,9701409
9701410,9701410
9701411,9701411
9701412,9701412
9701413,9701413
9701414,9701414
9701415,9701415
9701416,9701416
9701417,9701417
9701418,9701418
9701419,9701419
9701420,9701420
9701421,9701421
9701422,9701422
9701423,9701423
9701424,9701424
9701425,9701425
9702201,9702201
9702202,9702202
9702203,9702203
9702204,9702204
9702205,9702205
9702206,9702206
9702207,9702207
9702208,9702208
9702209,9702209
9702210,9702210
9702212,9702212
9702213,9702213
9702214,9702214
9702215,9702215
9702216,9702216
9702217,9702217
9702218,9702218
9702219,9702219
9702220,9702220
9702221,9702221
9702222,9702222
9702223,9702223
9702224,9702224
9702225,9702225
9702226,9702226
9702227,9702227
9702228,9702228
9702229,9702229
9702230,9702230
9702231,9702231
9702232,9702232
9702233,9702233
9702234,9702234
9702235,9702235
9702236,9702236
9702237,9702237
9702238,9702238
9702239,9702239
9702240,9702240
9702241,9702241
9702242,9702242
9702243,9702243
9702244,9702244
9702245,9702245
9702246,9702246
9702247,9702247
9702248,9702248
9702249,9702249
9702250,9702250
9702251,9702251
9702252,9702252
9702253,9702253
9702254,9702254
9702255,9702255
9702256,9702256
9702257,9702257
9702259,9702259
9702260,9702260
9702261,9702261
9702262,9702262
9702263,9702263
9702264,9702264
9702265,9702265
9702266,9702266
9702267,9702267
9702268,9702268
9702269,9702269
9702270,9702270
9702271,9702271
9702272,9702272
9702273,9702273
9702274,9702274
9702275,9702275
9702276,9702276
9702277,9702277
9702278,9702278
9702279,9702279
9702280,9702280
9702281,9702281
9702282,9702282
9702283,9702283
9702284,9702284
9702285,9702285
9702286,9702286
9702287,9702287
9702288,9702288
9702289,9702289
9702290,9702290
9702291,9702291
9702292,9702292
9702293,9702293
9702294,9702294
9702295,9702295
9702296,9702296
9702297,9702297
9702298,9702298
9702299,9702299
9702300,9702300
9702301,9702301
9702302,9702302
9702303,9702303
9702304,9702304
9702305,9702305
9702307,9702307
9702308,9702308
9702309,9702309
9702310,9702310
9702311,9702311
9702312,9702312
9702313,9702313
9702314,9702314
9702315,9702315
9702316,9702316
9702317,9702317
9702318,9702318
9702319,9702319
9702320,9702320
9702321,9702321
9702322,9702322
9702323,9702323
9702324,9702324
9702325,9702325
9702326,9702326
9702327,9702327
9702328,9702328
9702329,9702329
9702330,9702330
9702331,9702331
9702332,9702332
9702333,9702333
9702334,9702334
9702335,9702335
9702336,9702336
9702337,9702337
9702338,9702338
9702339,9702339
9702340,9702340
9702341,9702341
9702342,9702342
9702343,9702343
9702344,9702344
9702345,9702345
9702346,9702346
9702347,9702347
9702349,9702349
9702350,9702350
9702351,9702351
9702352,9702352
9702353,9702353
9702354,9702354
9702355,9702355
9702356,9702356
9702357,9702357
9702358,9702358
9702359,9702359
9702360,9702360
9702361,9702361
9702362,9702362
9702363,9702363
9702364,9702364
9702365,9702365
9702366,9702366
9702367,9702367
9702368,9702368
9702369,9702369
9702370,9702370
9702371,9702371
9702372,9702372
9702373,9702373
9702374,9702374
9702375,9702375
9702376,9702376
9702377,9702377
9702378,9702378
9702379,9702379
9702380,9702380
9702381,9702381
9702382,9702382
9702383,9702383
9702384,9702384
9702385,9702385
9702386,9702386
9702387,9702387
9702388,9702388
9702389,9702389
9702390,9702390
9702391,9702391
9702392,9702392
9702393,9702393
9702394,9702394
9702395,9702395
9702396,9702396
9702397,9702397
9702398,9702398
9702400,9702400
9702401,9702401
9702402,9702402
9702403,9702403
9702404,9702404
9702405,9702405
9702406,9702406
9702407,9702407
9702408,9702408
9702409,9702409
9702410,9702410
9702411,9702411
9702412,9702412
9702413,9702413
9702414,9702414
9702415,9702415
9702416,9702416
9702417,9702417
9702418,9702418
9702419,9702419
9702420,9702420
9702421,9702421
9702422,9702422
9702423,9702423
9702424,9702424
9702425,9702425
9702426,9702426
9702427,9702427
9702428,9702428
9702429,9702429
9702430,9702430
9702431,9702431
9702433,9702433
9702435,9702435
9702436,9702436
9702439,9702439
9702440,9702440
9702441,9702441
9702442,9702442
9702443,9702443
9703201,9703201
9703202,9703202
9703203,9703203
9703204,9703204
9703205,9703205
9703206,9703206
9703207,9703207
9703208,9703208
9703209,9703209
9703210,9703210
9703211,9703211
9703212,9703212
9703213,9703213
9703214,9703214
9703215,9703215
9703216,9703216
9703217,9703217
9703218,9703218
9703219,9703219
9703220,9703220
9703221,9703221
9703222,9703222
9703223,9703223
9703224,9703224
9703225,9703225
9703226,9703226
9703227,9703227
9703228,9703228
9703229,9703229
9703230,9703230
9703231,9703231
9703232,9703232
9703233,9703233
9703234,9703234
9703235,9703235
9703236,9703236
9703237,9703237
9703238,9703238
9703239,9703239
9703240,9703240
9703241,9703241
9703242,9703242
9703243,9703243
9703244,9703244
9703245,9703245
9703246,9703246
9703247,9703247
9703248,9703248
9703249,9703249
9703250,9703250
9703251,9703251
9703252,9703252
9703253,9703253
9703254,9703254
9703255,9703255
9703256,9703256
9703257,9703257
9703258,9703258
9703259,9703259
9703260,9703260
9703261,9703261
9703262,9703262
9703263,9703263
9703264,9703264
9703265,9703265
9703266,9703266
9703267,9703267
9703268,9703268
9703269,9703269
9703270,9703270
9703271,9703271
9703272,9703272
9703273,9703273
9703274,9703274
9703275,9703275
9703276,9703276
9703277,9703277
9703278,9703278
9703279,9703279
9703280,9703280
9703281,9703281
9703282,9703282
9703283,9703283
9703284,9703284
9703285,9703285
9703286,9703286
9703287,9703287
9703288,9703288
9703289,9703289
9703290,9703290
9703291,9703291
9703292,9703292
9703293,9703293
9703294,9703294
9703295,9703295
9703296,9703296
9703297,9703297
9703298,9703298
9703299,9703299
9703300,9703300
9703301,9703301
9703302,9703302
9703303,9703303
9703305,9703305
9703306,9703306
9703307,9703307
9703308,9703308
9703309,9703309
9703310,9703310
9703311,9703311
9703312,9703312
9703313,9703313
9703314,9703314
9703315,9703315
9703316,9703316
9703317,9703317
9703318,9703318
9703319,9703319
9703320,9703320
9703321,9703321
9703322,9703322
9703323,9703323
9703324,9703324
9703325,9703325
9703326,9703326
9703327,9703327
9703328,9703328
9703329,9703329
9703330,9703330
9703331,9703331
9703332,9703332
9703333,9703333
9703334,9703334
9703335,9703335
9703336,9703336
9703337,9703337
9703338,9703338
9703339,9703339
9703340,9703340
9703341,9703341
9703342,9703342
9703343,9703343
9703344,9703344
9703345,9703345
9703346,9703346
9703347,9703347
9703348,9703348
9703349,9703349
9703350,9703350
9703351,9703351
9703353,9703353
9703354,9703354
9703355,9703355
9703356,9703356
9703357,9703357
9703358,9703358
9703359,9703359
9703360,9703360
9703361,9703361
9703362,9703362
9703363,9703363
9703364,9703364
9703365,9703365
9703366,9703366
9703367,9703367
9703368,9703368
9703369,9703369
9703370,9703370
9703371,9703371
9703372,9703372
9703373,9703373
9703374,9703374
9703375,9703375
9703376,9703376
9703377,9703377
9703378,9703378
9703379,9703379
9703380,9703380
9703381,9703381
9703382,9703382
9703383,9703383
9703384,9703384
9703385,9703385
9703387,9703387
9703388,9703388
9703389,9703389
9703390,9703390
9703391,9703391
9703392,9703392
9703393,9703393
9703394,9703394
9703395,9703395
9703396,9703396
9703397,9703397
9703398,9703398
9703399,9703399
9703400,9703400
9703401,9703401
9703402,9703402
9703403,9703403
9703404,9703404
9703405,9703405
9703406,9703406
9703408,9703408
9703409,9703409
9703410,9703410
9703411,9703411
9703412,9703412
9703413,9703413
9703414,9703414
9703415,9703415
9703416,9703416
9703417,9703417
9703419,9703419
9703420,9703420
9703421,9703421
9703422,9703422
9703423,9703423
9703424,9703424
9703425,9703425
9703426,9703426
9703427,9703427
9703428,9703428
9703429,9703429
9703430,9703430
9703431,9703431
9703432,9703432
9703433,9703433
9703434,9703434
9703435,9703435
9703436,9703436
9703437,9703437
9703438,9703438
9703439,9703439
9703441,9703441
9703442,9703442
9703443,9703443
9703444,9703444
9703445,9703445
9703446,9703446
9703447,9703447
9703448,9703448
9703449,9703449
9703450,9703450
9703451,9703451
9703452,9703452
9703453,9703453
9703454,9703454
9703455,9703455
9703456,9703456
9703457,9703457
9703458,9703458
9703459,9703459
9703460,9703460
9703461,9703461
9703462,9703462
9703463,9703463
9703464,9703464
9703465,9703465
9704201,9704201
9704202,9704202
9704203,9704203
9704204,9704204
9704205,9704205
9704206,9704206
9704207,9704207
9704208,9704208
9704209,9704209
9704210,9704210
9704211,9704211
9704212,9704212
9704213,9704213
9704214,9704214
9704215,9704215
9704216,9704216
9704217,9704217
9704218,9704218
9704219,9704219
9704220,9704220
9704221,9704221
9704222,9704222
9704223,9704223
9704224,9704224
9704225,9704225
9704226,9704226
9704227,9704227
9704228,9704228
9704229,9704229
9704231,9704231
9704232,9704232
9704233,9704233
9704234,9704234
9704235,9704235
9704237,9704237
9704238,9704238
9704239,9704239
9704240,9704240
9704241,9704241
9704242,9704242
9704243,9704243
9704244,9704244
9704245,9704245
9704246,9704246
9704247,9704247
9704248,9704248
9704249,9704249
9704250,9704250
9704252,9704252
9704253,9704253
9704254,9704254
9704255,9704255
9704256,9704256
9704257,9704257
9704258,9704258
9704259,9704259
9704260,9704260
9704261,9704261
9704262,9704262
9704263,9704263
9704264,9704264
9704265,9704265
9704266,9704266
9704267,9704267
9704268,9704268
9704269,9704269
9704270,9704270
9704271,9704271
9704272,9704272
9704273,9704273
9704274,9704274
9704275,9704275
9704276,9704276
9704277,9704277
9704278,9704278
9704279,9704279
9704280,9704280
9704281,9704281
9704282,9704282
9704283,9704283
9704284,9704284
9704285,9704285
9704286,9704286
9704287,9704287
9704288,9704288
9704289,9704289
9704290,9704290
9704291,9704291
9704292,9704292
9704293,9704293
9704295,9704295
9704296,9704296
9704297,9704297
9704298,9704298
9704299,9704299
9704300,9704300
9704301,9704301
9704302,9704302
9704303,9704303
9704304,9704304
9704305,9704305
9704306,9704306
9704307,9704307
9704308,9704308
9704309,9704309
9704310,9704310
9704312,9704312
9704313,9704313
9704314,9704314
9704315,9704315
9704316,9704316
9704317,9704317
9704318,9704318
9704319,9704319
9704320,9704320
9704321,9704321
9704322,9704322
9704323,9704323
9704324,9704324
9704325,9704325
9704326,9704326
9704327,9704327
9704328,9704328
9704329,9704329
9704330,9704330
9704331,9704331
9704332,9704332
9704333,9704333
9704334,9704334
9704335,9704335
9704336,9704336
9704337,9704337
9704338,9704338
9704339,9704339
9704340,9704340
9704341,9704341
9704342,9704342
9704343,9704343
9704344,9704344
9704345,9704345
9704346,9704346
9704347,9704347
9704348,9704348
9704349,9704349
9704350,9704350
9704351,9704351
9704352,9704352
9704353,9704353
9704354,9704354
9704355,9704355
9704356,9704356
9704357,9704357
9704358,9704358
9704359,9704359
9704360,9704360
9704361,9704361
9704362,9704362
9704363,9704363
9704364,9704364
9704365,9704365
9704366,9704366
9704367,9704367
9704368,9704368
9704369,9704369
9704370,9704370
9704371,9704371
9704372,9704372
9704373,9704373
9704374,9704374
9704375,9704375
9704376,9704376
9704377,9704377
9704378,9704378
9704379,9704379
9704380,9704380
9704381,9704381
9704382,9704382
9704383,9704383
9704384,9704384
9704385,9704385
9704386,9704386
9704387,9704387
9704388,9704388
9704389,9704389
9704390,9704390
9704391,9704391
9704392,9704392
9704394,9704394
9704396,9704396
9704397,9704397
9704398,9704398
9704399,9704399
9704400,9704400
9704401,9704401
9704402,9704402
9704403,9704403
9704404,9704404
9704405,9704405
9704406,9704406
9704407,9704407
9704408,9704408
9704409,9704409
9704410,9704410
9704411,9704411
9704412,9704412
9704413,9704413
9704414,9704414
9704415,9704415
9704416,9704416
9704417,9704417
9704418,9704418
9704419,9704419
9704420,9704420
9704421,9704421
9704422,9704422
9704423,9704423
9704424,9704424
9704425,9704425
9704426,9704426
9704427,9704427
9704428,9704428
9704429,9704429
9704430,9704430
9704431,9704431
9704432,9704432
9704434,9704434
9704435,9704435
9704436,9704436
9704437,9704437
9704439,9704439
9704440,9704440
9704441,9704441
9704442,9704442
9704443,9704443
9704444,9704444
9704445,9704445
9704446,9704446
9704447,9704447
9704448,9704448
9704449,9704449
9704450,9704450
9704451,9704451
9704452,9704452
9704453,9704453
9704454,9704454
9704455,9704455
9704456,9704456
9704457,9704457
9705201,9705201
9705202,9705202
9705203,9705203
9705204,9705204
9705205,9705205
9705206,9705206
9705207,9705207
9705208,9705208
9705209,9705209
9705210,9705210
9705211,9705211
9705212,9705212
9705213,9705213
9705214,9705214
9705215,9705215
9705216,9705216
9705217,9705217
9705218,9705218
9705219,9705219
9705220,9705220
9705221,9705221
9705222,9705222
9705223,9705223
9705224,9705224
9705225,9705225
9705226,9705226
9705227,9705227
9705228,9705228
9705229,9705229
9705230,9705230
9705231,9705231
9705232,9705232
9705233,9705233
9705234,9705234
9705235,9705235
9705236,9705236
9705237,9705237
9705238,9705238
9705239,9705239
9705240,9705240
9705241,9705241
9705242,9705242
9705243,9705243
9705244,9705244
9705245,9705245
9705246,9705246
9705247,9705247
9705248,9705248
9705249,9705249
9705250,9705250
9705251,9705251
9705252,9705252
9705253,9705253
9705254,9705254
9705255,9705255
9705256,9705256
9705257,9705257
9705258,9705258
9705259,9705259
9705260,9705260
9705261,9705261
9705262,9705262
9705263,9705263
9705264,9705264
9705265,9705265
9705266,9705266
9705267,9705267
9705268,9705268
9705269,9705269
9705270,9705270
9705271,9705271
9705272,9705272
9705273,9705273
9705274,9705274
9705275,9705275
9705277,9705277
9705278,9705278
9705279,9705279
9705280,9705280
9705281,9705281
9705282,9705282
9705283,9705283
9705284,9705284
9705285,9705285
9705286,9705286
9705287,9705287
9705288,9705288
9705289,9705289
9705290,9705290
9705291,9705291
9705292,9705292
9705293,9705293
9705294,9705294
9705295,9705295
9705296,9705296
9705297,9705297
9705298,9705298
9705299,9705299
9705300,9705300
9705301,9705301
9705302,9705302
9705303,9705303
9705304,9705304
9705305,9705305
9705306,9705306
9705307,9705307
9705308,9705308
9705309,9705309
9705310,9705310
9705311,9705311
9705312,9705312
9705313,9705313
9705314,9705314
9705315,9705315
9705316,9705316
9705317,9705317
9705318,9705318
9705319,9705319
9705320,9705320
9705321,9705321
9705322,9705322
9705323,9705323
9705324,9705324
9705325,9705325
9705326,9705326
9705327,9705327
9705328,9705328
9705329,9705329
9705330,9705330
9705331,9705331
9705332,9705332
9705333,9705333
9705334,9705334
9705335,9705335
9705336,9705336
9705337,9705337
9705338,9705338
9705339,9705339
9705340,9705340
9705341,9705341
9705342,9705342
9705343,9705343
9705344,9705344
9705345,9705345
9705346,9705346
9705347,9705347
9705348,9705348
9705349,9705349
9705351,9705351
9705352,9705352
9705353,9705353
9705354,9705354
9705355,9705355
9705356,9705356
9705357,9705357
9705358,9705358
9705359,9705359
9705360,9705360
9705361,9705361
9705362,9705362
9705363,9705363
9705364,9705364
9705365,9705365
9705366,9705366
9705367,9705367
9705369,9705369
9705370,9705370
9705371,9705371
9705372,9705372
9705373,9705373
9705374,9705374
9705375,9705375
9705376,9705376
9705377,9705377
9705378,9705378
9705379,9705379
9705380,9705380
9705381,9705381
9705382,9705382
9705383,9705383
9705384,9705384
9705385,9705385
9705386,9705386
9705387,9705387
9705388,9705388
9705389,9705389
9705390,9705390
9705391,9705391
9705392,9705392
9705393,9705393
9705394,9705394
9705395,9705395
9705396,9705396
9705397,9705397
9705398,9705398
9705399,9705399
9705400,9705400
9705401,9705401
9705402,9705402
9705403,9705403
9705404,9705404
9705405,9705405
9705406,9705406
9705407,9705407
9705408,9705408
9705409,9705409
9705410,9705410
9705411,9705411
9705412,9705412
9705413,9705413
9705414,9705414
9705415,9705415
9705416,9705416
9705417,9705417
9705418,9705418
9705419,9705419
9705420,9705420
9705421,9705421
9705422,9705422
9705423,9705423
9705424,9705424
9705425,9705425
9705426,9705426
9705427,9705427
9705429,9705429
9705430,9705430
9705431,9705431
9705432,9705432
9705433,9705433
9705434,9705434
9705435,9705435
9705436,9705436
9705437,9705437
9705438,9705438
9705439,9705439
9705440,9705440
9705441,9705441
9705442,9705442
9705443,9705443
9705444,9705444
9705445,9705445
9705446,9705446
9705447,9705447
9705448,9705448
9705449,9705449
9705450,9705450
9705451,9705451
9705452,9705452
9705453,9705453
9705455,9705455
9705456,9705456
9705457,9705457
9705459,9705459
9705460,9705460
9705461,9705461
9705462,9705462
9705463,9705463
9705464,9705464
9705465,9705465
9705466,9705466
9705467,9705467
9705468,9705468
9705469,9705469
9705470,9705470
9705471,9705471
9705472,9705472
9705473,9705473
9705474,9705474
9705475,9705475
9705476,9705476
9705477,9705477
9705478,9705478
9705479,9705479
9705480,9705480
9706201,9706201
9706202,9706202
9706203,9706203
9706204,9706204
9706205,9706205
9706206,9706206
9706207,9706207
9706208,9706208
9706209,9706209
9706210,9706210
9706211,9706211
9706212,9706212
9706213,9706213
9706214,9706214
9706215,9706215
9706216,9706216
9706217,9706217
9706218,9706218
9706220,9706220
9706221,9706221
9706222,9706222
9706223,9706223
9706224,9706224
9706225,9706225
9706226,9706226
9706227,9706227
9706228,9706228
9706229,9706229
9706230,9706230
9706231,9706231
9706232,9706232
9706233,9706233
9706234,9706234
9706235,9706235
9706236,9706236
9706237,9706237
9706238,9706238
9706239,9706239
9706240,9706240
9706241,9706241
9706242,9706242
9706243,9706243
9706244,9706244
9706245,9706245
9706246,9706246
9706247,9706247
9706248,9706248
9706249,9706249
9706250,9706250
9706251,9706251
9706252,9706252
9706253,9706253
9706254,9706254
9706255,9706255
9706256,9706256
9706257,9706257
9706258,9706258
9706259,9706259
9706260,9706260
9706261,9706261
9706262,9706262
9706263,9706263
9706264,9706264
9706265,9706265
9706266,9706266
9706267,9706267
9706268,9706268
9706269,9706269
9706270,9706270
9706271,9706271
9706272,9706272
9706273,9706273
9706274,9706274
9706275,9706275
9706276,9706276
9706277,9706277
9706278,9706278
9706279,9706279
9706280,9706280
9706281,9706281
9706282,9706282
9706283,9706283
9706284,9706284
9706285,9706285
9706286,9706286
9706287,9706287
9706288,9706288
9706289,9706289
9706290,9706290
9706291,9706291
9706292,9706292
9706293,9706293
9706294,9706294
9706295,9706295
9706296,9706296
9706297,9706297
9706298,9706298
9706299,9706299
9706300,9706300
9706301,9706301
9706302,9706302
9706303,9706303
9706304,9706304
9706305,9706305
9706306,9706306
9706307,9706307
9706308,9706308
9706309,9706309
9706310,9706310
9706311,9706311
9706312,9706312
9706313,9706313
9706314,9706314
9706315,9706315
9706316,9706316
9706318,9706318
9706319,9706319
9706320,9706320
9706321,9706321
9706322,9706322
9706323,9706323
9706324,9706324
9706325,9706325
9706326,9706326
9706327,9706327
9706328,9706328
9706329,9706329
9706330,9706330
9706331,9706331
9706332,9706332
9706333,9706333
9706334,9706334
9706335,9706335
9706336,9706336
9706337,9706337
9706338,9706338
9706339,9706339
9706340,9706340
9706341,9706341
9706342,9706342
9706343,9706343
9706344,9706344
9706345,9706345
9706346,9706346
9706347,9706347
9706348,9706348
9706349,9706349
9706350,9706350
9706351,9706351
9706352,9706352
9706353,9706353
9706354,9706354
9706355,9706355
9706356,9706356
9706357,9706357
9706358,9706358
9706359,9706359
9706360,9706360
9706361,9706361
9706362,9706362
9706363,9706363
9706364,9706364
9706365,9706365
9706367,9706367
9706368,9706368
9706369,9706369
9706370,9706370
9706371,9706371
9706373,9706373
9706374,9706374
9706375,9706375
9706376,9706376
9706377,9706377
9706378,9706378
9706379,9706379
9706380,9706380
9706381,9706381
9706382,9706382
9706383,9706383
9706384,9706384
9706385,9706385
9706386,9706386
9706387,9706387
9706388,9706388
9706389,9706389
9706390,9706390
9706391,9706391
9706392,9706392
9706393,9706393
9706394,9706394
9706395,9706395
9706396,9706396
9706397,9706397
9706398,9706398
9706399,9706399
9706400,9706400
9706401,9706401
9706402,9706402
9706403,9706403
9706404,9706404
9706405,9706405
9706406,9706406
9706407,9706407
9706408,9706408
9706409,9706409
9706410,9706410
9706411,9706411
9706412,9706412
9706413,9706413
9706414,9706414
9706416,9706416
9706417,9706417
9706418,9706418
9706419,9706419
9706420,9706420
9706421,9706421
9706422,9706422
9706423,9706423
9706424,9706424
9706425,9706425
9706426,9706426
9706427,9706427
9706428,9706428
9706429,9706429
9706430,9706430
9706431,9706431
9706432,9706432
9706433,9706433
9706434,9706434
9706435,9706435
9706436,9706436
9706437,9706437
9706438,9706438
9706439,9706439
9706440,9706440
9706441,9706441
9706442,9706442
9706443,9706443
9706444,9706444
9706445,9706445
9706446,9706446
9706447,9706447
9706448,9706448
9706449,9706449
9706450,9706450
9706451,9706451
9706452,9706452
9706453,9706453
9706454,9706454
9706455,9706455
9706456,9706456
9706457,9706457
9706458,9706458
9706459,9706459
9706460,9706460
9706461,9706461
9706462,9706462
9706463,9706463
9706464,9706464
9706465,9706465
9706466,9706466
9706467,9706467
9706468,9706468
9706469,9706469
9706470,9706470
9706471,9706471
9706472,9706472
9706474,9706474
9706475,9706475
9706476,9706476
9706477,9706477
9706478,9706478
9706479,9706479
9706480,9706480
9706481,9706481
9706482,9706482
9706483,9706483
9706484,9706484
9706485,9706485
9706486,9706486
9706487,9706487
9706488,9706488
9706489,9706489
9706490,9706490
9706491,9706491
9706492,9706492
9706493,9706493
9706494,9706494
9706495,9706495
9706496,9706496
9706497,9706497
9706498,9706498
9706499,9706499
9706500,9706500
9706501,9706501
9706502,9706502
9706503,9706503
9706504,9706504
9706505,9706505
9706506,9706506
9706507,9706507
9706508,9706508
9706509,9706509
9706510,9706510
9706511,9706511
9706512,9706512
9706513,9706513
9706514,9706514
9706515,9706515
9706516,9706516
9706517,9706517
9706518,9706518
9706519,9706519
9706520,9706520
9706521,9706521
9706522,9706522
9706523,9706523
9706524,9706524
9706525,9706525
9706526,9706526
9706527,9706527
9706528,9706528
9706529,9706529
9706530,9706530
9706531,9706531
9706532,9706532
9706533,9706533
9706534,9706534
9706535,9706535
9706536,9706536
9706537,9706537
9706538,9706538
9706539,9706539
9706540,9706540
9706541,9706541
9706542,9706542
9706543,9706543
9706544,9706544
9706545,9706545
9706546,9706546
9706548,9706548
9706549,9706549
9706550,9706550
9706551,9706551
9706552,9706552
9706553,9706553
9706554,9706554
9707201,9707201
9707202,9707202
9707203,9707203
9707205,9707205
9707206,9707206
9707207,9707207
9707208,9707208
9707209,9707209
9707210,9707210
9707211,9707211
9707212,9707212
9707213,9707213
9707214,9707214
9707215,9707215
9707216,9707216
9707217,9707217
9707218,9707218
9707219,9707219
9707220,9707220
9707221,9707221
9707222,9707222
9707223,9707223
9707224,9707224
9707225,9707225
9707226,9707226
9707227,9707227
9707228,9707228
9707229,9707229
9707230,9707230
9707231,9707231
9707232,9707232
9707234,9707234
9707235,9707235
9707236,9707236
9707237,9707237
9707238,9707238
9707239,9707239
9707240,9707240
9707241,9707241
9707242,9707242
9707243,9707243
9707244,9707244
9707245,9707245
9707246,9707246
9707247,9707247
9707248,9707248
9707249,9707249
9707250,9707250
9707251,9707251
9707252,9707252
9707253,9707253
9707254,9707254
9707255,9707255
9707256,9707256
9707257,9707257
9707258,9707258
9707259,9707259
9707260,9707260
9707261,9707261
9707262,9707262
9707263,9707263
9707264,9707264
9707265,9707265
9707266,9707266
9707267,9707267
9707268,9707268
9707269,9707269
9707270,9707270
9707271,9707271
9707272,9707272
9707273,9707273
9707274,9707274
9707275,9707275
9707276,9707276
9707277,9707277
9707278,9707278
9707280,9707280
9707281,9707281
9707282,9707282
9707283,9707283
9707284,9707284
9707285,9707285
9707286,9707286
9707287,9707287
9707288,9707288
9707289,9707289
9707290,9707290
9707291,9707291
9707292,9707292
9707293,9707293
9707294,9707294
9707295,9707295
9707296,9707296
9707297,9707297
9707298,9707298
9707299,9707299
9707300,9707300
9707301,9707301
9707302,9707302
9707303,9707303
9707304,9707304
9707305,9707305
9707306,9707306
9707307,9707307
9707308,9707308
9707309,9707309
9707310,9707310
9707311,9707311
9707312,9707312
9707313,9707313
9707314,9707314
9707315,9707315
9707316,9707316
9707317,9707317
9707318,9707318
9707319,9707319
9707320,9707320
9707321,9707321
9707322,9707322
9707323,9707323
9707324,9707324
9707325,9707325
9707326,9707326
9707327,9707327
9707328,9707328
9707329,9707329
9707330,9707330
9707331,9707331
9707332,9707332
9707333,9707333
9707334,9707334
9707335,9707335
9707336,9707336
9707337,9707337
9707338,9707338
9707339,9707339
9707340,9707340
9707341,9707341
9707342,9707342
9707343,9707343
9707344,9707344
9707345,9707345
9707346,9707346
9707347,9707347
9707348,9707348
9707349,9707349
9707350,9707350
9707351,9707351
9707352,9707352
9707353,9707353
9707354,9707354
9707355,9707355
9707356,9707356
9707357,9707357
9707358,9707358
9707359,9707359
9707360,9707360
9707361,9707361
9707362,9707362
9707363,9707363
9707364,9707364
9707365,9707365
9707366,9707366
9707367,9707367
9707368,9707368
9707369,9707369
9707370,9707370
9707371,9707371
9707372,9707372
9707373,9707373
9707374,9707374
9707375,9707375
9707376,9707376
9707377,9707377
9707378,9707378
9707379,9707379
9707380,9707380
9707381,9707381
9707382,9707382
9707383,9707383
9707384,9707384
9707385,9707385
9707386,9707386
9707387,9707387
9707388,9707388
9707389,9707389
9707390,9707390
9707391,9707391
9707392,9707392
9707393,9707393
9707394,9707394
9707395,9707395
9707396,9707396
9707397,9707397
9707398,9707398
9707399,9707399
9707400,9707400
9707401,9707401
9707402,9707402
9707403,9707403
9707404,9707404
9707405,9707405
9707406,9707406
9707407,9707407
9707408,9707408
9707409,9707409
9707410,9707410
9707411,9707411
9707412,9707412
9707413,9707413
9707414,9707414
9707415,9707415
9707416,9707416
9707417,9707417
9707418,9707418
9707419,9707419
9707420,9707420
9707421,9707421
9707422,9707422
9707423,9707423
9707424,9707424
9707425,9707425
9707426,9707426
9707427,9707427
9707428,9707428
9707430,9707430
9707431,9707431
9707432,9707432
9707433,9707433
9707434,9707434
9707435,9707435
9707436,9707436
9707437,9707437
9707438,9707438
9707439,9707439
9707440,9707440
9707441,9707441
9707442,9707442
9707443,9707443
9707444,9707444
9707445,9707445
9707446,9707446
9707447,9707447
9707448,9707448
9707449,9707449
9707450,9707450
9707451,9707451
9707452,9707452
9707453,9707453
9707454,9707454
9707455,9707455
9707456,9707456
9707457,9707457
9707458,9707458
9707459,9707459
9707461,9707461
9707462,9707462
9707463,9707463
9707464,9707464
9707465,9707465
9707466,9707466
9707467,9707467
9707468,9707468
9707469,9707469
9707470,9707470
9707471,9707471
9707472,9707472
9707473,9707473
9707474,9707474
9707475,9707475
9707476,9707476
9707477,9707477
9707478,9707478
9707479,9707479
9707480,9707480
9707481,9707481
9707482,9707482
9707483,9707483
9707484,9707484
9707485,9707485
9707486,9707486
9707487,9707487
9707488,9707488
9707489,9707489
9707490,9707490
9707491,9707491
9707492,9707492
9707493,9707493
9707494,9707494
9707495,9707495
9707496,9707496
9707497,9707497
9707498,9707498
9707499,9707499
9707500,9707500
9707501,9707501
9707502,9707502
9707503,9707503
9707504,9707504
9707505,9707505
9707506,9707506
9707507,9707507
9707508,9707508
9707509,9707509
9707510,9707510
9707511,9707511
9707512,9707512
9707513,9707513
9707514,9707514
9707515,9707515
9707516,9707516
9707517,9707517
9707518,9707518
9707519,9707519
9707520,9707520
9707521,9707521
9707522,9707522
9707523,9707523
9707524,9707524
9707525,9707525
9707526,9707526
9707527,9707527
9707528,9707528
9707529,9707529
9707530,9707530
9707531,9707531
9707532,9707532
9707533,9707533
9707534,9707534
9707535,9707535
9707536,9707536
9707537,9707537
9707538,9707538
9707539,9707539
9707540,9707540
9707541,9707541
9707542,9707542
9707543,9707543
9707544,9707544
9707545,9707545
9707546,9707546
9708201,9708201
9708202,9708202
9708204,9708204
9708205,9708205
9708206,9708206
9708207,9708207
9708208,9708208
9708209,9708209
9708210,9708210
9708211,9708211
9708212,9708212
9708213,9708213
9708214,9708214
9708215,9708215
9708216,9708216
9708217,9708217
9708218,9708218
9708219,9708219
9708220,9708220
9708221,9708221
9708222,9708222
9708223,9708223
9708224,9708224
9708225,9708225
9708226,9708226
9708227,9708227
9708228,9708228
9708229,9708229
9708230,9708230
9708231,9708231
9708232,9708232
9708233,9708233
9708234,9708234
9708235,9708235
9708236,9708236
9708237,9708237
9708238,9708238
9708239,9708239
9708241,9708241
9708242,9708242
9708243,9708243
9708244,9708244
9708245,9708245
9708247,9708247
9708248,9708248
9708249,9708249
9708250,9708250
9708251,9708251
9708252,9708252
9708253,9708253
9708254,9708254
9708255,9708255
9708256,9708256
9708257,9708257
9708258,9708258
9708259,9708259
9708260,9708260
9708261,9708261
9708262,9708262
9708263,9708263
9708264,9708264
9708265,9708265
9708266,9708266
9708267,9708267
9708269,9708269
9708270,9708270
9708271,9708271
9708272,9708272
9708273,9708273
9708274,9708274
9708275,9708275
9708276,9708276
9708277,9708277
9708278,9708278
9708279,9708279
9708280,9708280
9708281,9708281
9708282,9708282
9708283,9708283
9708284,9708284
9708285,9708285
9708286,9708286
9708287,9708287
9708288,9708288
9708289,9708289
9708290,9708290
9708291,9708291
9708292,9708292
9708293,9708293
9708294,9708294
9708295,9708295
9708296,9708296
9708297,9708297
9708298,9708298
9708299,9708299
9708300,9708300
9708301,9708301
9708302,9708302
9708303,9708303
9708304,9708304
9708305,9708305
9708306,9708306
9708307,9708307
9708308,9708308
9708309,9708309
9708310,9708310
9708311,9708311
9708312,9708312
9708313,9708313
9708314,9708314
9708315,9708315
9708316,9708316
9708317,9708317
9708318,9708318
9708319,9708319
9708320,9708320
9708321,9708321
9708322,9708322
9708323,9708323
9708324,9708324
9708325,9708325
9708326,9708326
9708327,9708327
9708328,9708328
9708329,9708329
9708330,9708330
9708331,9708331
9708332,9708332
9708333,9708333
9708334,9708334
9708335,9708335
9708336,9708336
9708337,9708337
9708338,9708338
9708339,9708339
9708340,9708340
9708341,9708341
9708342,9708342
9708343,9708343
9708344,9708344
9708345,9708345
9708346,9708346
9708347,9708347
9708348,9708348
9708349,9708349
9708350,9708350
9708351,9708351
9708352,9708352
9708353,9708353
9708354,9708354
9708355,9708355
9708356,9708356
9708357,9708357
9708358,9708358
9708359,9708359
9708360,9708360
9708361,9708361
9708362,9708362
9708363,9708363
9708364,9708364
9708365,9708365
9708366,9708366
9708367,9708367
9708368,9708368
9708369,9708369
9708370,9708370
9708371,9708371
9708372,9708372
9708373,9708373
9708374,9708374
9708375,9708375
9708376,9708376
9708377,9708377
9708378,9708378
9708379,9708379
9708380,9708380
9708381,9708381
9708382,9708382
9708383,9708383
9708385,9708385
9708386,9708386
9708387,9708387
9708388,9708388
9708389,9708389
9708390,9708390
9708391,9708391
9708392,9708392
9708393,9708393
9708394,9708394
9708395,9708395
9708396,9708396
9708397,9708397
9708398,9708398
9708399,9708399
9708400,9708400
9708401,9708401
9708402,9708402
9708403,9708403
9708404,9708404
9708405,9708405
9708406,9708406
9708407,9708407
9708408,9708408
9708409,9708409
9708410,9708410
9708411,9708411
9708412,9708412
9708413,9708413
9708414,9708414
9708415,9708415
9708416,9708416
9708417,9708417
9708418,9708418
9708419,9708419
9708420,9708420
9708421,9708421
9708422,9708422
9708423,9708423
9708424,9708424
9708425,9708425
9708426,9708426
9708427,9708427
9708428,9708428
9708429,9708429
9708430,9708430
9708431,9708431
9708432,9708432
9708433,9708433
9708434,9708434
9708435,9708435
9708436,9708436
9708437,9708437
9708438,9708438
9708439,9708439
9708440,9708440
9708441,9708441
9708442,9708442
9708443,9708443
9708444,9708444
9708445,9708445
9708446,9708446
9708447,9708447
9708448,9708448
9708449,9708449
9708451,9708451
9708452,9708452
9708453,9708453
9708454,9708454
9708455,9708455
9708456,9708456
9708458,9708458
9708459,9708459
9708460,9708460
9708461,9708461
9708462,9708462
9708463,9708463
9708464,9708464
9708465,9708465
9708466,9708466
9708467,9708467
9708468,9708468
9708469,9708469
9708470,9708470
9708471,9708471
9708472,9708472
9708473,9708473
9708474,9708474
9708475,9708475
9708476,9708476
9708477,9708477
9708478,9708478
9708479,9708479
9708480,9708480
9708481,9708481
9708482,9708482
9708483,9708483
9708484,9708484
9708485,9708485
9708486,9708486
9708487,9708487
9708488,9708488
9708489,9708489
9708490,9708490
9708491,9708491
9708492,9708492
9708493,9708493
9708494,9708494
9708495,9708495
9708496,9708496
9708497,9708497
9708498,9708498
9709201,9709201
9709202,9709202
9709203,9709203
9709204,9709204
9709205,9709205
9709206,9709206
9709207,9709207
9709208,9709208
9709209,9709209
9709210,9709210
9709211,9709211
9709213,9709213
9709214,9709214
9709215,9709215
9709216,9709216
9709217,9709217
9709218,9709218
9709219,9709219
9709220,9709220
9709221,9709221
9709222,9709222
9709223,9709223
9709224,9709224
9709225,9709225
9709226,9709226
9709228,9709228
9709229,9709229
9709230,9709230
9709231,9709231
9709232,9709232
9709233,9709233
9709234,9709234
9709235,9709235
9709236,9709236
9709237,9709237
9709238,9709238
9709239,9709239
9709240,9709240
9709242,9709242
9709243,9709243
9709244,9709244
9709245,9709245
9709246,9709246
9709247,9709247
9709248,9709248
9709249,9709249
9709250,9709250
9709251,9709251
9709252,9709252
9709253,9709253
9709254,9709254
9709255,9709255
9709256,9709256
9709257,9709257
9709258,9709258
9709259,9709259
9709260,9709260
9709261,9709261
9709262,9709262
9709263,9709263
9709264,9709264
9709265,9709265
9709266,9709266
9709267,9709267
9709268,9709268
9709269,9709269
9709270,9709270
9709271,9709271
9709272,9709272
9709273,9709273
9709274,9709274
9709275,9709275
9709276,9709276
9709277,9709277
9709278,9709278
9709279,9709279
9709280,9709280
9709281,9709281
9709282,9709282
9709283,9709283
9709284,9709284
9709285,9709285
9709286,9709286
9709287,9709287
9709288,9709288
9709289,9709289
9709290,9709290
9709291,9709291
9709292,9709292
9709293,9709293
9709294,9709294
9709295,9709295
9709296,9709296
9709297,9709297
9709298,9709298
9709299,9709299
9709300,9709300
9709301,9709301
9709302,9709302
9709303,9709303
9709304,9709304
9709305,9709305
9709306,9709306
9709307,9709307
9709308,9709308
9709309,9709309
9709310,9709310
9709311,9709311
9709312,9709312
9709313,9709313
9709314,9709314
9709315,9709315
9709316,9709316
9709317,9709317
9709318,9709318
9709319,9709319
9709320,9709320
9709321,9709321
9709322,9709322
9709323,9709323
9709324,9709324
9709325,9709325
9709326,9709326
9709327,9709327
9709328,9709328
9709329,9709329
9709330,9709330
9709331,9709331
9709332,9709332
9709333,9709333
9709334,9709334
9709335,9709335
9709336,9709336
9709337,9709337
9709338,9709338
9709339,9709339
9709340,9709340
9709341,9709341
9709342,9709342
9709343,9709343
9709344,9709344
9709345,9709345
9709346,9709346
9709348,9709348
9709349,9709349
9709350,9709350
9709351,9709351
9709352,9709352
9709353,9709353
9709354,9709354
9709355,9709355
9709356,9709356
9709358,9709358
9709359,9709359
9709360,9709360
9709361,9709361
9709362,9709362
9709363,9709363
9709364,9709364
9709365,9709365
9709366,9709366
9709367,9709367
9709368,9709368
9709369,9709369
9709370,9709370
9709371,9709371
9709372,9709372
9709373,9709373
9709374,9709374
9709375,9709375
9709376,9709376
9709377,9709377
9709378,9709378
9709379,9709379
9709380,9709380
9709381,9709381
9709382,9709382
9709383,9709383
9709384,9709384
9709385,9709385
9709386,9709386
9709387,9709387
9709388,9709388
9709389,9709389
9709390,9709390
9709391,9709391
9709392,9709392
9709393,9709393
9709394,9709394
9709395,9709395
9709396,9709396
9709397,9709397
9709398,9709398
9709399,9709399
9709400,9709400
9709401,9709401
9709402,9709402
9709403,9709403
9709404,9709404
9709405,9709405
9709406,9709406
9709407,9709407
9709408,9709408
9709409,9709409
9709411,9709411
9709412,9709412
9709413,9709413
9709414,9709414
9709415,9709415
9709416,9709416
9709417,9709417
9709418,9709418
9709419,9709419
9709420,9709420
9709421,9709421
9709422,9709422
9709423,9709423
9709424,9709424
9709425,9709425
9709426,9709426
9709427,9709427
9709428,9709428
9709429,9709429
9709430,9709430
9709431,9709431
9709432,9709432
9709433,9709433
9709434,9709434
9709435,9709435
9709436,9709436
9709437,9709437
9709438,9709438
9709439,9709439
9709440,9709440
9709441,9709441
9709442,9709442
9709443,9709443
9709444,9709444
9709445,9709445
9709446,9709446
9709447,9709447
9709448,9709448
9709449,9709449
9709450,9709450
9709451,9709451
9709452,9709452
9709453,9709453
9709454,9709454
9709455,9709455
9709456,9709456
9709457,9709457
9709458,9709458
9709459,9709459
9709460,9709460
9709461,9709461
9709462,9709462
9709463,9709463
9709464,9709464
9709465,9709465
9709466,9709466
9709467,9709467
9709468,9709468
9709469,9709469
9709470,9709470
9709471,9709471
9709472,9709472
9709473,9709473
9709474,9709474
9709475,9709475
9709476,9709476
9709477,9709477
9709478,9709478
9709479,9709479
9709480,9709480
9709481,9709481
9709482,9709482
9709483,9709483
9709484,9709484
9709485,9709485
9709486,9709486
9709487,9709487
9709488,9709488
9709489,9709489
9709490,9709490
9709491,9709491
9709492,9709492
9709493,9709493
9709494,9709494
9709495,9709495
9709496,9709496
9709497,9709497
9709498,9709498
9709499,9709499
9709500,9709500
9709501,9709501
9709502,9709502
9709503,9709503
9709504,9709504
9709505,9709505
9709506,9709506
9709507,9709507
9709508,9709508
9709509,9709509
9709510,9709510
9709511,9709511
9709512,9709512
9710201,9710201
9710202,9710202
9710203,9710203
9710204,9710204
9710205,9710205
9710206,9710206
9710207,9710207
9710208,9710208
9710209,9710209
9710210,9710210
9710211,9710211
9710212,9710212
9710213,9710213
9710214,9710214
9710215,9710215
9710216,9710216
9710217,9710217
9710218,9710218
9710219,9710219
9710220,9710220
9710221,9710221
9710222,9710222
9710223,9710223
9710224,9710224
9710225,9710225
9710226,9710226
9710227,9710227
9710228,9710228
9710229,9710229
9710230,9710230
9710231,9710231
9710232,9710232
9710233,9710233
9710234,9710234
9710235,9710235
9710236,9710236
9710237,9710237
9710238,9710238
9710239,9710239
9710240,9710240
9710241,9710241
9710242,9710242
9710243,9710243
9710244,9710244
9710245,9710245
9710246,9710246
9710247,9710247
9710248,9710248
9710249,9710249
9710250,9710250
9710251,9710251
9710252,9710252
9710253,9710253
9710254,9710254
9710255,9710255
9710256,9710256
9710257,9710257
9710258,9710258
9710259,9710259
9710260,9710260
9710261,9710261
9710262,9710262
9710263,9710263
9710264,9710264
9710265,9710265
9710266,9710266
9710267,9710267
9710268,9710268
9710269,9710269
9710270,9710270
9710271,9710271
9710272,9710272
9710273,9710273
9710274,9710274
9710275,9710275
9710276,9710276
9710277,9710277
9710278,9710278
9710279,9710279
9710280,9710280
9710281,9710281
9710282,9710282
9710284,9710284
9710285,9710285
9710286,9710286
9710287,9710287
9710288,9710288
9710289,9710289
9710290,9710290
9710291,9710291
9710292,9710292
9710293,9710293
9710295,9710295
9710296,9710296
9710297,9710297
9710298,9710298
9710299,9710299
9710300,9710300
9710301,9710301
9710302,9710302
9710303,9710303
9710304,9710304
9710305,9710305
9710306,9710306
9710307,9710307
9710308,9710308
9710309,9710309
9710310,9710310
9710311,9710311
9710312,9710312
9710313,9710313
9710314,9710314
9710315,9710315
9710316,9710316
9710317,9710317
9710318,9710318
9710319,9710319
9710320,9710320
9710321,9710321
9710322,9710322
9710323,9710323
9710325,9710325
9710326,9710326
9710327,9710327
9710328,9710328
9710329,9710329
9710330,9710330
9710331,9710331
9710333,9710333
9710334,9710334
9710335,9710335
9710336,9710336
9710337,9710337
9710338,9710338
9710339,9710339
9710340,9710340
9710341,9710341
9710342,9710342
9710343,9710343
9710344,9710344
9710345,9710345
9710346,9710346
9710347,9710347
9710348,9710348
9710349,9710349
9710350,9710350
9710351,9710351
9710352,9710352
9710353,9710353
9710354,9710354
9710355,9710355
9710356,9710356
9710357,9710357
9710358,9710358
9710359,9710359
9710360,9710360
9710361,9710361
9710363,9710363
9710364,9710364
9710365,9710365
9710366,9710366
9710367,9710367
9710368,9710368
9710369,9710369
9710370,9710370
9710371,9710371
9710372,9710372
9710373,9710373
9710374,9710374
9710375,9710375
9710376,9710376
9710377,9710377
9710378,9710378
9710379,9710379
9710380,9710380
9710381,9710381
9710382,9710382
9710383,9710383
9710384,9710384
9710385,9710385
9710386,9710386
9710387,9710387
9710388,9710388
9710389,9710389
9710390,9710390
9710391,9710391
9710392,9710392
9710393,9710393
9710394,9710394
9710395,9710395
9710396,9710396
9710397,9710397
9710398,9710398
9710399,9710399
9710400,9710400
9710401,9710401
9710402,9710402
9710403,9710403
9710404,9710404
9710405,9710405
9710406,9710406
9710407,9710407
9710408,9710408
9710409,9710409
9710410,9710410
9710411,9710411
9710412,9710412
9710413,9710413
9710414,9710414
9710415,9710415
9710416,9710416
9710417,9710417
9710418,9710418
9710419,9710419
9710420,9710420
9710421,9710421
9710422,9710422
9710423,9710423
9710424,9710424
9710425,9710425
9710426,9710426
9710427,9710427
9710428,9710428
9710429,9710429
9710430,9710430
9710431,9710431
9710432,9710432
9710433,9710433
9710434,9710434
9710435,9710435
9710436,9710436
9710437,9710437
9710438,9710438
9710439,9710439
9710440,9710440
9710441,9710441
9710442,9710442
9710443,9710443
9710444,9710444
9710445,9710445
9710446,9710446
9710447,9710447
9710448,9710448
9710449,9710449
9710450,9710450
9710451,9710451
9710452,9710452
9710453,9710453
9710454,9710454
9710455,9710455
9710456,9710456
9710457,9710457
9710458,9710458
9710459,9710459
9710460,9710460
9710461,9710461
9710462,9710462
9710463,9710463
9710464,9710464
9710465,9710465
9710466,9710466
9710467,9710467
9710468,9710468
9710469,9710469
9710470,9710470
9710471,9710471
9710472,9710472
9710473,9710473
9710474,9710474
9710475,9710475
9710476,9710476
9710477,9710477
9710478,9710478
9710479,9710479
9710480,9710480
9710481,9710481
9710483,9710483
9710484,9710484
9710485,9710485
9710486,9710486
9710487,9710487
9710488,9710488
9710489,9710489
9710490,9710490
9710491,9710491
9710492,9710492
9710494,9710494
9710495,9710495
9710496,9710496
9710497,9710497
9710498,9710498
9710499,9710499
9710500,9710500
9710501,9710501
9710502,9710502
9710503,9710503
9710504,9710504
9710505,9710505
9710506,9710506
9710507,9710507
9710508,9710508
9710509,9710509
9710510,9710510
9710511,9710511
9710512,9710512
9710513,9710513
9710514,9710514
9710515,9710515
9710516,9710516
9710517,9710517
9710518,9710518
9710519,9710519
9710520,9710520
9710521,9710521
9710522,9710522
9710523,9710523
9710524,9710524
9710525,9710525
9710526,9710526
9710527,9710527
9710528,9710528
9710529,9710529
9710530,9710530
9710531,9710531
9710532,9710532
9710533,9710533
9710534,9710534
9710535,9710535
9710536,9710536
9710537,9710537
9710538,9710538
9710539,9710539
9710540,9710540
9710541,9710541
9710542,9710542
9710543,9710543
9710544,9710544
9710545,9710545
9710546,9710546
9710547,9710547
9710548,9710548
9710549,9710549
9710550,9710550
9710551,9710551
9710552,9710552
9710553,9710553
9710554,9710554
9710555,9710555
9710556,9710556
9710557,9710557
9710558,9710558
9710559,9710559
9710560,9710560
9710561,9710561
9710562,9710562
9710563,9710563
9710564,9710564
9710565,9710565
9711201,9711201
9711202,9711202
9711203,9711203
9711204,9711204
9711205,9711205
9711206,9711206
9711207,9711207
9711208,9711208
9711209,9711209
9711210,9711210
9711211,9711211
9711212,9711212
9711213,9711213
9711214,9711214
9711215,9711215
9711216,9711216
9711217,9711217
9711218,9711218
9711219,9711219
9711220,9711220
9711221,9711221
9711222,9711222
9711223,9711223
9711224,9711224
9711225,9711225
9711226,9711226
9711227,9711227
9711228,9711228
9711229,9711229
9711230,9711230
9711231,9711231
9711232,9711232
9711233,9711233
9711234,9711234
9711235,9711235
9711236,9711236
9711237,9711237
9711238,9711238
9711239,9711239
9711240,9711240
9711241,9711241
9711242,9711242
9711243,9711243
9711244,9711244
9711245,9711245
9711246,9711246
9711247,9711247
9711248,9711248
9711249,9711249
9711250,9711250
9711251,9711251
9711252,9711252
9711253,9711253
9711254,9711254
9711255,9711255
9711256,9711256
9711257,9711257
9711258,9711258
9711259,9711259
9711260,9711260
9711261,9711261
9711262,9711262
9711263,9711263
9711264,9711264
9711265,9711265
9711266,9711266
9711267,9711267
9711268,9711268
9711269,9711269
9711270,9711270
9711271,9711271
9711272,9711272
9711273,9711273
9711274,9711274
9711276,9711276
9711277,9711277
9711278,9711278
9711279,9711279
9711280,9711280
9711281,9711281
9711282,9711282
9711283,9711283
9711284,9711284
9711285,9711285
9711286,9711286
9711287,9711287
9711288,9711288
9711289,9711289
9711290,9711290
9711291,9711291
9711292,9711292
9711293,9711293
9711294,9711294
9711295,9711295
9711296,9711296
9711297,9711297
9711298,9711298
9711299,9711299
9711300,9711300
9711301,9711301
9711302,9711302
9711303,9711303
9711304,9711304
9711305,9711305
9711306,9711306
9711307,9711307
9711308,9711308
9711309,9711309
9711310,9711310
9711311,9711311
9711312,9711312
9711313,9711313
9711314,9711314
9711315,9711315
9711316,9711316
9711317,9711317
9711318,9711318
9711319,9711319
9711320,9711320
9711321,9711321
9711322,9711322
9711323,9711323
9711324,9711324
9711325,9711325
9711326,9711326
9711327,9711327
9711328,9711328
9711329,9711329
9711330,9711330
9711331,9711331
9711333,9711333
9711334,9711334
9711335,9711335
9711336,9711336
9711337,9711337
9711338,9711338
9711339,9711339
9711340,9711340
9711341,9711341
9711342,9711342
9711343,9711343
9711344,9711344
9711345,9711345
9711346,9711346
9711347,9711347
9711348,9711348
9711349,9711349
9711350,9711350
9711351,9711351
9711352,9711352
9711353,9711353
9711354,9711354
9711355,9711355
9711356,9711356
9711357,9711357
9711358,9711358
9711359,9711359
9711360,9711360
9711361,9711361
9711362,9711362
9711363,9711363
9711364,9711364
9711365,9711365
9711366,9711366
9711367,9711367
9711368,9711368
9711369,9711369
9711370,9711370
9711371,9711371
9711372,9711372
9711373,9711373
9711374,9711374
9711375,9711375
9711376,9711376
9711377,9711377
9711379,9711379
9711380,9711380
9711381,9711381
9711382,9711382
9711383,9711383
9711384,9711384
9711385,9711385
9711386,9711386
9711387,9711387
9711388,9711388
9711389,9711389
9711390,9711390
9711391,9711391
9711392,9711392
9711393,9711393
9711394,9711394
9711395,9711395
9711396,9711396
9711397,9711397
9711398,9711398
9711399,9711399
9711400,9711400
9711401,9711401
9711402,9711402
9711403,9711403
9711404,9711404
9711405,9711405
9711406,9711406
9711407,9711407
9711408,9711408
9711409,9711409
9711410,9711410
9711411,9711411
9711412,9711412
9711413,9711413
9711414,9711414
9711415,9711415
9711416,9711416
9711417,9711417
9711418,9711418
9711419,9711419
9711420,9711420
9711421,9711421
9711422,9711422
9711423,9711423
9711424,9711424
9711425,9711425
9711426,9711426
9711427,9711427
9711428,9711428
9711429,9711429
9711430,9711430
9711431,9711431
9711432,9711432
9711434,9711434
9711435,9711435
9711436,9711436
9711437,9711437
9711438,9711438
9711439,9711439
9711440,9711440
9711441,9711441
9711442,9711442
9711443,9711443
9711444,9711444
9711445,9711445
9711446,9711446
9711447,9711447
9711448,9711448
9711449,9711449
9711450,9711450
9711451,9711451
9711452,9711452
9711453,9711453
9711454,9711454
9711455,9711455
9711456,9711456
9711457,9711457
9711458,9711458
9711459,9711459
9711460,9711460
9711461,9711461
9711462,9711462
9711463,9711463
9711464,9711464
9711465,9711465
9711466,9711466
9711467,9711467
9711468,9711468
9711469,9711469
9711470,9711470
9711471,9711471
9711472,9711472
9711473,9711473
9711474,9711474
9711475,9711475
9711476,9711476
9711477,9711477
9711478,9711478
9711481,9711481
9711482,9711482
9711483,9711483
9711484,9711484
9711485,9711485
9711486,9711486
9711487,9711487
9711488,9711488
9711489,9711489
9711490,9711490
9711491,9711491
9711492,9711492
9711493,9711493
9711494,9711494
9711495,9711495
9711496,9711496
9711497,9711497
9711498,9711498
9711499,9711499
9711500,9711500
9711501,9711501
9711502,9711502
9711503,9711503
9711504,9711504
9711505,9711505
9711506,9711506
9711507,9711507
9711508,9711508
9711509,9711509
9711510,9711510
9711511,9711511
9711512,9711512
9711513,9711513
9711514,9711514
9711515,9711515
9711516,9711516
9711517,9711517
9711518,9711518
9712201,9712201
9712202,9712202
9712203,9712203
9712204,9712204
9712205,9712205
9712206,9712206
9712207,9712207
9712208,9712208
9712209,9712209
9712210,9712210
9712212,9712212
9712213,9712213
9712214,9712214
9712215,9712215
9712216,9712216
9712217,9712217
9712219,9712219
9712220,9712220
9712221,9712221
9712222,9712222
9712223,9712223
9712224,9712224
9712225,9712225
9712226,9712226
9712227,9712227
9712228,9712228
9712229,9712229
9712230,9712230
9712231,9712231
9712232,9712232
9712233,9712233
9712234,9712234
9712235,9712235
9712236,9712236
9712237,9712237
9712238,9712238
9712239,9712239
9712240,9712240
9712241,9712241
9712242,9712242
9712243,9712243
9712244,9712244
9712245,9712245
9712246,9712246
9712247,9712247
9712248,9712248
9712249,9712249
9712250,9712250
9712251,9712251
9712252,9712252
9712253,9712253
9712254,9712254
9712255,9712255
9712256,9712256
9712257,9712257
9712258,9712258
9712259,9712259
9712260,9712260
9712261,9712261
9712262,9712262
9712263,9712263
9712264,9712264
9712265,9712265
9712266,9712266
9712267,9712267
9712268,9712268
9712269,9712269
9712270,9712270
9712271,9712271
9712272,9712272
9712273,9712273
9712274,9712274
9712275,9712275
9712276,9712276
9712277,9712277
9712278,9712278
9712279,9712279
9712280,9712280
9712281,9712281
9712282,9712282
9712283,9712283
9712284,9712284
9712285,9712285
9712286,9712286
9712287,9712287
9712288,9712288
9712289,9712289
9712290,9712290
9712291,9712291
9712292,9712292
9712293,9712293
9712294,9712294
9712295,9712295
9712296,9712296
9712297,9712297
9712298,9712298
9712299,9712299
9712300,9712300
9712301,9712301
9712302,9712302
9712303,9712303
9712304,9712304
9712305,9712305
9712306,9712306
9712307,9712307
9712308,9712308
9712309,9712309
9712310,9712310
9712311,9712311
9712312,9712312
9712313,9712313
9712314,9712314
9712315,9712315
9712316,9712316
9712317,9712317
9712318,9712318
9712319,9712319
9712320,9712320
9712321,9712321
9712322,9712322
9712323,9712323
9712324,9712324
9712325,9712325
9712326,9712326
9712327,9712327
9712328,9712328
9712330,9712330
9712331,9712331
9712332,9712332
9712333,9712333
9712334,9712334
9712335,9712335
9712336,9712336
9712337,9712337
9712338,9712338
9712339,9712339
9712340,9712340
9712341,9712341
9712343,9712343
9712344,9712344
9712345,9712345
9712346,9712346
9712347,9712347
9712348,9712348
9712349,9712349
9712350,9712350
9712351,9712351
9712352,9712352
9712353,9712353
9712354,9712354
9712355,9712355
9712356,9712356
9712357,9712357
9712358,9712358
9712359,9712359
9712360,9712360
9712361,9712361
9712362,9712362
9712363,9712363
9712364,9712364
9712365,9712365
9712366,9712366
9712367,9712367
9712368,9712368
9712369,9712369
9712370,9712370
9712371,9712371
9712372,9712372
9712373,9712373
9712374,9712374
9712375,9712375
9712376,9712376
9712377,9712377
9712378,9712378
9712379,9712379
9712380,9712380
9712381,9712381
9712382,9712382
9712383,9712383
9712384,9712384
9712385,9712385
9712386,9712386
9712387,9712387
9712388,9712388
9712389,9712389
9712390,9712390
9712391,9712391
9712392,9712392
9712393,9712393
9712394,9712394
9712395,9712395
9712396,9712396
9712397,9712397
9712398,9712398
9712399,9712399
9712400,9712400
9712401,9712401
9712402,9712402
9712403,9712403
9712404,9712404
9712405,9712405
9712406,9712406
9712407,9712407
9712408,9712408
9712409,9712409
9712410,9712410
9712411,9712411
9712412,9712412
9712413,9712413
9712414,9712414
9712415,9712415
9712416,9712416
9712417,9712417
9712418,9712418
9712419,9712419
9712420,9712420
9712421,9712421
9712422,9712422
9712423,9712423
9712424,9712424
9712425,9712425
9712426,9712426
9712427,9712427
9712428,9712428
9712429,9712429
9712430,9712430
9712431,9712431
9712432,9712432
9712433,9712433
9712434,9712434
9712435,9712435
9712436,9712436
9712437,9712437
9712438,9712438
9712439,9712439
9712440,9712440
9712441,9712441
9712442,9712442
9712443,9712443
9712444,9712444
9712445,9712445
9712446,9712446
9712447,9712447
9712448,9712448
9712449,9712449
9712450,9712450
9712451,9712451
9712452,9712452
9712453,9712453
9712454,9712454
9712455,9712455
9712456,9712456
9712457,9712457
9712459,9712459
9712460,9712460
9712461,9712461
9712462,9712462
9712463,9712463
9712464,9712464
9712465,9712465
9712466,9712466
9712467,9712467
9712468,9712468
9712469,9712469
9712470,9712470
9712471,9712471
9712472,9712472
9712473,9712473
9712474,9712474
9712475,9712475
9712476,9712476
9712478,9712478
9712479,9712479
9712480,9712480
9712481,9712481
9712482,9712482
9712483,9712483
9712484,9712484
9712485,9712485
9712486,9712486
9712487,9712487
9712488,9712488
9712489,9712489
9712490,9712490
9712491,9712491
9712492,9712492
9712493,9712493
9712494,9712494
9712495,9712495
9712496,9712496
9712497,9712497
9712498,9712498
9712499,9712499
9712500,9712500
9712501,9712501
9712502,9712502
9712503,9712503
9712504,9712504
9712505,9712505
9712506,9712506
9712507,9712507
9712508,9712508
9712509,9712509
9712510,9712510
9712511,9712511
9712512,9712512
9712513,9712513
9712514,9712514
9712515,9712515
9712516,9712516
9712517,9712517
9712518,9712518
9712519,9712519
9712520,9712520
9712521,9712521
9712522,9712522
9712523,9712523
9712524,9712524
9712525,9712525
9712526,9712526
9712527,9712527
9712528,9712528
9712529,9712529
9712530,9712530
9712531,9712531
9712532,9712532
9712533,9712533
9712534,9712534
9712535,9712535
9712536,9712536
9712537,9712537
9712538,9712538
9712539,9712539
9712540,9712540
9712541,9712541
9712542,9712542
9712543,9712543
9712544,9712544
9712545,9712545
9712546,9712546
9712547,9712547
9712548,9712548
9712549,9712549
9712550,9712550
9712551,9712551
9801201,9801201
9801202,9801202
9801204,9801204
9801205,9801205
9801206,9801206
9801208,9801208
9801209,9801209
9801210,9801210
9801212,9801212
9801213,9801213
9801215,9801215
9801218,9801218
9801219,9801219
9801220,9801220
9801221,9801221
9801222,9801222
9801223,9801223
9801224,9801224
9801225,9801225
9801226,9801226
9801227,9801227
9801228,9801228
9801229,9801229
9801230,9801230
9801231,9801231
9801232,9801232
9801233,9801233
9801234,9801234
9801235,9801235
9801236,9801236
9801237,9801237
9801238,9801238
9801239,9801239
9801240,9801240
9801242,9801242
9801243,9801243
9801244,9801244
9801245,9801245
9801246,9801246
9801247,9801247
9801248,9801248
9801249,9801249
9801250,9801250
9801251,9801251
9801252,9801252
9801253,9801253
9801254,9801254
9801255,9801255
9801256,9801256
9801257,9801257
9801258,9801258
9801259,9801259
9801260,9801260
9801261,9801261
9801262,9801262
9801263,9801263
9801264,9801264
9801265,9801265
9801266,9801266
9801267,9801267
9801268,9801268
9801269,9801269
9801270,9801270
9801271,9801271
9801272,9801272
9801273,9801273
9801274,9801274
9801275,9801275
9801276,9801276
9801277,9801277
9801278,9801278
9801279,9801279
9801280,9801280
9801281,9801281
9801282,9801282
9801283,9801283
9801284,9801284
9801285,9801285
9801286,9801286
9801288,9801288
9801289,9801289
9801290,9801290
9801292,9801292
9801293,9801293
9801294,9801294
9801295,9801295
9801296,9801296
9801297,9801297
9801298,9801298
9801299,9801299
9801300,9801300
9801301,9801301
9801302,9801302
9801303,9801303
9801304,9801304
9801305,9801305
9801306,9801306
9801307,9801307
9801308,9801308
9801309,9801309
9801310,9801310
9801312,9801312
9801313,9801313
9801314,9801314
9801315,9801315
9801316,9801316
9801317,9801317
9801319,9801319
9801320,9801320
9801321,9801321
9801322,9801322
9801323,9801323
9801324,9801324
9801325,9801325
9801326,9801326
9801327,9801327
9801328,9801328
9801329,9801329
9801330,9801330
9801331,9801331
9801332,9801332
9801333,9801333
9801334,9801334
9801335,9801335
9801336,9801336
9801337,9801337
9801338,9801338
9801339,9801339
9801340,9801340
9801341,9801341
9801342,9801342
9801343,9801343
9801344,9801344
9801345,9801345
9801346,9801346
9801347,9801347
9801348,9801348
9801349,9801349
9801350,9801350
9801351,9801351
9801352,9801352
9801353,9801353
9801354,9801354
9801355,9801355
9801356,9801356
9801357,9801357
9801358,9801358
9801359,9801359
9801360,9801360
9801361,9801361
9801362,9801362
9801363,9801363
9801364,9801364
9801365,9801365
9801366,9801366
9801367,9801367
9801368,9801368
9801369,9801369
9801370,9801370
9801371,9801371
9801372,9801372
9801373,9801373
9801375,9801375
9801376,9801376
9801377,9801377
9801378,9801378
9801379,9801379
9801380,9801380
9801381,9801381
9801382,9801382
9801383,9801383
9801384,9801384
9801385,9801385
9801386,9801386
9801387,9801387
9801388,9801388
9801389,9801389
9801390,9801390
9801391,9801391
9801392,9801392
9801393,9801393
9801394,9801394
9801395,9801395
9801396,9801396
9801397,9801397
9801398,9801398
9801399,9801399
9801400,9801400
9801401,9801401
9801402,9801402
9801403,9801403
9801404,9801404
9801405,9801405
9801406,9801406
9801407,9801407
9801408,9801408
9801409,9801409
9801410,9801410
9801411,9801411
9801412,9801412
9801413,9801413
9801414,9801414
9801415,9801415
9801416,9801416
9801417,9801417
9801418,9801418
9801419,9801419
9801420,9801420
9801421,9801421
9801422,9801422
9801423,9801423
9801424,9801424
9801425,9801425
9801426,9801426
9801427,9801427
9801428,9801428
9801429,9801429
9801430,9801430
9801431,9801431
9801432,9801432
9801433,9801433
9801434,9801434
9801435,9801435
9801436,9801436
9801437,9801437
9801438,9801438
9801439,9801439
9801440,9801440
9801441,9801441
9801442,9801442
9801443,9801443
9801444,9801444
9801445,9801445
9801446,9801446
9801447,9801447
9801448,9801448
9801449,9801449
9801450,9801450
9801451,9801451
9801452,9801452
9801453,9801453
9801454,9801454
9801455,9801455
9801456,9801456
9802201,9802201
9802202,9802202
9802203,9802203
9802204,9802204
9802205,9802205
9802206,9802206
9802208,9802208
9802209,9802209
9802210,9802210
9802211,9802211
9802212,9802212
9802213,9802213
9802214,9802214
9802215,9802215
9802216,9802216
9802217,9802217
9802218,9802218
9802219,9802219
9802220,9802220
9802221,9802221
9802222,9802222
9802223,9802223
9802224,9802224
9802225,9802225
9802226,9802226
9802227,9802227
9802228,9802228
9802229,9802229
9802230,9802230
9802231,9802231
9802232,9802232
9802233,9802233
9802234,9802234
9802235,9802235
9802236,9802236
9802237,9802237
9802238,9802238
9802239,9802239
9802240,9802240
9802241,9802241
9802242,9802242
9802243,9802243
9802244,9802244
9802246,9802246
9802247,9802247
9802248,9802248
9802249,9802249
9802250,9802250
9802251,9802251
9802252,9802252
9802253,9802253
9802254,9802254
9802255,9802255
9802256,9802256
9802257,9802257
9802258,9802258
9802259,9802259
9802260,9802260
9802261,9802261
9802262,9802262
9802263,9802263
9802264,9802264
9802265,9802265
9802266,9802266
9802267,9802267
9802268,9802268
9802269,9802269
9802270,9802270
9802271,9802271
9802272,9802272
9802273,9802273
9802274,9802274
9802275,9802275
9802276,9802276
9802277,9802277
9802278,9802278
9802279,9802279
9802280,9802280
9802281,9802281
9802282,9802282
9802283,9802283
9802284,9802284
9802285,9802285
9802286,9802286
9802287,9802287
9802288,9802288
9802289,9802289
9802290,9802290
9802291,9802291
9802292,9802292
9802293,9802293
9802294,9802294
9802295,9802295
9802296,9802296
9802297,9802297
9802298,9802298
9802299,9802299
9802300,9802300
9802301,9802301
9802302,9802302
9802303,9802303
9802304,9802304
9802305,9802305
9802306,9802306
9802307,9802307
9802308,9802308
9802309,9802309
9802310,9802310
9802311,9802311
9802312,9802312
9802313,9802313
9802314,9802314
9802315,9802315
9802316,9802316
9802317,9802317
9802318,9802318
9802319,9802319
9802320,9802320
9802321,9802321
9802322,9802322
9802323,9802323
9802324,9802324
9802325,9802325
9802326,9802326
9802327,9802327
9802328,9802328
9802329,9802329
9802330,9802330
9802331,9802331
9802332,9802332
9802333,9802333
9802334,9802334
9802335,9802335
9802336,9802336
9802337,9802337
9802338,9802338
9802339,9802339
9802340,9802340
9802341,9802341
9802343,9802343
9802344,9802344
9802345,9802345
9802346,9802346
9802347,9802347
9802348,9802348
9802349,9802349
9802350,9802350
9802351,9802351
9802352,9802352
9802353,9802353
9802354,9802354
9802355,9802355
9802356,9802356
9802357,9802357
9802358,9802358
9802359,9802359
9802360,9802360
9802361,9802361
9802362,9802362
9802363,9802363
9802364,9802364
9802365,9802365
9802366,9802366
9802367,9802367
9802368,9802368
9802369,9802369
9802370,9802370
9802371,9802371
9802372,9802372
9802373,9802373
9802374,9802374
9802375,9802375
9802376,9802376
9802377,9802377
9802378,9802378
9802379,9802379
9802380,9802380
9802381,9802381
9802382,9802382
9802383,9802383
9802384,9802384
9802385,9802385
9802386,9802386
9802387,9802387
9802388,9802388
9802389,9802389
9802390,9802390
9802391,9802391
9802392,9802392
9802393,9802393
9802394,9802394
9802396,9802396
9802397,9802397
9802398,9802398
9802399,9802399
9802400,9802400
9802401,9802401
9802402,9802402
9802403,9802403
9802404,9802404
9802405,9802405
9802406,9802406
9802407,9802407
9802408,9802408
9802409,9802409
9802410,9802410
9802411,9802411
9802412,9802412
9802413,9802413
9802414,9802414
9802415,9802415
9802416,9802416
9802417,9802417
9802418,9802418
9802419,9802419
9802420,9802420
9802421,9802421
9802422,9802422
9802423,9802423
9802424,9802424
9802425,9802425
9802426,9802426
9802427,9802427
9802428,9802428
9802429,9802429
9802430,9802430
9802431,9802431
9802432,9802432
9802433,9802433
9802434,9802434
9802435,9802435
9802436,9802436
9802437,9802437
9802438,9802438
9802439,9802439
9802440,9802440
9802441,9802441
9802442,9802442
9802443,9802443
9802444,9802444
9802445,9802445
9802446,9802446
9802447,9802447
9802448,9802448
9802449,9802449
9803201,9803201
9803202,9803202
9803203,9803203
9803204,9803204
9803205,9803205
9803206,9803206
9803207,9803207
9803208,9803208
9803209,9803209
9803210,9803210
9803211,9803211
9803212,9803212
9803214,9803214
9803215,9803215
9803216,9803216
9803217,9803217
9803218,9803218
9803219,9803219
9803220,9803220
9803221,9803221
9803222,9803222
9803223,9803223
9803224,9803224
9803225,9803225
9803226,9803226
9803227,9803227
9803228,9803228
9803229,9803229
9803230,9803230
9803231,9803231
9803232,9803232
9803233,9803233
9803234,9803234
9803236,9803236
9803237,9803237
9803238,9803238
9803239,9803239
9803240,9803240
9803241,9803241
9803242,9803242
9803243,9803243
9803244,9803244
9803245,9803245
9803246,9803246
9803247,9803247
9803248,9803248
9803249,9803249
9803250,9803250
9803251,9803251
9803252,9803252
9803253,9803253
9803254,9803254
9803255,9803255
9803256,9803256
9803257,9803257
9803258,9803258
9803259,9803259
9803260,9803260
9803261,9803261
9803262,9803262
9803263,9803263
9803264,9803264
9803265,9803265
9803266,9803266
9803267,9803267
9803268,9803268
9803269,9803269
9803270,9803270
9803271,9803271
9803272,9803272
9803273,9803273
9803274,9803274
9803275,9803275
9803276,9803276
9803277,9803277
9803278,9803278
9803279,9803279
9803280,9803280
9803281,9803281
9803282,9803282
9803283,9803283
9803284,9803284
9803285,9803285
9803286,9803286
9803288,9803288
9803289,9803289
9803290,9803290
9803291,9803291
9803292,9803292
9803293,9803293
9803294,9803294
9803295,9803295
9803296,9803296
9803297,9803297
9803298,9803298
9803299,9803299
9803300,9803300
9803301,9803301
9803302,9803302
9803303,9803303
9803304,9803304
9803305,9803305
9803306,9803306
9803307,9803307
9803308,9803308
9803309,9803309
9803310,9803310
9803311,9803311
9803312,9803312
9803313,9803313
9803314,9803314
9803315,9803315
9803316,9803316
9803317,9803317
9803318,9803318
9803319,9803319
9803320,9803320
9803321,9803321
9803322,9803322
9803323,9803323
9803324,9803324
9803325,9803325
9803326,9803326
9803327,9803327
9803328,9803328
9803329,9803329
9803330,9803330
9803331,9803331
9803332,9803332
9803333,9803333
9803334,9803334
9803335,9803335
9803336,9803336
9803337,9803337
9803338,9803338
9803339,9803339
9803340,9803340
9803341,9803341
9803342,9803342
9803343,9803343
9803345,9803345
9803346,9803346
9803347,9803347
9803348,9803348
9803349,9803349
9803350,9803350
9803351,9803351
9803353,9803353
9803354,9803354
9803355,9803355
9803356,9803356
9803357,9803357
9803358,9803358
9803359,9803359
9803360,9803360
9803361,9803361
9803362,9803362
9803363,9803363
9803364,9803364
9803365,9803365
9803366,9803366
9803367,9803367
9803368,9803368
9803369,9803369
9803370,9803370
9803371,9803371
9803372,9803372
9803373,9803373
9803374,9803374
9803375,9803375
9803376,9803376
9803377,9803377
9803378,9803378
9803379,9803379
9803380,9803380
9803381,9803381
9803382,9803382
9803383,9803383
9803384,9803384
9803385,9803385
9803386,9803386
9803387,9803387
9803388,9803388
9803389,9803389
9803390,9803390
9803391,9803391
9803392,9803392
9803393,9803393
9803394,9803394
9803395,9803395
9803396,9803396
9803397,9803397
9803398,9803398
9803399,9803399
9803400,9803400
9803401,9803401
9803402,9803402
9803403,9803403
9803404,9803404
9803405,9803405
9803406,9803406
9803407,9803407
9803408,9803408
9803409,9803409
9803410,9803410
9803411,9803411
9803412,9803412
9803413,9803413
9803414,9803414
9803415,9803415
9803416,9803416
9803417,9803417
9803418,9803418
9803419,9803419
9803420,9803420
9803421,9803421
9803422,9803422
9803423,9803423
9803424,9803424
9803425,9803425
9803426,9803426
9803427,9803427
9803428,9803428
9803429,9803429
9803430,9803430
9803431,9803431
9803432,9803432
9803433,9803433
9803434,9803434
9803435,9803435
9803436,9803436
9803437,9803437
9803438,9803438
9803439,9803439
9803440,9803440
9803441,9803441
9803442,9803442
9803443,9803443
9803444,9803444
9803445,9803445
9803446,9803446
9803447,9803447
9803448,9803448
9803449,9803449
9803450,9803450
9803451,9803451
9803452,9803452
9803453,9803453
9803454,9803454
9803455,9803455
9803456,9803456
9803457,9803457
9803458,9803458
9803459,9803459
9803460,9803460
9803461,9803461
9803462,9803462
9803463,9803463
9803464,9803464
9803465,9803465
9803466,9803466
9803467,9803467
9803468,9803468
9803469,9803469
9803470,9803470
9803471,9803471
9803472,9803472
9803473,9803473
9803474,9803474
9803475,9803475
9803476,9803476
9803477,9803477
9803478,9803478
9803479,9803479
9803480,9803480
9803481,9803481
9803482,9803482
9803483,9803483
9803484,9803484
9803485,9803485
9803486,9803486
9803487,9803487
9803488,9803488
9803489,9803489
9803490,9803490
9803491,9803491
9803492,9803492
9803493,9803493
9803494,9803494
9803495,9803495
9803496,9803496
9803497,9803497
9803498,9803498
9803499,9803499
9803500,9803500
9803501,9803501
9804201,9804201
9804202,9804202
9804203,9804203
9804204,9804204
9804205,9804205
9804206,9804206
9804207,9804207
9804208,9804208
9804209,9804209
9804210,9804210
9804211,9804211
9804212,9804212
9804213,9804213
9804214,9804214
9804215,9804215
9804216,9804216
9804217,9804217
9804218,9804218
9804219,9804219
9804220,9804220
9804221,9804221
9804222,9804222
9804223,9804223
9804224,9804224
9804225,9804225
9804226,9804226
9804227,9804227
9804228,9804228
9804229,9804229
9804230,9804230
9804231,9804231
9804232,9804232
9804233,9804233
9804234,9804234
9804235,9804235
9804236,9804236
9804237,9804237
9804238,9804238
9804239,9804239
9804240,9804240
9804241,9804241
9804242,9804242
9804243,9804243
9804244,9804244
9804245,9804245
9804246,9804246
9804247,9804247
9804248,9804248
9804249,9804249
9804251,9804251
9804252,9804252
9804253,9804253
9804254,9804254
9804255,9804255
9804256,9804256
9804257,9804257
9804258,9804258
9804259,9804259
9804260,9804260
9804261,9804261
9804262,9804262
9804263,9804263
9804264,9804264
9804265,9804265
9804266,9804266
9804267,9804267
9804268,9804268
9804269,9804269
9804270,9804270
9804271,9804271
9804272,9804272
9804273,9804273
9804274,9804274
9804275,9804275
9804276,9804276
9804277,9804277
9804278,9804278
9804279,9804279
9804280,9804280
9804281,9804281
9804282,9804282
9804283,9804283
9804284,9804284
9804285,9804285
9804286,9804286
9804287,9804287
9804288,9804288
9804289,9804289
9804290,9804290
9804291,9804291
9804292,9804292
9804293,9804293
9804294,9804294
9804295,9804295
9804296,9804296
9804297,9804297
9804298,9804298
9804299,9804299
9804300,9804300
9804301,9804301
9804302,9804302
9804303,9804303
9804304,9804304
9804305,9804305
9804306,9804306
9804307,9804307
9804308,9804308
9804309,9804309
9804310,9804310
9804311,9804311
9804312,9804312
9804313,9804313
9804314,9804314
9804315,9804315
9804316,9804316
9804317,9804317
9804318,9804318
9804319,9804319
9804320,9804320
9804321,9804321
9804322,9804322
9804323,9804323
9804324,9804324
9804325,9804325
9804326,9804326
9804327,9804327
9804328,9804328
9804329,9804329
9804330,9804330
9804331,9804331
9804332,9804332
9804333,9804333
9804334,9804334
9804335,9804335
9804336,9804336
9804337,9804337
9804338,9804338
9804339,9804339
9804340,9804340
9804341,9804341
9804342,9804342
9804343,9804343
9804344,9804344
9804345,9804345
9804346,9804346
9804347,9804347
9804348,9804348
9804349,9804349
9804350,9804350
9804351,9804351
9804352,9804352
9804353,9804353
9804354,9804354
9804355,9804355
9804356,9804356
9804357,9804357
9804358,9804358
9804359,9804359
9804361,9804361
9804362,9804362
9804363,9804363
9804364,9804364
9804365,9804365
9804366,9804366
9804367,9804367
9804368,9804368
9804369,9804369
9804370,9804370
9804371,9804371
9804372,9804372
9804373,9804373
9804374,9804374
9804375,9804375
9804376,9804376
9804377,9804377
9804378,9804378
9804379,9804379
9804380,9804380
9804381,9804381
9804382,9804382
9804383,9804383
9804384,9804384
9804385,9804385
9804387,9804387
9804388,9804388
9804389,9804389
9804390,9804390
9804391,9804391
9804392,9804392
9804393,9804393
9804394,9804394
9804395,9804395
9804397,9804397
9804398,9804398
9804399,9804399
9804400,9804400
9804401,9804401
9804402,9804402
9804403,9804403
9804404,9804404
9804405,9804405
9804406,9804406
9804407,9804407
9804408,9804408
9804409,9804409
9804410,9804410
9804411,9804411
9804412,9804412
9804413,9804413
9804415,9804415
9804416,9804416
9804417,9804417
9804418,9804418
9804419,9804419
9804420,9804420
9804421,9804421
9804422,9804422
9804423,9804423
9804424,9804424
9804425,9804425
9804426,9804426
9804427,9804427
9804428,9804428
9804429,9804429
9804430,9804430
9804431,9804431
9804432,9804432
9804433,9804433
9804434,9804434
9804435,9804435
9804436,9804436
9804437,9804437
9804438,9804438
9804439,9804439
9804440,9804440
9804441,9804441
9804442,9804442
9804443,9804443
9804444,9804444
9804445,9804445
9804446,9804446
9804447,9804447
9804448,9804448
9804449,9804449
9804450,9804450
9804451,9804451
9804452,9804452
9804453,9804453
9804454,9804454
9804455,9804455
9804456,9804456
9804457,9804457
9804458,9804458
9804459,9804459
9804460,9804460
9804461,9804461
9804462,9804462
9804463,9804463
9804464,9804464
9804465,9804465
9804466,9804466
9805201,9805201
9805202,9805202
9805203,9805203
9805204,9805204
9805205,9805205
9805206,9805206
9805207,9805207
9805208,9805208
9805209,9805209
9805210,9805210
9805211,9805211
9805212,9805212
9805213,9805213
9805214,9805214
9805215,9805215
9805216,9805216
9805217,9805217
9805218,9805218
9805219,9805219
9805220,9805220
9805221,9805221
9805222,9805222
9805223,9805223
9805224,9805224
9805225,9805225
9805226,9805226
9805227,9805227
9805228,9805228
9805229,9805229
9805230,9805230
9805231,9805231
9805232,9805232
9805233,9805233
9805234,9805234
9805235,9805235
9805236,9805236
9805237,9805237
9805238,9805238
9805239,9805239
9805240,9805240
9805241,9805241
9805242,9805242
9805243,9805243
9805244,9805244
9805245,9805245
9805246,9805246
9805247,9805247
9805248,9805248
9805249,9805249
9805250,9805250
9805251,9805251
9805252,9805252
9805253,9805253
9805254,9805254
9805255,9805255
9805256,9805256
9805257,9805257
9805258,9805258
9805259,9805259
9805260,9805260
9805261,9805261
9805262,9805262
9805264,9805264
9805265,9805265
9805266,9805266
9805267,9805267
9805268,9805268
9805270,9805270
9805271,9805271
9805272,9805272
9805273,9805273
9805274,9805274
9805275,9805275
9805276,9805276
9805277,9805277
9805278,9805278
9805279,9805279
9805280,9805280
9805281,9805281
9805282,9805282
9805283,9805283
9805285,9805285
9805286,9805286
9805287,9805287
9805288,9805288
9805289,9805289
9805290,9805290
9805291,9805291
9805292,9805292
9805293,9805293
9805294,9805294
9805295,9805295
9805296,9805296
9805297,9805297
9805298,9805298
9805299,9805299
9805300,9805300
9805301,9805301
9805302,9805302
9805303,9805303
9805304,9805304
9805305,9805305
9805306,9805306
9805307,9805307
9805308,9805308
9805309,9805309
9805310,9805310
9805311,9805311
9805312,9805312
9805313,9805313
9805314,9805314
9805315,9805315
9805316,9805316
9805317,9805317
9805318,9805318
9805319,9805319
9805320,9805320
9805321,9805321
9805322,9805322
9805323,9805323
9805324,9805324
9805325,9805325
9805326,9805326
9805327,9805327
9805328,9805328
9805329,9805329
9805330,9805330
9805331,9805331
9805332,9805332
9805333,9805333
9805334,9805334
9805335,9805335
9805336,9805336
9805337,9805337
9805338,9805338
9805339,9805339
9805340,9805340
9805341,9805341
9805342,9805342
9805343,9805343
9805344,9805344
9805345,9805345
9805346,9805346
9805347,9805347
9805348,9805348
9805349,9805349
9805350,9805350
9805351,9805351
9805352,9805352
9805353,9805353
9805354,9805354
9805355,9805355
9805356,9805356
9805357,9805357
9805358,9805358
9805359,9805359
9805360,9805360
9805361,9805361
9805362,9805362
9805363,9805363
9805364,9805364
9805365,9805365
9805366,9805366
9805367,9805367
9805368,9805368
9805369,9805369
9805370,9805370
9805371,9805371
9805372,9805372
9805373,9805373
9805374,9805374
9805375,9805375
9805376,9805376
9805377,9805377
9805378,9805378
9805379,9805379
9805380,9805380
9805381,9805381
9805382,9805382
9805383,9805383
9805384,9805384
9805385,9805385
9805386,9805386
9805387,9805387
9805388,9805388
9805389,9805389
9805390,9805390
9805391,9805391
9805392,9805392
9805393,9805393
9805394,9805394
9805395,9805395
9805396,9805396
9805397,9805397
9805398,9805398
9805399,9805399
9805400,9805400
9805401,9805401
9805402,9805402
9805403,9805403
9805404,9805404
9805405,9805405
9805406,9805406
9805407,9805407
9805408,9805408
9805409,9805409
9805410,9805410
9805411,9805411
9805412,9805412
9805413,9805413
9805414,9805414
9805415,9805415
9805416,9805416
9805417,9805417
9805418,9805418
9805419,9805419
9805420,9805420
9805421,9805421
9805422,9805422
9805423,9805423
9805424,9805424
9805425,9805425
9805426,9805426
9805427,9805427
9805428,9805428
9805429,9805429
9805430,9805430
9805431,9805431
9805432,9805432
9805433,9805433
9805434,9805434
9805435,9805435
9805436,9805436
9805437,9805437
9805438,9805438
9805439,9805439
9805440,9805440
9805441,9805441
9805442,9805442
9805443,9805443
9805444,9805444
9805445,9805445
9805446,9805446
9805447,9805447
9805448,9805448
9805449,9805449
9805450,9805450
9805451,9805451
9805452,9805452
9805453,9805453
9805454,9805454
9805455,9805455
9805456,9805456
9805457,9805457
9805458,9805458
9805459,9805459
9805460,9805460
9805461,9805461
9805462,9805462
9805463,9805463
9805464,9805464
9805465,9805465
9805466,9805466
9805467,9805467
9805468,9805468
9805470,9805470
9805471,9805471
9805472,9805472
9805473,9805473
9805474,9805474
9805475,9805475
9805476,9805476
9805477,9805477
9805478,9805478
9805479,9805479
9805480,9805480
9805481,9805481
9805482,9805482
9805483,9805483
9805484,9805484
9805485,9805485
9805486,9805486
9805487,9805487
9805488,9805488
9805489,9805489
9805490,9805490
9805491,9805491
9805492,9805492
9805493,9805493
9805494,9805494
9805495,9805495
9805496,9805496
9805497,9805497
9805498,9805498
9805499,9805499
9805500,9805500
9805501,9805501
9805502,9805502
9805503,9805503
9805504,9805504
9805505,9805505
9805506,9805506
9805507,9805507
9805508,9805508
9805509,9805509
9805510,9805510
9805511,9805511
9805512,9805512
9806201,9806201
9806202,9806202
9806203,9806203
9806204,9806204
9806205,9806205
9806206,9806206
9806207,9806207
9806208,9806208
9806209,9806209
9806210,9806210
9806211,9806211
9806212,9806212
9806213,9806213
9806214,9806214
9806215,9806215
9806216,9806216
9806217,9806217
9806218,9806218
9806219,9806219
9806220,9806220
9806221,9806221
9806222,9806222
9806223,9806223
9806224,9806224
9806225,9806225
9806226,9806226
9806227,9806227
9806228,9806228
9806229,9806229
9806230,9806230
9806231,9806231
9806232,9806232
9806233,9806233
9806234,9806234
9806235,9806235
9806236,9806236
9806237,9806237
9806238,9806238
9806239,9806239
9806240,9806240
9806241,9806241
9806242,9806242
9806243,9806243
9806244,9806244
9806245,9806245
9806246,9806246
9806247,9806247
9806248,9806248
9806249,9806249
9806250,9806250
9806251,9806251
9806253,9806253
9806254,9806254
9806255,9806255
9806256,9806256
9806257,9806257
9806258,9806258
9806259,9806259
9806260,9806260
9806261,9806261
9806262,9806262
9806263,9806263
9806264,9806264
9806265,9806265
9806266,9806266
9806267,9806267
9806268,9806268
9806269,9806269
9806270,9806270
9806271,9806271
9806272,9806272
9806273,9806273
9806274,9806274
9806275,9806275
9806276,9806276
9806277,9806277
9806278,9806278
9806279,9806279
9806280,9806280
9806281,9806281
9806282,9806282
9806283,9806283
9806284,9806284
9806285,9806285
9806286,9806286
9806287,9806287
9806288,9806288
9806289,9806289
9806290,9806290
9806291,9806291
9806292,9806292
9806293,9806293
9806294,9806294
9806295,9806295
9806296,9806296
9806297,9806297
9806298,9806298
9806299,9806299
9806300,9806300
9806301,9806301
9806302,9806302
9806303,9806303
9806304,9806304
9806305,9806305
9806306,9806306
9806307,9806307
9806308,9806308
9806309,9806309
9806310,9806310
9806311,9806311
9806312,9806312
9806313,9806313
9806314,9806314
9806315,9806315
9806316,9806316
9806317,9806317
9806318,9806318
9806319,9806319
9806320,9806320
9806321,9806321
9806322,9806322
9806323,9806323
9806324,9806324
9806325,9806325
9806326,9806326
9806327,9806327
9806328,9806328
9806329,9806329
9806330,9806330
9806331,9806331
9806332,9806332
9806333,9806333
9806334,9806334
9806335,9806335
9806336,9806336
9806337,9806337
9806338,9806338
9806339,9806339
9806340,9806340
9806341,9806341
9806342,9806342
9806343,9806343
9806344,9806344
9806345,9806345
9806346,9806346
9806347,9806347
9806348,9806348
9806349,9806349
9806350,9806350
9806351,9806351
9806352,9806352
9806353,9806353
9806354,9806354
9806355,9806355
9806356,9806356
9806357,9806357
9806358,9806358
9806359,9806359
9806360,9806360
9806361,9806361
9806362,9806362
9806363,9806363
9806364,9806364
9806365,9806365
9806366,9806366
9806367,9806367
9806368,9806368
9806369,9806369
9806370,9806370
9806371,9806371
9806372,9806372
9806373,9806373
9806374,9806374
9806375,9806375
9806376,9806376
9806377,9806377
9806378,9806378
9806379,9806379
9806380,9806380
9806381,9806381
9806382,9806382
9806383,9806383
9806384,9806384
9806385,9806385
9806386,9806386
9806387,9806387
9806388,9806388
9806389,9806389
9806390,9806390
9806391,9806391
9806392,9806392
9806393,9806393
9806394,9806394
9806395,9806395
9806396,9806396
9806397,9806397
9806398,9806398
9806399,9806399
9806400,9806400
9806401,9806401
9806402,9806402
9806403,9806403
9806404,9806404
9806405,9806405
9806406,9806406
9806408,9806408
9806409,9806409
9806410,9806410
9806411,9806411
9806412,9806412
9806413,9806413
9806414,9806414
9806416,9806416
9806417,9806417
9806418,9806418
9806419,9806419
9806420,9806420
9806421,9806421
9806422,9806422
9806423,9806423
9806424,9806424
9806425,9806425
9806426,9806426
9806427,9806427
9806428,9806428
9806429,9806429
9806430,9806430
9806431,9806431
9806432,9806432
9806433,9806433
9806434,9806434
9806435,9806435
9806436,9806436
9806437,9806437
9806438,9806438
9806439,9806439
9806440,9806440
9806441,9806441
9806442,9806442
9806443,9806443
9806444,9806444
9806445,9806445
9806446,9806446
9806447,9806447
9806448,9806448
9806449,9806449
9806450,9806450
9806451,9806451
9806452,9806452
9806453,9806453
9806454,9806454
9806455,9806455
9806456,9806456
9806457,9806457
9806458,9806458
9806459,9806459
9806460,9806460
9806461,9806461
9806462,9806462
9806463,9806463
9806464,9806464
9806465,9806465
9806466,9806466
9806467,9806467
9806468,9806468
9806469,9806469
9806470,9806470
9806471,9806471
9806472,9806472
9806473,9806473
9806474,9806474
9806475,9806475
9806476,9806476
9806477,9806477
9806478,9806478
9806479,9806479
9806480,9806480
9806481,9806481
9806482,9806482
9806483,9806483
9806484,9806484
9806485,9806485
9806486,9806486
9806487,9806487
9806488,9806488
9806489,9806489
9806490,9806490
9806491,9806491
9806492,9806492
9806493,9806493
9806494,9806494
9806495,9806495
9806496,9806496
9806497,9806497
9806498,9806498
9806499,9806499
9806500,9806500
9806501,9806501
9806502,9806502
9806503,9806503
9806504,9806504
9806505,9806505
9806506,9806506
9806509,9806509
9806510,9806510
9806511,9806511
9806512,9806512
9806513,9806513
9806514,9806514
9806515,9806515
9806516,9806516
9806517,9806517
9806518,9806518
9806519,9806519
9806520,9806520
9806521,9806521
9806522,9806522
9806523,9806523
9806524,9806524
9806525,9806525
9806526,9806526
9806527,9806527
9806528,9806528
9806529,9806529
9806530,9806530
9806531,9806531
9806532,9806532
9806533,9806533
9806534,9806534
9806535,9806535
9806536,9806536
9806537,9806537
9806538,9806538
9806539,9806539
9806540,9806540
9806541,9806541
9807201,9807201
9807202,9807202
9807203,9807203
9807204,9807204
9807205,9807205
9807206,9807206
9807207,9807207
9807208,9807208
9807209,9807209
9807210,9807210
9807211,9807211
9807212,9807212
9807213,9807213
9807214,9807214
9807215,9807215
9807216,9807216
9807217,9807217
9807218,9807218
9807219,9807219
9807220,9807220
9807221,9807221
9807222,9807222
9807223,9807223
9807224,9807224
9807225,9807225
9807226,9807226
9807227,9807227
9807228,9807228
9807229,9807229
9807230,9807230
9807231,9807231
9807232,9807232
9807233,9807233
9807234,9807234
9807235,9807235
9807236,9807236
9807237,9807237
9807238,9807238
9807239,9807239
9807240,9807240
9807241,9807241
9807242,9807242
9807243,9807243
9807244,9807244
9807245,9807245
9807246,9807246
9807247,9807247
9807248,9807248
9807249,9807249
9807250,9807250
9807251,9807251
9807252,9807252
9807253,9807253
9807254,9807254
9807255,9807255
9807256,9807256
9807257,9807257
9807258,9807258
9807259,9807259
9807260,9807260
9807261,9807261
9807262,9807262
9807263,9807263
9807264,9807264
9807265,9807265
9807266,9807266
9807267,9807267
9807268,9807268
9807269,9807269
9807270,9807270
9807271,9807271
9807272,9807272
9807273,9807273
9807274,9807274
9807275,9807275
9807276,9807276
9807277,9807277
9807278,9807278
9807279,9807279
9807280,9807280
9807281,9807281
9807282,9807282
9807283,9807283
9807285,9807285
9807286,9807286
9807287,9807287
9807288,9807288
9807289,9807289
9807290,9807290
9807291,9807291
9807292,9807292
9807293,9807293
9807294,9807294
9807295,9807295
9807296,9807296
9807297,9807297
9807298,9807298
9807299,9807299
9807301,9807301
9807302,9807302
9807303,9807303
9807304,9807304
9807305,9807305
9807306,9807306
9807307,9807307
9807308,9807308
9807309,9807309
9807310,9807310
9807311,9807311
9807312,9807312
9807314,9807314
9807315,9807315
9807316,9807316
9807317,9807317
9807318,9807318
9807319,9807319
9807320,9807320
9807321,9807321
9807322,9807322
9807323,9807323
9807324,9807324
9807325,9807325
9807326,9807326
9807327,9807327
9807328,9807328
9807329,9807329
9807330,9807330
9807331,9807331
9807332,9807332
9807333,9807333
9807334,9807334
9807335,9807335
9807336,9807336
9807337,9807337
9807338,9807338
9807339,9807339
9807340,9807340
9807341,9807341
9807342,9807342
9807343,9807343
9807344,9807344
9807345,9807345
9807346,9807346
9807347,9807347
9807348,9807348
9807349,9807349
9807350,9807350
9807351,9807351
9807352,9807352
9807353,9807353
9807354,9807354
9807355,9807355
9807356,9807356
9807357,9807357
9807358,9807358
9807359,9807359
9807360,9807360
9807361,9807361
9807362,9807362
9807363,9807363
9807364,9807364
9807365,9807365
9807366,9807366
9807367,9807367
9807368,9807368
9807369,9807369
9807370,9807370
9807371,9807371
9807372,9807372
9807373,9807373
9807374,9807374
9807375,9807375
9807376,9807376
9807377,9807377
9807378,9807378
9807379,9807379
9807380,9807380
9807381,9807381
9807382,9807382
9807383,9807383
9807384,9807384
9807385,9807385
9807386,9807386
9807387,9807387
9807388,9807388
9807389,9807389
9807390,9807390
9807391,9807391
9807392,9807392
9807393,9807393
9807394,9807394
9807395,9807395
9807396,9807396
9807397,9807397
9807398,9807398
9807399,9807399
9807400,9807400
9807401,9807401
9807402,9807402
9807403,9807403
9807404,9807404
9807405,9807405
9807406,9807406
9807407,9807407
9807408,9807408
9807409,9807409
9807410,9807410
9807411,9807411
9807412,9807412
9807413,9807413
9807414,9807414
9807415,9807415
9807416,9807416
9807417,9807417
9807418,9807418
9807419,9807419
9807420,9807420
9807421,9807421
9807422,9807422
9807423,9807423
9807424,9807424
9807425,9807425
9807426,9807426
9807427,9807427
9807428,9807428
9807429,9807429
9807430,9807430
9807431,9807431
9807432,9807432
9807433,9807433
9807434,9807434
9807435,9807435
9807436,9807436
9807437,9807437
9807438,9807438
9807439,9807439
9807440,9807440
9807441,9807441
9807442,9807442
9807443,9807443
9807444,9807444
9807445,9807445
9807446,9807446
9807447,9807447
9807448,9807448
9807449,9807449
9807450,9807450
9807451,9807451
9807452,9807452
9807453,9807453
9807454,9807454
9807455,9807455
9807456,9807456
9807457,9807457
9807458,9807458
9807459,9807459
9807460,9807460
9807461,9807461
9807462,9807462
9807463,9807463
9807464,9807464
9807465,9807465
9807466,9807466
9807467,9807467
9807468,9807468
9807469,9807469
9807470,9807470
9807471,9807471
9807472,9807472
9807473,9807473
9807474,9807474
9807475,9807475
9807476,9807476
9807477,9807477
9807478,9807478
9807479,9807479
9807480,9807480
9807481,9807481
9807482,9807482
9807483,9807483
9807484,9807484
9807485,9807485
9807486,9807486
9807487,9807487
9807488,9807488
9807489,9807489
9807490,9807490
9807491,9807491
9807492,9807492
9807493,9807493
9807494,9807494
9807495,9807495
9807496,9807496
9807497,9807497
9807498,9807498
9807499,9807499
9807500,9807500
9807501,9807501
9807502,9807502
9807503,9807503
9807504,9807504
9807505,9807505
9807506,9807506
9807507,9807507
9807508,9807508
9807509,9807509
9807510,9807510
9807511,9807511
9807512,9807512
9807513,9807513
9807514,9807514
9807515,9807515
9807516,9807516
9807517,9807517
9807518,9807518
9807519,9807519
9807520,9807520
9807521,9807521
9807522,9807522
9807523,9807523
9807524,9807524
9807525,9807525
9807526,9807526
9807527,9807527
9807528,9807528
9807529,9807529
9807530,9807530
9807532,9807532
9807533,9807533
9807534,9807534
9807536,9807536
9807537,9807537
9807538,9807538
9807539,9807539
9807540,9807540
9807541,9807541
9807542,9807542
9807544,9807544
9807545,9807545
9807546,9807546
9807547,9807547
9807548,9807548
9807549,9807549
9807550,9807550
9807551,9807551
9807552,9807552
9807553,9807553
9807554,9807554
9807556,9807556
9807557,9807557
9807558,9807558
9807559,9807559
9807560,9807560
9807561,9807561
9807562,9807562
9807563,9807563
9807564,9807564
9807565,9807565
9807566,9807566
9807567,9807567
9807568,9807568
9807569,9807569
9807570,9807570
9807571,9807571
9807572,9807572
9807573,9807573
9808201,9808201
9808202,9808202
9808203,9808203
9808204,9808204
9808205,9808205
9808206,9808206
9808207,9808207
9808208,9808208
9808209,9808209
9808210,9808210
9808211,9808211
9808212,9808212
9808213,9808213
9808214,9808214
9808215,9808215
9808216,9808216
9808217,9808217
9808218,9808218
9808219,9808219
9808220,9808220
9808221,9808221
9808222,9808222
9808223,9808223
9808224,9808224
9808225,9808225
9808226,9808226
9808227,9808227
9808228,9808228
9808229,9808229
9808230,9808230
9808231,9808231
9808232,9808232
9808233,9808233
9808234,9808234
9808235,9808235
9808236,9808236
9808237,9808237
9808238,9808238
9808240,9808240
9808241,9808241
9808242,9808242
9808243,9808243
9808244,9808244
9808245,9808245
9808246,9808246
9808247,9808247
9808248,9808248
9808249,9808249
9808250,9808250
9808251,9808251
9808252,9808252
9808253,9808253
9808254,9808254
9808255,9808255
9808256,9808256
9808257,9808257
9808258,9808258
9808259,9808259
9808260,9808260
9808261,9808261
9808262,9808262
9808263,9808263
9808264,9808264
9808265,9808265
9808266,9808266
9808267,9808267
9808269,9808269
9808270,9808270
9808271,9808271
9808272,9808272
9808273,9808273
9808274,9808274
9808275,9808275
9808276,9808276
9808277,9808277
9808278,9808278
9808279,9808279
9808280,9808280
9808281,9808281
9808282,9808282
9808283,9808283
9808284,9808284
9808285,9808285
9808286,9808286
9808287,9808287
9808288,9808288
9808289,9808289
9808290,9808290
9808291,9808291
9808292,9808292
9808293,9808293
9808294,9808294
9808295,9808295
9808296,9808296
9808297,9808297
9808298,9808298
9808299,9808299
9808300,9808300
9808301,9808301
9808302,9808302
9808303,9808303
9808304,9808304
9808305,9808305
9808306,9808306
9808307,9808307
9808308,9808308
9808309,9808309
9808310,9808310
9808311,9808311
9808312,9808312
9808313,9808313
9808314,9808314
9808315,9808315
9808316,9808316
9808317,9808317
9808318,9808318
9808319,9808319
9808320,9808320
9808321,9808321
9808322,9808322
9808323,9808323
9808324,9808324
9808325,9808325
9808326,9808326
9808327,9808327
9808328,9808328
9808329,9808329
9808330,9808330
9808331,9808331
9808332,9808332
9808333,9808333
9808334,9808334
9808335,9808335
9808336,9808336
9808337,9808337
9808338,9808338
9808339,9808339
9808340,9808340
9808341,9808341
9808342,9808342
9808343,9808343
9808344,9808344
9808345,9808345
9808346,9808346
9808347,9808347
9808348,9808348
9808349,9808349
9808350,9808350
9808351,9808351
9808352,9808352
9808353,9808353
9808354,9808354
9808355,9808355
9808356,9808356
9808357,9808357
9808358,9808358
9808359,9808359
9808360,9808360
9808361,9808361
9808362,9808362
9808363,9808363
9808364,9808364
9808365,9808365
9808366,9808366
9808367,9808367
9808368,9808368
9808369,9808369
9808370,9808370
9808371,9808371
9808372,9808372
9808373,9808373
9808374,9808374
9808375,9808375
9808376,9808376
9808377,9808377
9808378,9808378
9808379,9808379
9808380,9808380
9808381,9808381
9808382,9808382
9808383,9808383
9808384,9808384
9808385,9808385
9808386,9808386
9808387,9808387
9808388,9808388
9808389,9808389
9808390,9808390
9808391,9808391
9808392,9808392
9808393,9808393
9808394,9808394
9808395,9808395
9808396,9808396
9808397,9808397
9808398,9808398
9808399,9808399
9808400,9808400
9808401,9808401
9808402,9808402
9808403,9808403
9808404,9808404
9808405,9808405
9808406,9808406
9808407,9808407
9808408,9808408
9808409,9808409
9808410,9808410
9808411,9808411
9808412,9808412
9808413,9808413
9808414,9808414
9808415,9808415
9808416,9808416
9808417,9808417
9808418,9808418
9808419,9808419
9808420,9808420
9808421,9808421
9808422,9808422
9808423,9808423
9808424,9808424
9808425,9808425
9808426,9808426
9808427,9808427
9808428,9808428
9808429,9808429
9808430,9808430
9808431,9808431
9808432,9808432
9808433,9808433
9808434,9808434
9808435,9808435
9808437,9808437
9808438,9808438
9808439,9808439
9808440,9808440
9808441,9808441
9808442,9808442
9808443,9808443
9808444,9808444
9808445,9808445
9808446,9808446
9808447,9808447
9808448,9808448
9808449,9808449
9808450,9808450
9808451,9808451
9808452,9808452
9808453,9808453
9808454,9808454
9808455,9808455
9808456,9808456
9808457,9808457
9808458,9808458
9808459,9808459
9808460,9808460
9808461,9808461
9808462,9808462
9808463,9808463
9808464,9808464
9808465,9808465
9808466,9808466
9808467,9808467
9808468,9808468
9808469,9808469
9808470,9808470
9808471,9808471
9808472,9808472
9808473,9808473
9808474,9808474
9808475,9808475
9808476,9808476
9808477,9808477
9808478,9808478
9808479,9808479
9808480,9808480
9808481,9808481
9808482,9808482
9808483,9808483
9808484,9808484
9808485,9808485
9808486,9808486
9808487,9808487
9808488,9808488
9808489,9808489
9808490,9808490
9808491,9808491
9808492,9808492
9808493,9808493
9808494,9808494
9808495,9808495
9808496,9808496
9808497,9808497
9808498,9808498
9809201,9809201
9809202,9809202
9809203,9809203
9809204,9809204
9809205,9809205
9809206,9809206
9809207,9809207
9809208,9809208
9809209,9809209
9809210,9809210
9809211,9809211
9809212,9809212
9809213,9809213
9809214,9809214
9809215,9809215
9809216,9809216
9809217,9809217
9809218,9809218
9809219,9809219
9809220,9809220
9809221,9809221
9809222,9809222
9809223,9809223
9809224,9809224
9809225,9809225
9809226,9809226
9809227,9809227
9809228,9809228
9809229,9809229
9809230,9809230
9809231,9809231
9809232,9809232
9809233,9809233
9809234,9809234
9809235,9809235
9809236,9809236
9809237,9809237
9809239,9809239
9809240,9809240
9809241,9809241
9809242,9809242
9809243,9809243
9809244,9809244
9809245,9809245
9809246,9809246
9809247,9809247
9809248,9809248
9809249,9809249
9809250,9809250
9809251,9809251
9809252,9809252
9809253,9809253
9809254,9809254
9809255,9809255
9809256,9809256
9809257,9809257
9809258,9809258
9809259,9809259
9809260,9809260
9809262,9809262
9809263,9809263
9809264,9809264
9809265,9809265
9809266,9809266
9809268,9809268
9809269,9809269
9809270,9809270
9809271,9809271
9809272,9809272
9809273,9809273
9809274,9809274
9809275,9809275
9809276,9809276
9809277,9809277
9809278,9809278
9809279,9809279
9809280,9809280
9809281,9809281
9809282,9809282
9809283,9809283
9809284,9809284
9809285,9809285
9809286,9809286
9809287,9809287
9809288,9809288
9809289,9809289
9809290,9809290
9809291,9809291
9809292,9809292
9809293,9809293
9809294,9809294
9809295,9809295
9809296,9809296
9809297,9809297
9809298,9809298
9809299,9809299
9809300,9809300
9809301,9809301
9809302,9809302
9809303,9809303
9809304,9809304
9809305,9809305
9809306,9809306
9809307,9809307
9809308,9809308
9809309,9809309
9809310,9809310
9809311,9809311
9809312,9809312
9809313,9809313
9809314,9809314
9809315,9809315
9809316,9809316
9809317,9809317
9809318,9809318
9809319,9809319
9809320,9809320
9809321,9809321
9809322,9809322
9809323,9809323
9809324,9809324
9809325,9809325
9809326,9809326
9809327,9809327
9809328,9809328
9809329,9809329
9809330,9809330
9809331,9809331
9809332,9809332
9809333,9809333
9809334,9809334
9809335,9809335
9809336,9809336
9809337,9809337
9809338,9809338
9809339,9809339
9809340,9809340
9809341,9809341
9809342,9809342
9809343,9809343
9809344,9809344
9809345,9809345
9809346,9809346
9809347,9809347
9809348,9809348
9809350,9809350
9809351,9809351
9809352,9809352
9809353,9809353
9809354,9809354
9809355,9809355
9809356,9809356
9809357,9809357
9809358,9809358
9809359,9809359
9809360,9809360
9809361,9809361
9809362,9809362
9809363,9809363
9809364,9809364
9809365,9809365
9809366,9809366
9809367,9809367
9809368,9809368
9809369,9809369
9809370,9809370
9809371,9809371
9809372,9809372
9809373,9809373
9809374,9809374
9809375,9809375
9809376,9809376
9809377,9809377
9809378,9809378
9809379,9809379
9809380,9809380
9809381,9809381
9809382,9809382
9809383,9809383
9809384,9809384
9809385,9809385
9809386,9809386
9809387,9809387
9809388,9809388
9809389,9809389
9809390,9809390
9809391,9809391
9809392,9809392
9809393,9809393
9809394,9809394
9809395,9809395
9809396,9809396
9809397,9809397
9809398,9809398
9809399,9809399
9809400,9809400
9809401,9809401
9809402,9809402
9809403,9809403
9809404,9809404
9809406,9809406
9809407,9809407
9809408,9809408
9809409,9809409
9809410,9809410
9809411,9809411
9809412,9809412
9809413,9809413
9809414,9809414
9809415,9809415
9809416,9809416
9809417,9809417
9809418,9809418
9809419,9809419
9809420,9809420
9809421,9809421
9809422,9809422
9809423,9809423
9809424,9809424
9809425,9809425
9809426,9809426
9809427,9809427
9809428,9809428
9809429,9809429
9809430,9809430
9809431,9809431
9809432,9809432
9809433,9809433
9809434,9809434
9809435,9809435
9809436,9809436
9809437,9809437
9809438,9809438
9809439,9809439
9809440,9809440
9809441,9809441
9809442,9809442
9809443,9809443
9809444,9809444
9809446,9809446
9809447,9809447
9809448,9809448
9809449,9809449
9809450,9809450
9809451,9809451
9809452,9809452
9809453,9809453
9809454,9809454
9809455,9809455
9809456,9809456
9809457,9809457
9809458,9809458
9809459,9809459
9809460,9809460
9809461,9809461
9809464,9809464
9809465,9809465
9809466,9809466
9809467,9809467
9809468,9809468
9809469,9809469
9809470,9809470
9809471,9809471
9809472,9809472
9809473,9809473
9809474,9809474
9809475,9809475
9809476,9809476
9809477,9809477
9809478,9809478
9809479,9809479
9809480,9809480
9809481,9809481
9809482,9809482
9809483,9809483
9809484,9809484
9809485,9809485
9809486,9809486
9809487,9809487
9809488,9809488
9809489,9809489
9809490,9809490
9809491,9809491
9809492,9809492
9809493,9809493
9809494,9809494
9809495,9809495
9809496,9809496
9809497,9809497
9809498,9809498
9809499,9809499
9809500,9809500
9809501,9809501
9809502,9809502
9809503,9809503
9809504,9809504
9809505,9809505
9809506,9809506
9809507,9809507
9809508,9809508
9809509,9809509
9809510,9809510
9809511,9809511
9809512,9809512
9809513,9809513
9809514,9809514
9809515,9809515
9809516,9809516
9809517,9809517
9809518,9809518
9809519,9809519
9809520,9809520
9809521,9809521
9809522,9809522
9809523,9809523
9809524,9809524
9809525,9809525
9809526,9809526
9809527,9809527
9809528,9809528
9809529,9809529
9809530,9809530
9809531,9809531
9809532,9809532
9809533,9809533
9809534,9809534
9809535,9809535
9809536,9809536
9809537,9809537
9809538,9809538
9809539,9809539
9809540,9809540
9809541,9809541
9809542,9809542
9809543,9809543
9809544,9809544
9809545,9809545
9809546,9809546
9809547,9809547
9809548,9809548
9809549,9809549
9809550,9809550
9809551,9809551
9809552,9809552
9809553,9809553
9809554,9809554
9809555,9809555
9809556,9809556
9809557,9809557
9809558,9809558
9809559,9809559
9809560,9809560
9809561,9809561
9809562,9809562
9809563,9809563
9809564,9809564
9809565,9809565
9809566,9809566
9809567,9809567
9809568,9809568
9809569,9809569
9809570,9809570
9809571,9809571
9809572,9809572
9809573,9809573
9809574,9809574
9809575,9809575
9809576,9809576
9809577,9809577
9809578,9809578
9809579,9809579
9809580,9809580
9809581,9809581
9809582,9809582
9809583,9809583
9809584,9809584
9809585,9809585
9809586,9809586
9809587,9809587
9809589,9809589
9809590,9809590
9809591,9809591
9809592,9809592
9809593,9809593
9809594,9809594
9809595,9809595
9809596,9809596
9809597,9809597
9809598,9809598
9810201,9810201
9810202,9810202
9810203,9810203
9810204,9810204
9810205,9810205
9810206,9810206
9810207,9810207
9810208,9810208
9810209,9810209
9810210,9810210
9810211,9810211
9810212,9810212
9810213,9810213
9810214,9810214
9810215,9810215
9810216,9810216
9810217,9810217
9810218,9810218
9810220,9810220
9810221,9810221
9810222,9810222
9810223,9810223
9810224,9810224
9810225,9810225
9810226,9810226
9810227,9810227
9810228,9810228
9810229,9810229
9810230,9810230
9810231,9810231
9810232,9810232
9810233,9810233
9810234,9810234
9810235,9810235
9810236,9810236
9810237,9810237
9810238,9810238
9810239,9810239
9810240,9810240
9810241,9810241
9810243,9810243
9810245,9810245
9810246,9810246
9810247,9810247
9810248,9810248
9810249,9810249
9810251,9810251
9810252,9810252
9810253,9810253
9810254,9810254
9810255,9810255
9810256,9810256
9810257,9810257
9810258,9810258
9810259,9810259
9810260,9810260
9810261,9810261
9810262,9810262
9810263,9810263
9810264,9810264
9810265,9810265
9810266,9810266
9810267,9810267
9810268,9810268
9810269,9810269
9810270,9810270
9810271,9810271
9810272,9810272
9810273,9810273
9810274,9810274
9810275,9810275
9810276,9810276
9810277,9810277
9810278,9810278
9810279,9810279
9810280,9810280
9810281,9810281
9810282,9810282
9810283,9810283
9810284,9810284
9810285,9810285
9810286,9810286
9810287,9810287
9810288,9810288
9810289,9810289
9810290,9810290
9810291,9810291
9810292,9810292
9810293,9810293
9810294,9810294
9810295,9810295
9810296,9810296
9810297,9810297
9810298,9810298
9810299,9810299
9810300,9810300
9810301,9810301
9810303,9810303
9810305,9810305
9810306,9810306
9810307,9810307
9810308,9810308
9810309,9810309
9810310,9810310
9810311,9810311
9810312,9810312
9810313,9810313
9810314,9810314
9810315,9810315
9810316,9810316
9810317,9810317
9810318,9810318
9810319,9810319
9810320,9810320
9810321,9810321
9810322,9810322
9810323,9810323
9810324,9810324
9810325,9810325
9810326,9810326
9810327,9810327
9810328,9810328
9810329,9810329
9810330,9810330
9810331,9810331
9810332,9810332
9810333,9810333
9810334,9810334
9810335,9810335
9810336,9810336
9810338,9810338
9810339,9810339
9810340,9810340
9810341,9810341
9810342,9810342
9810343,9810343
9810344,9810344
9810346,9810346
9810347,9810347
9810348,9810348
9810349,9810349
9810350,9810350
9810351,9810351
9810352,9810352
9810353,9810353
9810354,9810354
9810355,9810355
9810356,9810356
9810357,9810357
9810358,9810358
9810359,9810359
9810360,9810360
9810361,9810361
9810362,9810362
9810363,9810363
9810364,9810364
9810365,9810365
9810366,9810366
9810367,9810367
9810368,9810368
9810369,9810369
9810370,9810370
9810371,9810371
9810372,9810372
9810373,9810373
9810374,9810374
9810375,9810375
9810376,9810376
9810377,9810377
9810378,9810378
9810379,9810379
9810380,9810380
9810381,9810381
9810382,9810382
9810383,9810383
9810384,9810384
9810385,9810385
9810386,9810386
9810387,9810387
9810388,9810388
9810389,9810389
9810390,9810390
9810391,9810391
9810392,9810392
9810393,9810393
9810394,9810394
9810395,9810395
9810397,9810397
9810398,9810398
9810399,9810399
9810400,9810400
9810401,9810401
9810402,9810402
9810403,9810403
9810404,9810404
9810407,9810407
9810408,9810408
9810409,9810409
9810410,9810410
9810411,9810411
9810412,9810412
9810413,9810413
9810414,9810414
9810415,9810415
9810416,9810416
9810417,9810417
9810418,9810418
9810419,9810419
9810420,9810420
9810421,9810421
9810422,9810422
9810423,9810423
9810424,9810424
9810425,9810425
9810426,9810426
9810427,9810427
9810428,9810428
9810429,9810429
9810430,9810430
9810431,9810431
9810432,9810432
9810433,9810433
9810434,9810434
9810435,9810435
9810436,9810436
9810437,9810437
9810438,9810438
9810439,9810439
9810440,9810440
9810441,9810441
9810442,9810442
9810443,9810443
9810444,9810444
9810445,9810445
9810446,9810446
9810447,9810447
9810448,9810448
9810449,9810449
9810450,9810450
9810451,9810451
9810452,9810452
9810453,9810453
9810454,9810454
9810455,9810455
9810456,9810456
9810457,9810457
9810458,9810458
9810459,9810459
9810460,9810460
9810462,9810462
9810463,9810463
9810464,9810464
9810465,9810465
9810466,9810466
9810467,9810467
9810468,9810468
9810469,9810469
9810470,9810470
9810471,9810471
9810472,9810472
9810473,9810473
9810474,9810474
9810475,9810475
9810477,9810477
9810478,9810478
9810479,9810479
9810480,9810480
9810481,9810481
9810482,9810482
9810483,9810483
9810484,9810484
9810485,9810485
9810486,9810486
9810487,9810487
9810488,9810488
9810489,9810489
9810490,9810490
9810491,9810491
9810492,9810492
9810493,9810493
9810494,9810494
9810495,9810495
9810496,9810496
9810497,9810497
9810498,9810498
9810499,9810499
9810500,9810500
9810501,9810501
9810502,9810502
9810503,9810503
9810504,9810504
9810505,9810505
9810506,9810506
9810507,9810507
9810508,9810508
9810509,9810509
9810510,9810510
9810511,9810511
9810512,9810512
9810513,9810513
9810514,9810514
9810515,9810515
9810516,9810516
9810517,9810517
9810518,9810518
9810519,9810519
9810520,9810520
9810521,9810521
9810522,9810522
9810523,9810523
9810524,9810524
9810525,9810525
9810526,9810526
9810527,9810527
9810528,9810528
9810529,9810529
9810530,9810530
9810531,9810531
9810532,9810532
9810533,9810533
9810534,9810534
9810535,9810535
9810536,9810536
9810537,9810537
9810538,9810538
9810539,9810539
9810540,9810540
9810541,9810541
9810542,9810542
9810543,9810543
9810544,9810544
9810545,9810545
9810546,9810546
9810547,9810547
9810548,9810548
9810549,9810549
9810550,9810550
9810551,9810551
9810552,9810552
9810553,9810553
9811201,9811201
9811202,9811202
9811203,9811203
9811204,9811204
9811205,9811205
9811206,9811206
9811207,9811207
9811208,9811208
9811209,9811209
9811210,9811210
9811211,9811211
9811212,9811212
9811213,9811213
9811214,9811214
9811215,9811215
9811216,9811216
9811217,9811217
9811218,9811218
9811219,9811219
9811220,9811220
9811221,9811221
9811222,9811222
9811223,9811223
9811224,9811224
9811225,9811225
9811226,9811226
9811227,9811227
9811228,9811228
9811229,9811229
9811230,9811230
9811231,9811231
9811232,9811232
9811233,9811233
9811234,9811234
9811235,9811235
9811237,9811237
9811239,9811239
9811240,9811240
9811241,9811241
9811242,9811242
9811243,9811243
9811244,9811244
9811245,9811245
9811246,9811246
9811247,9811247
9811248,9811248
9811249,9811249
9811250,9811250
9811251,9811251
9811252,9811252
9811253,9811253
9811254,9811254
9811255,9811255
9811256,9811256
9811257,9811257
9811258,9811258
9811259,9811259
9811260,9811260
9811261,9811261
9811262,9811262
9811263,9811263
9811264,9811264
9811265,9811265
9811266,9811266
9811267,9811267
9811268,9811268
9811269,9811269
9811270,9811270
9811271,9811271
9811272,9811272
9811273,9811273
9811274,9811274
9811275,9811275
9811276,9811276
9811277,9811277
9811278,9811278
9811279,9811279
9811280,9811280
9811281,9811281
9811282,9811282
9811283,9811283
9811284,9811284
9811285,9811285
9811286,9811286
9811287,9811287
9811288,9811288
9811289,9811289
9811291,9811291
9811292,9811292
9811293,9811293
9811294,9811294
9811295,9811295
9811296,9811296
9811297,9811297
9811298,9811298
9811299,9811299
9811300,9811300
9811301,9811301
9811302,9811302
9811303,9811303
9811305,9811305
9811306,9811306
9811307,9811307
9811308,9811308
9811309,9811309
9811310,9811310
9811311,9811311
9811312,9811312
9811313,9811313
9811314,9811314
9811315,9811315
9811316,9811316
9811317,9811317
9811318,9811318
9811319,9811319
9811320,9811320
9811321,9811321
9811322,9811322
9811323,9811323
9811324,9811324
9811325,9811325
9811326,9811326
9811327,9811327
9811328,9811328
9811329,9811329
9811330,9811330
9811331,9811331
9811332,9811332
9811333,9811333
9811334,9811334
9811335,9811335
9811336,9811336
9811337,9811337
9811338,9811338
9811339,9811339
9811340,9811340
9811341,9811341
9811342,9811342
9811343,9811343
9811344,9811344
9811345,9811345
9811346,9811346
9811347,9811347
9811348,9811348
9811349,9811349
9811350,9811350
9811351,9811351
9811352,9811352
9811353,9811353
9811354,9811354
9811355,9811355
9811356,9811356
9811357,9811357
9811358,9811358
9811359,9811359
9811360,9811360
9811361,9811361
9811362,9811362
9811363,9811363
9811364,9811364
9811365,9811365
9811366,9811366
9811367,9811367
9811368,9811368
9811369,9811369
9811370,9811370
9811371,9811371
9811372,9811372
9811373,9811373
9811374,9811374
9811375,9811375
9811376,9811376
9811377,9811377
9811378,9811378
9811379,9811379
9811380,9811380
9811381,9811381
9811382,9811382
9811385,9811385
9811386,9811386
9811387,9811387
9811388,9811388
9811389,9811389
9811390,9811390
9811391,9811391
9811393,9811393
9811394,9811394
9811395,9811395
9811396,9811396
9811398,9811398
9811399,9811399
9811400,9811400
9811401,9811401
9811402,9811402
9811403,9811403
9811404,9811404
9811405,9811405
9811406,9811406
9811407,9811407
9811408,9811408
9811409,9811409
9811410,9811410
9811411,9811411
9811412,9811412
9811413,9811413
9811414,9811414
9811415,9811415
9811416,9811416
9811417,9811417
9811418,9811418
9811419,9811419
9811420,9811420
9811421,9811421
9811422,9811422
9811423,9811423
9811424,9811424
9811425,9811425
9811426,9811426
9811427,9811427
9811428,9811428
9811429,9811429
9811430,9811430
9811431,9811431
9811432,9811432
9811433,9811433
9811434,9811434
9811435,9811435
9811436,9811436
9811437,9811437
9811438,9811438
9811439,9811439
9811440,9811440
9811441,9811441
9811442,9811442
9811443,9811443
9811444,9811444
9811445,9811445
9811446,9811446
9811447,9811447
9811448,9811448
9811449,9811449
9811450,9811450
9811451,9811451
9811452,9811452
9811453,9811453
9811454,9811454
9811455,9811455
9811456,9811456
9811457,9811457
9811458,9811458
9811459,9811459
9811460,9811460
9811461,9811461
9811462,9811462
9811463,9811463
9811464,9811464
9811465,9811465
9811466,9811466
9811467,9811467
9811468,9811468
9811469,9811469
9811470,9811470
9811471,9811471
9811472,9811472
9811473,9811473
9811474,9811474
9811475,9811475
9811476,9811476
9811477,9811477
9811478,9811478
9811479,9811479
9811480,9811480
9811481,9811481
9811482,9811482
9811483,9811483
9811484,9811484
9811485,9811485
9811486,9811486
9811487,9811487
9811488,9811488
9811489,9811489
9811490,9811490
9811491,9811491
9811492,9811492
9811493,9811493
9811494,9811494
9811495,9811495
9811496,9811496
9811497,9811497
9811498,9811498
9811499,9811499
9811500,9811500
9811501,9811501
9811502,9811502
9811503,9811503
9811504,9811504
9811505,9811505
9811506,9811506
9811508,9811508
9811509,9811509
9811510,9811510
9811511,9811511
9811512,9811512
9811513,9811513
9811514,9811514
9811516,9811516
9811517,9811517
9811518,9811518
9811519,9811519
9811520,9811520
9811521,9811521
9812201,9812201
9812202,9812202
9812203,9812203
9812204,9812204
9812205,9812205
9812208,9812208
9812209,9812209
9812210,9812210
9812211,9812211
9812212,9812212
9812213,9812213
9812214,9812214
9812215,9812215
9812216,9812216
9812217,9812217
9812218,9812218
9812219,9812219
9812220,9812220
9812221,9812221
9812222,9812222
9812224,9812224
9812225,9812225
9812226,9812226
9812227,9812227
9812228,9812228
9812229,9812229
9812230,9812230
9812231,9812231
9812232,9812232
9812233,9812233
9812234,9812234
9812235,9812235
9812236,9812236
9812237,9812237
9812238,9812238
9812239,9812239
9812240,9812240
9812241,9812241
9812242,9812242
9812243,9812243
9812244,9812244
9812245,9812245
9812246,9812246
9812247,9812247
9812248,9812248
9812249,9812249
9812250,9812250
9812251,9812251
9812252,9812252
9812253,9812253
9812254,9812254
9812255,9812255
9812256,9812256
9812257,9812257
9812258,9812258
9812259,9812259
9812260,9812260
9812261,9812261
9812262,9812262
9812263,9812263
9812264,9812264
9812265,9812265
9812266,9812266
9812267,9812267
9812268,9812268
9812269,9812269
9812270,9812270
9812271,9812271
9812272,9812272
9812273,9812273
9812274,9812274
9812275,9812275
9812276,9812276
9812277,9812277
9812278,9812278
9812279,9812279
9812280,9812280
9812281,9812281
9812282,9812282
9812283,9812283
9812285,9812285
9812287,9812287
9812288,9812288
9812289,9812289
9812290,9812290
9812291,9812291
9812292,9812292
9812293,9812293
9812294,9812294
9812295,9812295
9812296,9812296
9812297,9812297
9812298,9812298
9812299,9812299
9812300,9812300
9812301,9812301
9812302,9812302
9812303,9812303
9812304,9812304
9812305,9812305
9812306,9812306
9812307,9812307
9812308,9812308
9812309,9812309
9812310,9812310
9812311,9812311
9812312,9812312
9812313,9812313
9812314,9812314
9812315,9812315
9812316,9812316
9812317,9812317
9812318,9812318
9812319,9812319
9812320,9812320
9812321,9812321
9812322,9812322
9812323,9812323
9812324,9812324
9812325,9812325
9812326,9812326
9812327,9812327
9812328,9812328
9812329,9812329
9812330,9812330
9812331,9812331
9812332,9812332
9812333,9812333
9812334,9812334
9812335,9812335
9812336,9812336
9812337,9812337
9812338,9812338
9812340,9812340
9812341,9812341
9812342,9812342
9812343,9812343
9812344,9812344
9812345,9812345
9812346,9812346
9812347,9812347
9812348,9812348
9812349,9812349
9812350,9812350
9812351,9812351
9812352,9812352
9812353,9812353
9812354,9812354
9812355,9812355
9812356,9812356
9812357,9812357
9812358,9812358
9812359,9812359
9812360,9812360
9812361,9812361
9812362,9812362
9812363,9812363
9812364,9812364
9812365,9812365
9812366,9812366
9812367,9812367
9812368,9812368
9812369,9812369
9812370,9812370
9812371,9812371
9812372,9812372
9812373,9812373
9812374,9812374
9812375,9812375
9812376,9812376
9812377,9812377
9812378,9812378
9812379,9812379
9812380,9812380
9812381,9812381
9812382,9812382
9812383,9812383
9812384,9812384
9812385,9812385
9812386,9812386
9812387,9812387
9812388,9812388
9812389,9812389
9812390,9812390
9812391,9812391
9812392,9812392
9812393,9812393
9812394,9812394
9812395,9812395
9812396,9812396
9812397,9812397
9812398,9812398
9812399,9812399
9812400,9812400
9812401,9812401
9812402,9812402
9812403,9812403
9812404,9812404
9812405,9812405
9812406,9812406
9812407,9812407
9812408,9812408
9812409,9812409
9812410,9812410
9812411,9812411
9812412,9812412
9812413,9812413
9812414,9812414
9812415,9812415
9812416,9812416
9812417,9812417
9812418,9812418
9812419,9812419
9812420,9812420
9812421,9812421
9812422,9812422
9812423,9812423
9812424,9812424
9812425,9812425
9812426,9812426
9812427,9812427
9812428,9812428
9812429,9812429
9812430,9812430
9812431,9812431
9812432,9812432
9812433,9812433
9812434,9812434
9812435,9812435
9812436,9812436
9812437,9812437
9812438,9812438
9812439,9812439
9812440,9812440
9812441,9812441
9812442,9812442
9812443,9812443
9812444,9812444
9812445,9812445
9812446,9812446
9812447,9812447
9812448,9812448
9812449,9812449
9812450,9812450
9812451,9812451
9812452,9812452
9812453,9812453
9812454,9812454
9812455,9812455
9812456,9812456
9812457,9812457
9812458,9812458
9812459,9812459
9812460,9812460
9812461,9812461
9812462,9812462
9812463,9812463
9812464,9812464
9812465,9812465
9812466,9812466
9812467,9812467
9812468,9812468
9812469,9812469
9812470,9812470
9812471,9812471
9812472,9812472
9812473,9812473
9812474,9812474
9812475,9812475
9812476,9812476
9812477,9812477
9812478,9812478
9812479,9812479
9812480,9812480
9812481,9812481
9812482,9812482
9812483,9812483
9812484,9812484
9812485,9812485
9812486,9812486
9812487,9812487
9812488,9812488
9812489,9812489
9812490,9812490
9812491,9812491
9812492,9812492
9812493,9812493
9812494,9812494
9812495,9812495
9812496,9812496
9812497,9812497
9812498,9812498
9812499,9812499
9812500,9812500
9812501,9812501
9812502,9812502
9812503,9812503
9812504,9812504
9812505,9812505
9812506,9812506
9812507,9812507
9812508,9812508
9812509,9812509
9812510,9812510
9812511,9812511
9812512,9812512
9812513,9812513
9812514,9812514
9812515,9812515
9812516,9812516
9812517,9812517
9812518,9812518
9812519,9812519
9812520,9812520
9812521,9812521
9812522,9812522
9812523,9812523
9812524,9812524
9812525,9812525
9812526,9812526
9812527,9812527
9812528,9812528
9812529,9812529
9812530,9812530
9812531,9812531
9812532,9812532
9812533,9812533
9812534,9812534
9812535,9812535
9812536,9812536
9812537,9812537
9812538,9812538
9901201,9901201
9901202,9901202
9901203,9901203
9901204,9901204
9901205,9901205
9901206,9901206
9901207,9901207
9901208,9901208
9901209,9901209
9901210,9901210
9901211,9901211
9901212,9901212
9901213,9901213
9901214,9901214
9901215,9901215
9901216,9901216
9901217,9901217
9901218,9901218
9901219,9901219
9901220,9901220
9901221,9901221
9901222,9901222
9901223,9901223
9901224,9901224
9901225,9901225
9901226,9901226
9901227,9901227
9901228,9901228
9901229,9901229
9901230,9901230
9901231,9901231
9901232,9901232
9901233,9901233
9901234,9901234
9901235,9901235
9901236,9901236
9901237,9901237
9901238,9901238
9901239,9901239
9901240,9901240
9901241,9901241
9901242,9901242
9901243,9901243
9901244,9901244
9901245,9901245
9901246,9901246
9901247,9901247
9901248,9901248
9901249,9901249
9901250,9901250
9901251,9901251
9901252,9901252
9901253,9901253
9901254,9901254
9901256,9901256
9901257,9901257
9901258,9901258
9901259,9901259
9901260,9901260
9901261,9901261
9901262,9901262
9901263,9901263
9901264,9901264
9901265,9901265
9901266,9901266
9901267,9901267
9901268,9901268
9901269,9901269
9901270,9901270
9901271,9901271
9901272,9901272
9901273,9901273
9901274,9901274
9901275,9901275
9901276,9901276
9901277,9901277
9901278,9901278
9901279,9901279
9901280,9901280
9901281,9901281
9901282,9901282
9901283,9901283
9901284,9901284
9901285,9901285
9901286,9901286
9901287,9901287
9901288,9901288
9901289,9901289
9901290,9901290
9901291,9901291
9901292,9901292
9901293,9901293
9901294,9901294
9901296,9901296
9901298,9901298
9901299,9901299
9901300,9901300
9901301,9901301
9901302,9901302
9901303,9901303
9901304,9901304
9901305,9901305
9901306,9901306
9901307,9901307
9901308,9901308
9901309,9901309
9901310,9901310
9901311,9901311
9901312,9901312
9901313,9901313
9901314,9901314
9901315,9901315
9901316,9901316
9901317,9901317
9901318,9901318
9901319,9901319
9901320,9901320
9901321,9901321
9901322,9901322
9901323,9901323
9901324,9901324
9901325,9901325
9901326,9901326
9901327,9901327
9901328,9901328
9901329,9901329
9901330,9901330
9901331,9901331
9901332,9901332
9901333,9901333
9901334,9901334
9901335,9901335
9901336,9901336
9901337,9901337
9901338,9901338
9901339,9901339
9901340,9901340
9901341,9901341
9901342,9901342
9901343,9901343
9901344,9901344
9901345,9901345
9901346,9901346
9901347,9901347
9901348,9901348
9901349,9901349
9901350,9901350
9901351,9901351
9901352,9901352
9901353,9901353
9901354,9901354
9901355,9901355
9901356,9901356
9901357,9901357
9901358,9901358
9901359,9901359
9901360,9901360
9901361,9901361
9901362,9901362
9901363,9901363
9901364,9901364
9901365,9901365
9901366,9901366
9901367,9901367
9901368,9901368
9901369,9901369
9901370,9901370
9901371,9901371
9901372,9901372
9901373,9901373
9901374,9901374
9901375,9901375
9901376,9901376
9901377,9901377
9901378,9901378
9901379,9901379
9901380,9901380
9901381,9901381
9901382,9901382
9901383,9901383
9901384,9901384
9901385,9901385
9901386,9901386
9901387,9901387
9901388,9901388
9901389,9901389
9901390,9901390
9901391,9901391
9901393,9901393
9901394,9901394
9901395,9901395
9901396,9901396
9901397,9901397
9901398,9901398
9901399,9901399
9901400,9901400
9901401,9901401
9901402,9901402
9901403,9901403
9901404,9901404
9901405,9901405
9901406,9901406
9901407,9901407
9901408,9901408
9901409,9901409
9901410,9901410
9901411,9901411
9901413,9901413
9901414,9901414
9901415,9901415
9901416,9901416
9901417,9901417
9901418,9901418
9901419,9901419
9901420,9901420
9901421,9901421
9901422,9901422
9901423,9901423
9901424,9901424
9901425,9901425
9901426,9901426
9901427,9901427
9901428,9901428
9901429,9901429
9901430,9901430
9901431,9901431
9901432,9901432
9901433,9901433
9901434,9901434
9901435,9901435
9901436,9901436
9901437,9901437
9901438,9901438
9901439,9901439
9901440,9901440
9901441,9901441
9901442,9901442
9901443,9901443
9901444,9901444
9901445,9901445
9901446,9901446
9901447,9901447
9901448,9901448
9901449,9901449
9901450,9901450
9901451,9901451
9901452,9901452
9901453,9901453
9901454,9901454
9901455,9901455
9902201,9902201
9902202,9902202
9902203,9902203
9902204,9902204
9902205,9902205
9902206,9902206
9902207,9902207
9902208,9902208
9902209,9902209
9902210,9902210
9902211,9902211
9902212,9902212
9902213,9902213
9902214,9902214
9902215,9902215
9902217,9902217
9902218,9902218
9902219,9902219
9902220,9902220
9902222,9902222
9902223,9902223
9902224,9902224
9902225,9902225
9902226,9902226
9902227,9902227
9902228,9902228
9902229,9902229
9902230,9902230
9902231,9902231
9902232,9902232
9902233,9902233
9902234,9902234
9902235,9902235
9902236,9902236
9902237,9902237
9902238,9902238
9902239,9902239
9902240,9902240
9902241,9902241
9902242,9902242
9902243,9902243
9902244,9902244
9902245,9902245
9902246,9902246
9902247,9902247
9902248,9902248
9902249,9902249
9902250,9902250
9902251,9902251
9902252,9902252
9902253,9902253
9902254,9902254
9902255,9902255
9902256,9902256
9902257,9902257
9902258,9902258
9902259,9902259
9902260,9902260
9902261,9902261
9902262,9902262
9902263,9902263
9902264,9902264
9902265,9902265
9902266,9902266
9902267,9902267
9902268,9902268
9902269,9902269
9902270,9902270
9902271,9902271
9902272,9902272
9902273,9902273
9902274,9902274
9902275,9902275
9902276,9902276
9902277,9902277
9902278,9902278
9902279,9902279
9902280,9902280
9902281,9902281
9902282,9902282
9902283,9902283
9902284,9902284
9902285,9902285
9902286,9902286
9902287,9902287
9902288,9902288
9902289,9902289
9902290,9902290
9902291,9902291
9902292,9902292
9902293,9902293
9902294,9902294
9902295,9902295
9902296,9902296
9902297,9902297
9902298,9902298
9902299,9902299
9902300,9902300
9902301,9902301
9902302,9902302
9902303,9902303
9902304,9902304
9902305,9902305
9902306,9902306
9902307,9902307
9902308,9902308
9902309,9902309
9902310,9902310
9902311,9902311
9902312,9902312
9902313,9902313
9902314,9902314
9902315,9902315
9902316,9902316
9902317,9902317
9902318,9902318
9902319,9902319
9902320,9902320
9902321,9902321
9902322,9902322
9902323,9902323
9902324,9902324
9902325,9902325
9902326,9902326
9902327,9902327
9902328,9902328
9902329,9902329
9902330,9902330
9902331,9902331
9902332,9902332
9902333,9902333
9902334,9902334
9902335,9902335
9902336,9902336
9902337,9902337
9902338,9902338
9902339,9902339
9902340,9902340
9902341,9902341
9902342,9902342
9902343,9902343
9902344,9902344
9902345,9902345
9902346,9902346
9902347,9902347
9902348,9902348
9902349,9902349
9902350,9902350
9902351,9902351
9902352,9902352
9902353,9902353
9902354,9902354
9902355,9902355
9902356,9902356
9902357,9902357
9902358,9902358
9902359,9902359
9902360,9902360
9902361,9902361
9902362,9902362
9902363,9902363
9902364,9902364
9902365,9902365
9902366,9902366
9902367,9902367
9902368,9902368
9902369,9902369
9902370,9902370
9902371,9902371
9902372,9902372
9902373,9902373
9902374,9902374
9902375,9902375
9902376,9902376
9902377,9902377
9902378,9902378
9902379,9902379
9902380,9902380
9902381,9902381
9902382,9902382
9902383,9902383
9902384,9902384
9902385,9902385
9902386,9902386
9902387,9902387
9902388,9902388
9902390,9902390
9902391,9902391
9902392,9902392
9902393,9902393
9902394,9902394
9902395,9902395
9902396,9902396
9902397,9902397
9902398,9902398
9902399,9902399
9902400,9902400
9902401,9902401
9902402,9902402
9902403,9902403
9902404,9902404
9902405,9902405
9902406,9902406
9902407,9902407
9902408,9902408
9902409,9902409
9902410,9902410
9902411,9902411
9902412,9902412
9902413,9902413
9902414,9902414
9902415,9902415
9902416,9902416
9902417,9902417
9902418,9902418
9902419,9902419
9902420,9902420
9902421,9902421
9902422,9902422
9902423,9902423
9902424,9902424
9902425,9902425
9902426,9902426
9902427,9902427
9902428,9902428
9902429,9902429
9902430,9902430
9902431,9902431
9902432,9902432
9902433,9902433
9902434,9902434
9902436,9902436
9902437,9902437
9902438,9902438
9902439,9902439
9902440,9902440
9902441,9902441
9902442,9902442
9902443,9902443
9902444,9902444
9902445,9902445
9902446,9902446
9902447,9902447
9902448,9902448
9902449,9902449
9902450,9902450
9902451,9902451
9902452,9902452
9902453,9902453
9902454,9902454
9902455,9902455
9902456,9902456
9902457,9902457
9902458,9902458
9902459,9902459
9902460,9902460
9902461,9902461
9902462,9902462
9902463,9902463
9902464,9902464
9902465,9902465
9902466,9902466
9902467,9902467
9902468,9902468
9902469,9902469
9902470,9902470
9902471,9902471
9902472,9902472
9902473,9902473
9902474,9902474
9902475,9902475
9902476,9902476
9902477,9902477
9902478,9902478
9902479,9902479
9902480,9902480
9902481,9902481
9902482,9902482
9902483,9902483
9902484,9902484
9903201,9903201
9903202,9903202
9903203,9903203
9903204,9903204
9903205,9903205
9903206,9903206
9903207,9903207
9903208,9903208
9903209,9903209
9903210,9903210
9903211,9903211
9903212,9903212
9903213,9903213
9903214,9903214
9903215,9903215
9903216,9903216
9903217,9903217
9903218,9903218
9903219,9903219
9903220,9903220
9903221,9903221
9903222,9903222
9903223,9903223
9903224,9903224
9903225,9903225
9903226,9903226
9903227,9903227
9903228,9903228
9903229,9903229
9903230,9903230
9903231,9903231
9903232,9903232
9903233,9903233
9903234,9903234
9903235,9903235
9903236,9903236
9903237,9903237
9903238,9903238
9903239,9903239
9903240,9903240
9903242,9903242
9903243,9903243
9903244,9903244
9903245,9903245
9903246,9903246
9903247,9903247
9903248,9903248
9903249,9903249
9903250,9903250
9903251,9903251
9903252,9903252
9903253,9903253
9903254,9903254
9903255,9903255
9903257,9903257
9903258,9903258
9903259,9903259
9903260,9903260
9903261,9903261
9903262,9903262
9903263,9903263
9903264,9903264
9903265,9903265
9903266,9903266
9903267,9903267
9903268,9903268
9903269,9903269
9903270,9903270
9903271,9903271
9903272,9903272
9903273,9903273
9903274,9903274
9903275,9903275
9903276,9903276
9903277,9903277
9903278,9903278
9903279,9903279
9903280,9903280
9903281,9903281
9903282,9903282
9903283,9903283
9903284,9903284
9903285,9903285
9903286,9903286
9903287,9903287
9903288,9903288
9903289,9903289
9903290,9903290
9903291,9903291
9903292,9903292
9903293,9903293
9903294,9903294
9903295,9903295
9903296,9903296
9903297,9903297
9903298,9903298
9903299,9903299
9903300,9903300
9903301,9903301
9903302,9903302
9903303,9903303
9903304,9903304
9903305,9903305
9903306,9903306
9903307,9903307
9903308,9903308
9903309,9903309
9903310,9903310
9903311,9903311
9903312,9903312
9903313,9903313
9903314,9903314
9903315,9903315
9903316,9903316
9903317,9903317
9903318,9903318
9903319,9903319
9903320,9903320
9903321,9903321
9903322,9903322
9903323,9903323
9903324,9903324
9903325,9903325
9903326,9903326
9903327,9903327
9903328,9903328
9903329,9903329
9903330,9903330
9903331,9903331
9903332,9903332
9903333,9903333
9903334,9903334
9903335,9903335
9903337,9903337
9903338,9903338
9903339,9903339
9903340,9903340
9903341,9903341
9903342,9903342
9903343,9903343
9903344,9903344
9903345,9903345
9903346,9903346
9903347,9903347
9903348,9903348
9903350,9903350
9903352,9903352
9903353,9903353
9903354,9903354
9903355,9903355
9903356,9903356
9903357,9903357
9903358,9903358
9903359,9903359
9903360,9903360
9903361,9903361
9903362,9903362
9903363,9903363
9903364,9903364
9903365,9903365
9903366,9903366
9903367,9903367
9903368,9903368
9903369,9903369
9903370,9903370
9903371,9903371
9903372,9903372
9903374,9903374
9903375,9903375
9903376,9903376
9903377,9903377
9903378,9903378
9903379,9903379
9903380,9903380
9903381,9903381
9903382,9903382
9903383,9903383
9903384,9903384
9903385,9903385
9903386,9903386
9903387,9903387
9903388,9903388
9903389,9903389
9903390,9903390
9903391,9903391
9903392,9903392
9903393,9903393
9903394,9903394
9903395,9903395
9903396,9903396
9903397,9903397
9903398,9903398
9903399,9903399
9903400,9903400
9903401,9903401
9903402,9903402
9903403,9903403
9903404,9903404
9903405,9903405
9903406,9903406
9903407,9903407
9903408,9903408
9903409,9903409
9903410,9903410
9903411,9903411
9903412,9903412
9903413,9903413
9903414,9903414
9903415,9903415
9903416,9903416
9903417,9903417
9903418,9903418
9903419,9903419
9903420,9903420
9903421,9903421
9903422,9903422
9903423,9903423
9903424,9903424
9903425,9903425
9903426,9903426
9903427,9903427
9903428,9903428
9903429,9903429
9903430,9903430
9903431,9903431
9903432,9903432
9903433,9903433
9903434,9903434
9903435,9903435
9903436,9903436
9903437,9903437
9903438,9903438
9903439,9903439
9903440,9903440
9903441,9903441
9903442,9903442
9903443,9903443
9903444,9903444
9903445,9903445
9903446,9903446
9903447,9903447
9903448,9903448
9903449,9903449
9903450,9903450
9903451,9903451
9903452,9903452
9903453,9903453
9903454,9903454
9903455,9903455
9903456,9903456
9903457,9903457
9903458,9903458
9903459,9903459
9903460,9903460
9903461,9903461
9903462,9903462
9903463,9903463
9903464,9903464
9903465,9903465
9903466,9903466
9903467,9903467
9903468,9903468
9903469,9903469
9903470,9903470
9903471,9903471
9903472,9903472
9903473,9903473
9903474,9903474
9903475,9903475
9903476,9903476
9903477,9903477
9903478,9903478
9903479,9903479
9903480,9903480
9903481,9903481
9903482,9903482
9903483,9903483
9903484,9903484
9903485,9903485
9903486,9903486
9903487,9903487
9903488,9903488
9903489,9903489
9903490,9903490
9903491,9903491
9903492,9903492
9903493,9903493
9903494,9903494
9903495,9903495
9903496,9903496
9903497,9903497
9903498,9903498
9903499,9903499
9903500,9903500
9903501,9903501
9903502,9903502
9903503,9903503
9903504,9903504
9903505,9903505
9903506,9903506
9903507,9903507
9903508,9903508
9903509,9903509
9903510,9903510
9903511,9903511
9903512,9903512
9903513,9903513
9903514,9903514
9903515,9903515
9903516,9903516
9903517,9903517
9903518,9903518
9903519,9903519
9903520,9903520
9903521,9903521
9903522,9903522
9903523,9903523
9903524,9903524
9903525,9903525
9903527,9903527
9903528,9903528
9903529,9903529
9903530,9903530
9903531,9903531
9903532,9903532
9903533,9903533
9903534,9903534
9903535,9903535
9903536,9903536
9903537,9903537
9903538,9903538
9903539,9903539
9903540,9903540
9903541,9903541
9903542,9903542
9903543,9903543
9903544,9903544
9903545,9903545
9903546,9903546
9903547,9903547
9903548,9903548
9903549,9903549
9903550,9903550
9903551,9903551
9903552,9903552
9903553,9903553
9903554,9903554
9904201,9904201
9904202,9904202
9904203,9904203
9904204,9904204
9904205,9904205
9904206,9904206
9904207,9904207
9904208,9904208
9904209,9904209
9904210,9904210
9904211,9904211
9904212,9904212
9904213,9904213
9904214,9904214
9904215,9904215
9904216,9904216
9904217,9904217
9904219,9904219
9904220,9904220
9904221,9904221
9904222,9904222
9904223,9904223
9904224,9904224
9904225,9904225
9904226,9904226
9904227,9904227
9904228,9904228
9904229,9904229
9904230,9904230
9904231,9904231
9904232,9904232
9904233,9904233
9904234,9904234
9904235,9904235
9904236,9904236
9904237,9904237
9904238,9904238
9904239,9904239
9904240,9904240
9904241,9904241
9904242,9904242
9904243,9904243
9904244,9904244
9904245,9904245
9904246,9904246
9904247,9904247
9904248,9904248
9904249,9904249
9904250,9904250
9904251,9904251
9904252,9904252
9904253,9904253
9904254,9904254
9904255,9904255
9904256,9904256
9904257,9904257
9904258,9904258
9904259,9904259
9904260,9904260
9904261,9904261
9904262,9904262
9904263,9904263
9904264,9904264
9904265,9904265
9904266,9904266
9904267,9904267
9904268,9904268
9904269,9904269
9904270,9904270
9904271,9904271
9904272,9904272
9904273,9904273
9904274,9904274
9904275,9904275
9904276,9904276
9904277,9904277
9904278,9904278
9904279,9904279
9904280,9904280
9904281,9904281
9904282,9904282
9904283,9904283
9904284,9904284
9904285,9904285
9904286,9904286
9904287,9904287
9904288,9904288
9904289,9904289
9904290,9904290
9904291,9904291
9904292,9904292
9904293,9904293
9904294,9904294
9904295,9904295
9904296,9904296
9904297,9904297
9904298,9904298
9904299,9904299
9904301,9904301
9904302,9904302
9904303,9904303
9904304,9904304
9904305,9904305
9904306,9904306
9904308,9904308
9904309,9904309
9904310,9904310
9904311,9904311
9904312,9904312
9904313,9904313
9904314,9904314
9904315,9904315
9904316,9904316
9904317,9904317
9904318,9904318
9904319,9904319
9904320,9904320
9904321,9904321
9904322,9904322
9904323,9904323
9904324,9904324
9904325,9904325
9904326,9904326
9904327,9904327
9904328,9904328
9904329,9904329
9904330,9904330
9904331,9904331
9904332,9904332
9904333,9904333
9904334,9904334
9904335,9904335
9904336,9904336
9904338,9904338
9904339,9904339
9904340,9904340
9904342,9904342
9904343,9904343
9904344,9904344
9904345,9904345
9904346,9904346
9904348,9904348
9904349,9904349
9904350,9904350
9904351,9904351
9904352,9904352
9904353,9904353
9904354,9904354
9904355,9904355
9904356,9904356
9904357,9904357
9904358,9904358
9904359,9904359
9904360,9904360
9904361,9904361
9904362,9904362
9904363,9904363
9904364,9904364
9904365,9904365
9904366,9904366
9904367,9904367
9904368,9904368
9904369,9904369
9904370,9904370
9904371,9904371
9904372,9904372
9904373,9904373
9904374,9904374
9904375,9904375
9904376,9904376
9904377,9904377
9904378,9904378
9904379,9904379
9904380,9904380
9904381,9904381
9904382,9904382
9904383,9904383
9904384,9904384
9904385,9904385
9904386,9904386
9904387,9904387
9904388,9904388
9904389,9904389
9904390,9904390
9904391,9904391
9904392,9904392
9904393,9904393
9904394,9904394
9904395,9904395
9904396,9904396
9904397,9904397
9904398,9904398
9904399,9904399
9904400,9904400
9904401,9904401
9904402,9904402
9904403,9904403
9904404,9904404
9904405,9904405
9904406,9904406
9904407,9904407
9904408,9904408
9904409,9904409
9904410,9904410
9904411,9904411
9904412,9904412
9904413,9904413
9904415,9904415
9904416,9904416
9904417,9904417
9904418,9904418
9904419,9904419
9904420,9904420
9904421,9904421
9904422,9904422
9904424,9904424
9904425,9904425
9904426,9904426
9904427,9904427
9904428,9904428
9904429,9904429
9904430,9904430
9904431,9904431
9904432,9904432
9904433,9904433
9904434,9904434
9904435,9904435
9904437,9904437
9904438,9904438
9904439,9904439
9904440,9904440
9904441,9904441
9904442,9904442
9904443,9904443
9904444,9904444
9904445,9904445
9904446,9904446
9904447,9904447
9904448,9904448
9904449,9904449
9904450,9904450
9904451,9904451
9904452,9904452
9904453,9904453
9904454,9904454
9904455,9904455
9904456,9904456
9904457,9904457
9904458,9904458
9904459,9904459
9904460,9904460
9904461,9904461
9904462,9904462
9904463,9904463
9904464,9904464
9904465,9904465
9904466,9904466
9904467,9904467
9904468,9904468
9904469,9904469
9904470,9904470
9904471,9904471
9904472,9904472
9904473,9904473
9904474,9904474
9904475,9904475
9904476,9904476
9904477,9904477
9904478,9904478
9904479,9904479
9904480,9904480
9904481,9904481
9904482,9904482
9904483,9904483
9904484,9904484
9904485,9904485
9904486,9904486
9904487,9904487
9904488,9904488
9904489,9904489
9904490,9904490
9904491,9904491
9904492,9904492
9904493,9904493
9904494,9904494
9904495,9904495
9904496,9904496
9904497,9904497
9904498,9904498
9904499,9904499
9904500,9904500
9904501,9904501
9904502,9904502
9904503,9904503
9904504,9904504
9904505,9904505
9904506,9904506
9904507,9904507
9904508,9904508
9904509,9904509
9904510,9904510
9904511,9904511
9905201,9905201
9905202,9905202
9905203,9905203
9905204,9905204
9905205,9905205
9905206,9905206
9905207,9905207
9905208,9905208
9905209,9905209
9905210,9905210
9905211,9905211
9905212,9905212
9905213,9905213
9905214,9905214
9905215,9905215
9905216,9905216
9905217,9905217
9905218,9905218
9905219,9905219
9905220,9905220
9905221,9905221
9905222,9905222
9905223,9905223
9905224,9905224
9905225,9905225
9905226,9905226
9905227,9905227
9905228,9905228
9905229,9905229
9905230,9905230
9905231,9905231
9905232,9905232
9905233,9905233
9905234,9905234
9905235,9905235
9905236,9905236
9905237,9905237
9905238,9905238
9905239,9905239
9905240,9905240
9905241,9905241
9905242,9905242
9905243,9905243
9905244,9905244
9905245,9905245
9905246,9905246
9905247,9905247
9905248,9905248
9905249,9905249
9905250,9905250
9905251,9905251
9905252,9905252
9905253,9905253
9905254,9905254
9905255,9905255
9905256,9905256
9905257,9905257
9905258,9905258
9905259,9905259
9905260,9905260
9905261,9905261
9905262,9905262
9905263,9905263
9905264,9905264
9905265,9905265
9905266,9905266
9905267,9905267
9905268,9905268
9905269,9905269
9905270,9905270
9905271,9905271
9905272,9905272
9905273,9905273
9905274,9905274
9905275,9905275
9905276,9905276
9905277,9905277
9905278,9905278
9905279,9905279
9905280,9905280
9905281,9905281
9905282,9905282
9905283,9905283
9905284,9905284
9905285,9905285
9905286,9905286
9905287,9905287
9905288,9905288
9905289,9905289
9905290,9905290
9905291,9905291
9905292,9905292
9905293,9905293
9905294,9905294
9905295,9905295
9905296,9905296
9905297,9905297
9905298,9905298
9905299,9905299
9905300,9905300
9905301,9905301
9905302,9905302
9905303,9905303
9905304,9905304
9905305,9905305
9905306,9905306
9905307,9905307
9905308,9905308
9905309,9905309
9905310,9905310
9905311,9905311
9905312,9905312
9905313,9905313
9905314,9905314
9905315,9905315
9905316,9905316
9905317,9905317
9905318,9905318
9905319,9905319
9905320,9905320
9905321,9905321
9905322,9905322
9905323,9905323
9905324,9905324
9905325,9905325
9905326,9905326
9905327,9905327
9905328,9905328
9905329,9905329
9905330,9905330
9905331,9905331
9905332,9905332
9905333,9905333
9905334,9905334
9905335,9905335
9905336,9905336
9905337,9905337
9905338,9905338
9905339,9905339
9905340,9905340
9905341,9905341
9905342,9905342
9905343,9905343
9905344,9905344
9905345,9905345
9905346,9905346
9905347,9905347
9905348,9905348
9905349,9905349
9905350,9905350
9905351,9905351
9905352,9905352
9905353,9905353
9905354,9905354
9905355,9905355
9905356,9905356
9905357,9905357
9905358,9905358
9905359,9905359
9905360,9905360
9905361,9905361
9905362,9905362
9905363,9905363
9905364,9905364
9905365,9905365
9905366,9905366
9905367,9905367
9905368,9905368
9905369,9905369
9905370,9905370
9905372,9905372
9905373,9905373
9905374,9905374
9905375,9905375
9905376,9905376
9905377,9905377
9905378,9905378
9905379,9905379
9905380,9905380
9905381,9905381
9905382,9905382
9905383,9905383
9905384,9905384
9905385,9905385
9905386,9905386
9905387,9905387
9905388,9905388
9905389,9905389
9905390,9905390
9905391,9905391
9905392,9905392
9905393,9905393
9905394,9905394
9905395,9905395
9905396,9905396
9905397,9905397
9905398,9905398
9905399,9905399
9905400,9905400
9905401,9905401
9905402,9905402
9905403,9905403
9905404,9905404
9905405,9905405
9905406,9905406
9905407,9905407
9905408,9905408
9905409,9905409
9905410,9905410
9905411,9905411
9905412,9905412
9905413,9905413
9905414,9905414
9905415,9905415
9905416,9905416
9905417,9905417
9905418,9905418
9905419,9905419
9905420,9905420
9905421,9905421
9905422,9905422
9905423,9905423
9905424,9905424
9905425,9905425
9905426,9905426
9905427,9905427
9905428,9905428
9905429,9905429
9905430,9905430
9905431,9905431
9905432,9905432
9905433,9905433
9905434,9905434
9905435,9905435
9905436,9905436
9905437,9905437
9905438,9905438
9905439,9905439
9905440,9905440
9905441,9905441
9905442,9905442
9905443,9905443
9905444,9905444
9905445,9905445
9905446,9905446
9905447,9905447
9905448,9905448
9905449,9905449
9905450,9905450
9905451,9905451
9905452,9905452
9905453,9905453
9905454,9905454
9905455,9905455
9905457,9905457
9905458,9905458
9905460,9905460
9905461,9905461
9905462,9905462
9905463,9905463
9905464,9905464
9905465,9905465
9905466,9905466
9905467,9905467
9905468,9905468
9905469,9905469
9905470,9905470
9905471,9905471
9905472,9905472
9905473,9905473
9905474,9905474
9905475,9905475
9905476,9905476
9905477,9905477
9905478,9905478
9905479,9905479
9905480,9905480
9905481,9905481
9905482,9905482
9905483,9905483
9905484,9905484
9905485,9905485
9905486,9905486
9905487,9905487
9905488,9905488
9905489,9905489
9905490,9905490
9905491,9905491
9905492,9905492
9905493,9905493
9905494,9905494
9905495,9905495
9905496,9905496
9905497,9905497
9905498,9905498
9905499,9905499
9905500,9905500
9905501,9905501
9905502,9905502
9905503,9905503
9905504,9905504
9905505,9905505
9905506,9905506
9905507,9905507
9905508,9905508
9905509,9905509
9905510,9905510
9905511,9905511
9905512,9905512
9905513,9905513
9905514,9905514
9905515,9905515
9905516,9905516
9905517,9905517
9905518,9905518
9905519,9905519
9905520,9905520
9905521,9905521
9905522,9905522
9905523,9905523
9905524,9905524
9905525,9905525
9905526,9905526
9905527,9905527
9905528,9905528
9905529,9905529
9905530,9905530
9905531,9905531
9905532,9905532
9905533,9905533
9905534,9905534
9905535,9905535
9905536,9905536
9905537,9905537
9905538,9905538
9905539,9905539
9905540,9905540
9905541,9905541
9905542,9905542
9905543,9905543
9905544,9905544
9905545,9905545
9905546,9905546
9905547,9905547
9905548,9905548
9905549,9905549
9905550,9905550
9905551,9905551
9905552,9905552
9905553,9905553
9905554,9905554
9905555,9905555
9905556,9905556
9905557,9905557
9905558,9905558
9905559,9905559
9905560,9905560
9905561,9905561
9905562,9905562
9905563,9905563
9905564,9905564
9905565,9905565
9905566,9905566
9905567,9905567
9905568,9905568
9905569,9905569
9905570,9905570
9905571,9905571
9905572,9905572
9905573,9905573
9905574,9905574
9905575,9905575
9905576,9905576
9905577,9905577
9906201,9906201
9906202,9906202
9906203,9906203
9906204,9906204
9906205,9906205
9906206,9906206
9906207,9906207
9906208,9906208
9906209,9906209
9906210,9906210
9906211,9906211
9906212,9906212
9906213,9906213
9906214,9906214
9906215,9906215
9906216,9906216
9906217,9906217
9906218,9906218
9906219,9906219
9906220,9906220
9906221,9906221
9906222,9906222
9906223,9906223
9906224,9906224
9906225,9906225
9906226,9906226
9906227,9906227
9906228,9906228
9906229,9906229
9906230,9906230
9906231,9906231
9906232,9906232
9906233,9906233
9906234,9906234
9906235,9906235
9906236,9906236
9906237,9906237
9906238,9906238
9906239,9906239
9906240,9906240
9906241,9906241
9906242,9906242
9906244,9906244
9906245,9906245
9906246,9906246
9906247,9906247
9906248,9906248
9906249,9906249
9906251,9906251
9906252,9906252
9906253,9906253
9906254,9906254
9906255,9906255
9906256,9906256
9906257,9906257
9906258,9906258
9906259,9906259
9906260,9906260
9906261,9906261
9906262,9906262
9906263,9906263
9906264,9906264
9906265,9906265
9906266,9906266
9906267,9906267
9906268,9906268
9906269,9906269
9906270,9906270
9906271,9906271
9906272,9906272
9906273,9906273
9906274,9906274
9906275,9906275
9906276,9906276
9906277,9906277
9906278,9906278
9906279,9906279
9906280,9906280
9906281,9906281
9906282,9906282
9906283,9906283
9906284,9906284
9906285,9906285
9906286,9906286
9906287,9906287
9906288,9906288
9906289,9906289
9906290,9906290
9906291,9906291
9906292,9906292
9906293,9906293
9906294,9906294
9906295,9906295
9906296,9906296
9906297,9906297
9906298,9906298
9906299,9906299
9906300,9906300
9906301,9906301
9906302,9906302
9906303,9906303
9906304,9906304
9906305,9906305
9906306,9906306
9906307,9906307
9906308,9906308
9906309,9906309
9906310,9906310
9906311,9906311
9906312,9906312
9906313,9906313
9906314,9906314
9906315,9906315
9906316,9906316
9906317,9906317
9906318,9906318
9906319,9906319
9906320,9906320
9906321,9906321
9906322,9906322
9906323,9906323
9906324,9906324
9906325,9906325
9906326,9906326
9906327,9906327
9906328,9906328
9906329,9906329
9906330,9906330
9906331,9906331
9906332,9906332
9906333,9906333
9906334,9906334
9906335,9906335
9906336,9906336
9906337,9906337
9906338,9906338
9906339,9906339
9906340,9906340
9906341,9906341
9906342,9906342
9906343,9906343
9906344,9906344
9906345,9906345
9906346,9906346
9906347,9906347
9906348,9906348
9906349,9906349
9906350,9906350
9906351,9906351
9906352,9906352
9906353,9906353
9906354,9906354
9906355,9906355
9906356,9906356
9906357,9906357
9906358,9906358
9906359,9906359
9906360,9906360
9906361,9906361
9906362,9906362
9906363,9906363
9906364,9906364
9906365,9906365
9906366,9906366
9906367,9906367
9906368,9906368
9906369,9906369
9906370,9906370
9906371,9906371
9906372,9906372
9906373,9906373
9906374,9906374
9906375,9906375
9906376,9906376
9906377,9906377
9906378,9906378
9906379,9906379
9906380,9906380
9906381,9906381
9906382,9906382
9906383,9906383
9906384,9906384
9906385,9906385
9906386,9906386
9906387,9906387
9906388,9906388
9906389,9906389
9906390,9906390
9906391,9906391
9906392,9906392
9906394,9906394
9906395,9906395
9906396,9906396
9906397,9906397
9906398,9906398
9906399,9906399
9906400,9906400
9906401,9906401
9906402,9906402
9906403,9906403
9906405,9906405
9906406,9906406
9906407,9906407
9906408,9906408
9906409,9906409
9906410,9906410
9906411,9906411
9906412,9906412
9906413,9906413
9906414,9906414
9906415,9906415
9906416,9906416
9906417,9906417
9906418,9906418
9906419,9906419
9906420,9906420
9906421,9906421
9906422,9906422
9906423,9906423
9906424,9906424
9906425,9906425
9906426,9906426
9906427,9906427
9906428,9906428
9906429,9906429
9906430,9906430
9906431,9906431
9906432,9906432
9906433,9906433
9906434,9906434
9906435,9906435
9906436,9906436
9906437,9906437
9906438,9906438
9906439,9906439
9906440,9906440
9906441,9906441
9906442,9906442
9906443,9906443
9906444,9906444
9906445,9906445
9906446,9906446
9906447,9906447
9906448,9906448
9906449,9906449
9906450,9906450
9906451,9906451
9906452,9906452
9906453,9906453
9906454,9906454
9906455,9906455
9906456,9906456
9906457,9906457
9906458,9906458
9906459,9906459
9906460,9906460
9906461,9906461
9906462,9906462
9906463,9906463
9906464,9906464
9906465,9906465
9906466,9906466
9906467,9906467
9906468,9906468
9906469,9906469
9906470,9906470
9906471,9906471
9906472,9906472
9906473,9906473
9906474,9906474
9906475,9906475
9906476,9906476
9906477,9906477
9906478,9906478
9906479,9906479
9906480,9906480
9906481,9906481
9906482,9906482
9906483,9906483
9906484,9906484
9906485,9906485
9906486,9906486
9906487,9906487
9906488,9906488
9906489,9906489
9906490,9906490
9906491,9906491
9906492,9906492
9906493,9906493
9906494,9906494
9906495,9906495
9906496,9906496
9906497,9906497
9906498,9906498
9906499,9906499
9906500,9906500
9906501,9906501
9906502,9906502
9906503,9906503
9906504,9906504
9906505,9906505
9906506,9906506
9906507,9906507
9906508,9906508
9906509,9906509
9906510,9906510
9906511,9906511
9906512,9906512
9906513,9906513
9906514,9906514
9906515,9906515
9906516,9906516
9906517,9906517
9906518,9906518
9906519,9906519
9906520,9906520
9906521,9906521
9906522,9906522
9906523,9906523
9906524,9906524
9906525,9906525
9906526,9906526
9906527,9906527
9906528,9906528
9906529,9906529
9906530,9906530
9906531,9906531
9906532,9906532
9906533,9906533
9906534,9906534
9906535,9906535
9906536,9906536
9906537,9906537
9906538,9906538
9906539,9906539
9906540,9906540
9906541,9906541
9906542,9906542
9906543,9906543
9906544,9906544
9906545,9906545
9906546,9906546
9906547,9906547
9906548,9906548
9906549,9906549
9906550,9906550
9906551,9906551
9906552,9906552
9906553,9906553
9906554,9906554
9906555,9906555
9906556,9906556
9907201,9907201
9907202,9907202
9907203,9907203
9907204,9907204
9907205,9907205
9907206,9907206
9907207,9907207
9907208,9907208
9907209,9907209
9907210,9907210
9907211,9907211
9907212,9907212
9907213,9907213
9907214,9907214
9907215,9907215
9907216,9907216
9907217,9907217
9907218,9907218
9907219,9907219
9907220,9907220
9907221,9907221
9907222,9907222
9907223,9907223
9907224,9907224
9907225,9907225
9907226,9907226
9907227,9907227
9907228,9907228
9907229,9907229
9907230,9907230
9907231,9907231
9907232,9907232
9907233,9907233
9907234,9907234
9907235,9907235
9907236,9907236
9907238,9907238
9907239,9907239
9907240,9907240
9907241,9907241
9907242,9907242
9907243,9907243
9907244,9907244
9907245,9907245
9907246,9907246
9907247,9907247
9907248,9907248
9907249,9907249
9907251,9907251
9907252,9907252
9907253,9907253
9907254,9907254
9907255,9907255
9907256,9907256
9907257,9907257
9907258,9907258
9907259,9907259
9907260,9907260
9907261,9907261
9907262,9907262
9907264,9907264
9907265,9907265
9907267,9907267
9907268,9907268
9907269,9907269
9907270,9907270
9907271,9907271
9907272,9907272
9907273,9907273
9907274,9907274
9907275,9907275
9907276,9907276
9907277,9907277
9907278,9907278
9907279,9907279
9907280,9907280
9907281,9907281
9907282,9907282
9907283,9907283
9907284,9907284
9907285,9907285
9907286,9907286
9907287,9907287
9907288,9907288
9907289,9907289
9907290,9907290
9907291,9907291
9907292,9907292
9907293,9907293
9907294,9907294
9907295,9907295
9907296,9907296
9907297,9907297
9907298,9907298
9907299,9907299
9907300,9907300
9907301,9907301
9907302,9907302
9907303,9907303
9907304,9907304
9907305,9907305
9907306,9907306
9907307,9907307
9907308,9907308
9907309,9907309
9907310,9907310
9907311,9907311
9907312,9907312
9907313,9907313
9907314,9907314
9907315,9907315
9907316,9907316
9907317,9907317
9907318,9907318
9907319,9907319
9907320,9907320
9907321,9907321
9907322,9907322
9907323,9907323
9907324,9907324
9907325,9907325
9907326,9907326
9907327,9907327
9907328,9907328
9907329,9907329
9907330,9907330
9907331,9907331
9907332,9907332
9907333,9907333
9907334,9907334
9907335,9907335
9907336,9907336
9907337,9907337
9907338,9907338
9907339,9907339
9907340,9907340
9907341,9907341
9907342,9907342
9907343,9907343
9907344,9907344
9907345,9907345
9907346,9907346
9907347,9907347
9907348,9907348
9907349,9907349
9907350,9907350
9907351,9907351
9907352,9907352
9907353,9907353
9907354,9907354
9907355,9907355
9907356,9907356
9907357,9907357
9907358,9907358
9907359,9907359
9907360,9907360
9907361,9907361
9907362,9907362
9907363,9907363
9907364,9907364
9907365,9907365
9907366,9907366
9907367,9907367
9907368,9907368
9907369,9907369
9907370,9907370
9907371,9907371
9907372,9907372
9907373,9907373
9907374,9907374
9907375,9907375
9907376,9907376
9907377,9907377
9907378,9907378
9907380,9907380
9907381,9907381
9907382,9907382
9907383,9907383
9907384,9907384
9907385,9907385
9907386,9907386
9907387,9907387
9907388,9907388
9907389,9907389
9907390,9907390
9907391,9907391
9907392,9907392
9907393,9907393
9907394,9907394
9907395,9907395
9907396,9907396
9907397,9907397
9907398,9907398
9907399,9907399
9907400,9907400
9907401,9907401
9907402,9907402
9907403,9907403
9907404,9907404
9907405,9907405
9907406,9907406
9907407,9907407
9907408,9907408
9907409,9907409
9907411,9907411
9907412,9907412
9907413,9907413
9907414,9907414
9907415,9907415
9907416,9907416
9907417,9907417
9907418,9907418
9907419,9907419
9907420,9907420
9907421,9907421
9907422,9907422
9907423,9907423
9907424,9907424
9907425,9907425
9907426,9907426
9907427,9907427
9907428,9907428
9907429,9907429
9907430,9907430
9907431,9907431
9907432,9907432
9907433,9907433
9907434,9907434
9907435,9907435
9907436,9907436
9907437,9907437
9907438,9907438
9907439,9907439
9907440,9907440
9907441,9907441
9907442,9907442
9907443,9907443
9907444,9907444
9907445,9907445
9907446,9907446
9907447,9907447
9907448,9907448
9907449,9907449
9907450,9907450
9907451,9907451
9907452,9907452
9907453,9907453
9907454,9907454
9907455,9907455
9907456,9907456
9907457,9907457
9907458,9907458
9907459,9907459
9907460,9907460
9907461,9907461
9907462,9907462
9907463,9907463
9907464,9907464
9907465,9907465
9907466,9907466
9907467,9907467
9907468,9907468
9907469,9907469
9907470,9907470
9907471,9907471
9907472,9907472
9907473,9907473
9907474,9907474
9907475,9907475
9907476,9907476
9907477,9907477
9907478,9907478
9907479,9907479
9907481,9907481
9907482,9907482
9907483,9907483
9907484,9907484
9907485,9907485
9907486,9907486
9907487,9907487
9907488,9907488
9907489,9907489
9907490,9907490
9907491,9907491
9907492,9907492
9907493,9907493
9907494,9907494
9907495,9907495
9907496,9907496
9907497,9907497
9907498,9907498
9907499,9907499
9907500,9907500
9907501,9907501
9907502,9907502
9907503,9907503
9907504,9907504
9907505,9907505
9907506,9907506
9907507,9907507
9907508,9907508
9907509,9907509
9907510,9907510
9907511,9907511
9907512,9907512
9907513,9907513
9907514,9907514
9907515,9907515
9907516,9907516
9907517,9907517
9907518,9907518
9907519,9907519
9907520,9907520
9907521,9907521
9907522,9907522
9907523,9907523
9907524,9907524
9907527,9907527
9907528,9907528
9907529,9907529
9907530,9907530
9907532,9907532
9907533,9907533
9907534,9907534
9907535,9907535
9907536,9907536
9907537,9907537
9907538,9907538
9907539,9907539
9907540,9907540
9907541,9907541
9907542,9907542
9907543,9907543
9907544,9907544
9907545,9907545
9907546,9907546
9907547,9907547
9907548,9907548
9907549,9907549
9907550,9907550
9907551,9907551
9907552,9907552
9907553,9907553
9907554,9907554
9907555,9907555
9907556,9907556
9907557,9907557
9907558,9907558
9907559,9907559
9907560,9907560
9907561,9907561
9907562,9907562
9907563,9907563
9907565,9907565
9907566,9907566
9907567,9907567
9907568,9907568
9907569,9907569
9907570,9907570
9907571,9907571
9907572,9907572
9907573,9907573
9907574,9907574
9908201,9908201
9908202,9908202
9908203,9908203
9908204,9908204
9908205,9908205
9908206,9908206
9908207,9908207
9908208,9908208
9908209,9908209
9908210,9908210
9908211,9908211
9908212,9908212
9908213,9908213
9908214,9908214
9908215,9908215
9908216,9908216
9908217,9908217
9908218,9908218
9908219,9908219
9908220,9908220
9908221,9908221
9908222,9908222
9908223,9908223
9908224,9908224
9908225,9908225
9908226,9908226
9908227,9908227
9908228,9908228
9908229,9908229
9908230,9908230
9908231,9908231
9908232,9908232
9908233,9908233
9908234,9908234
9908235,9908235
9908236,9908236
9908237,9908237
9908238,9908238
9908239,9908239
9908240,9908240
9908241,9908241
9908242,9908242
9908243,9908243
9908244,9908244
9908245,9908245
9908246,9908246
9908247,9908247
9908248,9908248
9908249,9908249
9908250,9908250
9908251,9908251
9908252,9908252
9908253,9908253
9908254,9908254
9908255,9908255
9908256,9908256
9908257,9908257
9908258,9908258
9908259,9908259
9908260,9908260
9908261,9908261
9908262,9908262
9908263,9908263
9908264,9908264
9908265,9908265
9908266,9908266
9908267,9908267
9908268,9908268
9908269,9908269
9908270,9908270
9908271,9908271
9908272,9908272
9908273,9908273
9908274,9908274
9908275,9908275
9908276,9908276
9908277,9908277
9908278,9908278
9908279,9908279
9908280,9908280
9908281,9908281
9908282,9908282
9908283,9908283
9908284,9908284
9908285,9908285
9908286,9908286
9908287,9908287
9908288,9908288
9908289,9908289
9908290,9908290
9908291,9908291
9908292,9908292
9908293,9908293
9908294,9908294
9908295,9908295
9908296,9908296
9908297,9908297
9908298,9908298
9908299,9908299
9908300,9908300
9908301,9908301
9908302,9908302
9908303,9908303
9908304,9908304
9908305,9908305
9908306,9908306
9908307,9908307
9908308,9908308
9908309,9908309
9908310,9908310
9908311,9908311
9908312,9908312
9908313,9908313
9908314,9908314
9908315,9908315
9908316,9908316
9908317,9908317
9908318,9908318
9908319,9908319
9908320,9908320
9908321,9908321
9908322,9908322
9908323,9908323
9908324,9908324
9908325,9908325
9908326,9908326
9908327,9908327
9908328,9908328
9908329,9908329
9908330,9908330
9908331,9908331
9908332,9908332
9908333,9908333
9908334,9908334
9908335,9908335
9908336,9908336
9908337,9908337
9908338,9908338
9908339,9908339
9908340,9908340
9908341,9908341
9908342,9908342
9908343,9908343
9908344,9908344
9908345,9908345
9908346,9908346
9908347,9908347
9908348,9908348
9908349,9908349
9908350,9908350
9908351,9908351
9908352,9908352
9908353,9908353
9908354,9908354
9908355,9908355
9908356,9908356
9908357,9908357
9908358,9908358
9908359,9908359
9908360,9908360
9908361,9908361
9908362,9908362
9908363,9908363
9908364,9908364
9908365,9908365
9908366,9908366
9908367,9908367
9908368,9908368
9908369,9908369
9908371,9908371
9908372,9908372
9908373,9908373
9908374,9908374
9908375,9908375
9908376,9908376
9908377,9908377
9908378,9908378
9908379,9908379
9908380,9908380
9908381,9908381
9908382,9908382
9908383,9908383
9908384,9908384
9908385,9908385
9908386,9908386
9908387,9908387
9908388,9908388
9908389,9908389
9908390,9908390
9908391,9908391
9908392,9908392
9908393,9908393
9908394,9908394
9908395,9908395
9908396,9908396
9908397,9908397
9908398,9908398
9908399,9908399
9908400,9908400
9908401,9908401
9908402,9908402
9908403,9908403
9908404,9908404
9908405,9908405
9908406,9908406
9908407,9908407
9908408,9908408
9908409,9908409
9908410,9908410
9908411,9908411
9908412,9908412
9908413,9908413
9908414,9908414
9908415,9908415
9908416,9908416
9908417,9908417
9908418,9908418
9908419,9908419
9908420,9908420
9908421,9908421
9908422,9908422
9908423,9908423
9908424,9908424
9908425,9908425
9908426,9908426
9908427,9908427
9908428,9908428
9908429,9908429
9908430,9908430
9908431,9908431
9908432,9908432
9908433,9908433
9908434,9908434
9908435,9908435
9908436,9908436
9908437,9908437
9908439,9908439
9908440,9908440
9908441,9908441
9908442,9908442
9908443,9908443
9908444,9908444
9908445,9908445
9908446,9908446
9908447,9908447
9908448,9908448
9908449,9908449
9908450,9908450
9908451,9908451
9908452,9908452
9908453,9908453
9908454,9908454
9908455,9908455
9908456,9908456
9908457,9908457
9908458,9908458
9908459,9908459
9908460,9908460
9908461,9908461
9908462,9908462
9908463,9908463
9908464,9908464
9908465,9908465
9908466,9908466
9908467,9908467
9908468,9908468
9908469,9908469
9908470,9908470
9908471,9908471
9908472,9908472
9908473,9908473
9908474,9908474
9908475,9908475
9908476,9908476
9908477,9908477
9908478,9908478
9908479,9908479
9908480,9908480
9908481,9908481
9908482,9908482
9908483,9908483
9908484,9908484
9908485,9908485
9908486,9908486
9908487,9908487
9908488,9908488
9908489,9908489
9908490,9908490
9908491,9908491
9908492,9908492
9908493,9908493
9908494,9908494
9908495,9908495
9908496,9908496
9908497,9908497
9908498,9908498
9908499,9908499
9908500,9908500
9908501,9908501
9908502,9908502
9908503,9908503
9908504,9908504
9908505,9908505
9908506,9908506
9908507,9908507
9908508,9908508
9908509,9908509
9908510,9908510
9908511,9908511
9908512,9908512
9908513,9908513
9908514,9908514
9908515,9908515
9908516,9908516
9908517,9908517
9908518,9908518
9908519,9908519
9908520,9908520
9908521,9908521
9908522,9908522
9908523,9908523
9908524,9908524
9908525,9908525
9908526,9908526
9908527,9908527
9908528,9908528
9908529,9908529
9908530,9908530
9908531,9908531
9909201,9909201
9909202,9909202
9909203,9909203
9909204,9909204
9909205,9909205
9909206,9909206
9909207,9909207
9909208,9909208
9909209,9909209
9909210,9909210
9909211,9909211
9909212,9909212
9909213,9909213
9909214,9909214
9909215,9909215
9909216,9909216
9909217,9909217
9909218,9909218
9909219,9909219
9909220,9909220
9909221,9909221
9909222,9909222
9909223,9909223
9909224,9909224
9909225,9909225
9909226,9909226
9909227,9909227
9909228,9909228
9909229,9909229
9909230,9909230
9909231,9909231
9909232,9909232
9909233,9909233
9909234,9909234
9909235,9909235
9909236,9909236
9909237,9909237
9909238,9909238
9909239,9909239
9909240,9909240
9909241,9909241
9909242,9909242
9909243,9909243
9909244,9909244
9909245,9909245
9909246,9909246
9909247,9909247
9909248,9909248
9909249,9909249
9909250,9909250
9909251,9909251
9909252,9909252
9909253,9909253
9909254,9909254
9909255,9909255
9909256,9909256
9909257,9909257
9909258,9909258
9909259,9909259
9909260,9909260
9909261,9909261
9909262,9909262
9909263,9909263
9909264,9909264
9909265,9909265
9909266,9909266
9909267,9909267
9909268,9909268
9909269,9909269
9909270,9909270
9909271,9909271
9909272,9909272
9909273,9909273
9909274,9909274
9909275,9909275
9909276,9909276
9909277,9909277
9909278,9909278
9909279,9909279
9909280,9909280
9909281,9909281
9909282,9909282
9909283,9909283
9909284,9909284
9909285,9909285
9909286,9909286
9909287,9909287
9909288,9909288
9909289,9909289
9909290,9909290
9909291,9909291
9909292,9909292
9909293,9909293
9909294,9909294
9909295,9909295
9909296,9909296
9909297,9909297
9909298,9909298
9909299,9909299
9909300,9909300
9909301,9909301
9909302,9909302
9909303,9909303
9909304,9909304
9909305,9909305
9909306,9909306
9909307,9909307
9909308,9909308
9909309,9909309
9909310,9909310
9909311,9909311
9909312,9909312
9909313,9909313
9909314,9909314
9909315,9909315
9909316,9909316
9909317,9909317
9909318,9909318
9909319,9909319
9909320,9909320
9909321,9909321
9909322,9909322
9909323,9909323
9909324,9909324
9909325,9909325
9909326,9909326
9909327,9909327
9909328,9909328
9909329,9909329
9909330,9909330
9909331,9909331
9909332,9909332
9909333,9909333
9909334,9909334
9909335,9909335
9909336,9909336
9909337,9909337
9909338,9909338
9909339,9909339
9909340,9909340
9909341,9909341
9909342,9909342
9909343,9909343
9909344,9909344
9909345,9909345
9909346,9909346
9909347,9909347
9909348,9909348
9909349,9909349
9909350,9909350
9909351,9909351
9909352,9909352
9909353,9909353
9909354,9909354
9909355,9909355
9909356,9909356
9909357,9909357
9909358,9909358
9909359,9909359
9909360,9909360
9909361,9909361
9909362,9909362
9909363,9909363
9909364,9909364
9909365,9909365
9909366,9909366
9909367,9909367
9909368,9909368
9909369,9909369
9909370,9909370
9909371,9909371
9909372,9909372
9909373,9909373
9909374,9909374
9909375,9909375
9909376,9909376
9909377,9909377
9909378,9909378
9909379,9909379
9909380,9909380
9909381,9909381
9909382,9909382
9909383,9909383
9909386,9909386
9909387,9909387
9909388,9909388
9909389,9909389
9909390,9909390
9909391,9909391
9909392,9909392
9909393,9909393
9909394,9909394
9909395,9909395
9909396,9909396
9909397,9909397
9909398,9909398
9909399,9909399
9909400,9909400
9909401,9909401
9909402,9909402
9909403,9909403
9909404,9909404
9909405,9909405
9909406,9909406
9909407,9909407
9909408,9909408
9909409,9909409
9909410,9909410
9909411,9909411
9909412,9909412
9909413,9909413
9909414,9909414
9909415,9909415
9909416,9909416
9909417,9909417
9909418,9909418
9909419,9909419
9909420,9909420
9909421,9909421
9909422,9909422
9909423,9909423
9909424,9909424
9909425,9909425
9909426,9909426
9909427,9909427
9909428,9909428
9909429,9909429
9909430,9909430
9909431,9909431
9909432,9909432
9909433,9909433
9909434,9909434
9909435,9909435
9909436,9909436
9909437,9909437
9909438,9909438
9909439,9909439
9909440,9909440
9909441,9909441
9909442,9909442
9909443,9909443
9909444,9909444
9909445,9909445
9909446,9909446
9909448,9909448
9909449,9909449
9909450,9909450
9909451,9909451
9909452,9909452
9909453,9909453
9909454,9909454
9909455,9909455
9909456,9909456
9909457,9909457
9909458,9909458
9909459,9909459
9909460,9909460
9909461,9909461
9909462,9909462
9909463,9909463
9909464,9909464
9909465,9909465
9909466,9909466
9909467,9909467
9909468,9909468
9909469,9909469
9909470,9909470
9909471,9909471
9909472,9909472
9909473,9909473
9909474,9909474
9909475,9909475
9909476,9909476
9909477,9909477
9909478,9909478
9909479,9909479
9909480,9909480
9909481,9909481
9909482,9909482
9909483,9909483
9909484,9909484
9909485,9909485
9909487,9909487
9909488,9909488
9909489,9909489
9909490,9909490
9909491,9909491
9909492,9909492
9909493,9909493
9909494,9909494
9909495,9909495
9909496,9909496
9909497,9909497
9909498,9909498
9909499,9909499
9909500,9909500
9909501,9909501
9909502,9909502
9909503,9909503
9909504,9909504
9909505,9909505
9909506,9909506
9909507,9909507
9909508,9909508
9909509,9909509
9909510,9909510
9909511,9909511
9909512,9909512
9909513,9909513
9909514,9909514
9909516,9909516
9909517,9909517
9909518,9909518
9909519,9909519
9909520,9909520
9909521,9909521
9909522,9909522
9909523,9909523
9909524,9909524
9909525,9909525
9909526,9909526
9909527,9909527
9909528,9909528
9909529,9909529
9909530,9909530
9909531,9909531
9909532,9909532
9909533,9909533
9909534,9909534
9909535,9909535
9909536,9909536
9909537,9909537
9909538,9909538
9909539,9909539
9909540,9909540
9909541,9909541
9909542,9909542
9909543,9909543
9909544,9909544
9909545,9909545
9909546,9909546
9909547,9909547
9909548,9909548
9909549,9909549
9909550,9909550
9909551,9909551
9909552,9909552
9909553,9909553
9909554,9909554
9909555,9909555
9909556,9909556
9909557,9909557
9909558,9909558
9909559,9909559
9909560,9909560
9909561,9909561
9909562,9909562
9909563,9909563
9909564,9909564
9909565,9909565
9909566,9909566
9909567,9909567
9909568,9909568
9909569,9909569
9909570,9909570
9909571,9909571
9909572,9909572
9909573,9909573
9909574,9909574
9910201,9910201
9910202,9910202
9910203,9910203
9910204,9910204
9910205,9910205
9910206,9910206
9910207,9910207
9910208,9910208
9910209,9910209
9910210,9910210
9910211,9910211
9910213,9910213
9910214,9910214
9910215,9910215
9910216,9910216
9910217,9910217
9910218,9910218
9910219,9910219
9910220,9910220
9910221,9910221
9910222,9910222
9910223,9910223
9910224,9910224
9910225,9910225
9910226,9910226
9910227,9910227
9910228,9910228
9910229,9910229
9910230,9910230
9910231,9910231
9910232,9910232
9910233,9910233
9910234,9910234
9910235,9910235
9910236,9910236
9910237,9910237
9910238,9910238
9910239,9910239
9910240,9910240
9910241,9910241
9910242,9910242
9910243,9910243
9910244,9910244
9910245,9910245
9910246,9910246
9910247,9910247
9910248,9910248
9910250,9910250
9910251,9910251
9910252,9910252
9910253,9910253
9910254,9910254
9910255,9910255
9910256,9910256
9910257,9910257
9910258,9910258
9910259,9910259
9910260,9910260
9910261,9910261
9910262,9910262
9910263,9910263
9910264,9910264
9910265,9910265
9910266,9910266
9910267,9910267
9910268,9910268
9910269,9910269
9910270,9910270
9910271,9910271
9910272,9910272
9910273,9910273
9910274,9910274
9910275,9910275
9910276,9910276
9910277,9910277
9910278,9910278
9910279,9910279
9910280,9910280
9910281,9910281
9910282,9910282
9910283,9910283
9910284,9910284
9910285,9910285
9910286,9910286
9910287,9910287
9910288,9910288
9910289,9910289
9910290,9910290
9910291,9910291
9910292,9910292
9910293,9910293
9910294,9910294
9910295,9910295
9910296,9910296
9910297,9910297
9910298,9910298
9910299,9910299
9910300,9910300
9910301,9910301
9910302,9910302
9910303,9910303
9910304,9910304
9910305,9910305
9910306,9910306
9910307,9910307
9910308,9910308
9910309,9910309
9910310,9910310
9910311,9910311
9910312,9910312
9910313,9910313
9910314,9910314
9910315,9910315
9910316,9910316
9910317,9910317
9910318,9910318
9910319,9910319
9910320,9910320
9910321,9910321
9910322,9910322
9910323,9910323
9910324,9910324
9910325,9910325
9910326,9910326
9910327,9910327
9910328,9910328
9910329,9910329
9910330,9910330
9910331,9910331
9910332,9910332
9910333,9910333
9910334,9910334
9910335,9910335
9910336,9910336
9910337,9910337
9910338,9910338
9910339,9910339
9910340,9910340
9910341,9910341
9910342,9910342
9910343,9910343
9910344,9910344
9910345,9910345
9910346,9910346
9910347,9910347
9910348,9910348
9910349,9910349
9910350,9910350
9910351,9910351
9910352,9910352
9910353,9910353
9910354,9910354
9910355,9910355
9910356,9910356
9910357,9910357
9910358,9910358
9910359,9910359
9910360,9910360
9910361,9910361
9910362,9910362
9910363,9910363
9910364,9910364
9910365,9910365
9910366,9910366
9910367,9910367
9910368,9910368
9910369,9910369
9910370,9910370
9910371,9910371
9910372,9910372
9910374,9910374
9910375,9910375
9910376,9910376
9910377,9910377
9910378,9910378
9910379,9910379
9910380,9910380
9910381,9910381
9910382,9910382
9910383,9910383
9910384,9910384
9910385,9910385
9910386,9910386
9910387,9910387
9910388,9910388
9910389,9910389
9910390,9910390
9910391,9910391
9910392,9910392
9910393,9910393
9910394,9910394
9910395,9910395
9910396,9910396
9910397,9910397
9910398,9910398
9910399,9910399
9910400,9910400
9910401,9910401
9910402,9910402
9910403,9910403
9910404,9910404
9910405,9910405
9910406,9910406
9910407,9910407
9910408,9910408
9910409,9910409
9910410,9910410
9910411,9910411
9910412,9910412
9910413,9910413
9910414,9910414
9910415,9910415
9910416,9910416
9910417,9910417
9910418,9910418
9910420,9910420
9910421,9910421
9910422,9910422
9910423,9910423
9910424,9910424
9910425,9910425
9910426,9910426
9910427,9910427
9910428,9910428
9910429,9910429
9910430,9910430
9910431,9910431
9910432,9910432
9910433,9910433
9910434,9910434
9910435,9910435
9910436,9910436
9910437,9910437
9910438,9910438
9910439,9910439
9910440,9910440
9910441,9910441
9910442,9910442
9910443,9910443
9910444,9910444
9910445,9910445
9910446,9910446
9910447,9910447
9910448,9910448
9910449,9910449
9910450,9910450
9910451,9910451
9910452,9910452
9910454,9910454
9910455,9910455
9910456,9910456
9910457,9910457
9910458,9910458
9910459,9910459
9910460,9910460
9910461,9910461
9910462,9910462
9910463,9910463
9910464,9910464
9910465,9910465
9910466,9910466
9910467,9910467
9910469,9910469
9910471,9910471
9910472,9910472
9910473,9910473
9910474,9910474
9910475,9910475
9910476,9910476
9910477,9910477
9910478,9910478
9910479,9910479
9910480,9910480
9910481,9910481
9910482,9910482
9910483,9910483
9910484,9910484
9910485,9910485
9910486,9910486
9910487,9910487
9910488,9910488
9910489,9910489
9910490,9910490
9910491,9910491
9910492,9910492
9910493,9910493
9910494,9910494
9910495,9910495
9910496,9910496
9910497,9910497
9910498,9910498
9910499,9910499
9910500,9910500
9910501,9910501
9910502,9910502
9910503,9910503
9910504,9910504
9910505,9910505
9910506,9910506
9910507,9910507
9910508,9910508
9910509,9910509
9910510,9910510
9910511,9910511
9910512,9910512
9910513,9910513
9910514,9910514
9910515,9910515
9910516,9910516
9910519,9910519
9910520,9910520
9910521,9910521
9910522,9910522
9910523,9910523
9910524,9910524
9910525,9910525
9910526,9910526
9910528,9910528
9910529,9910529
9910530,9910530
9910531,9910531
9910532,9910532
9910533,9910533
9910534,9910534
9910535,9910535
9910536,9910536
9910537,9910537
9910538,9910538
9910539,9910539
9910540,9910540
9910541,9910541
9910542,9910542
9910543,9910543
9910544,9910544
9910545,9910545
9910546,9910546
9910547,9910547
9910548,9910548
9910549,9910549
9910550,9910550
9910551,9910551
9910552,9910552
9910553,9910553
9910554,9910554
9910555,9910555
9910556,9910556
9910557,9910557
9910558,9910558
9910560,9910560
9910562,9910562
9910563,9910563
9910564,9910564
9910565,9910565
9911201,9911201
9911202,9911202
9911203,9911203
9911204,9911204
9911205,9911205
9911206,9911206
9911207,9911207
9911208,9911208
9911209,9911209
9911210,9911210
9911211,9911211
9911212,9911212
9911213,9911213
9911214,9911214
9911215,9911215
9911216,9911216
9911218,9911218
9911219,9911219
9911221,9911221
9911222,9911222
9911223,9911223
9911224,9911224
9911225,9911225
9911226,9911226
9911227,9911227
9911228,9911228
9911229,9911229
9911231,9911231
9911232,9911232
9911233,9911233
9911234,9911234
9911235,9911235
9911236,9911236
9911237,9911237
9911238,9911238
9911239,9911239
9911240,9911240
9911241,9911241
9911242,9911242
9911243,9911243
9911244,9911244
9911245,9911245
9911246,9911246
9911247,9911247
9911248,9911248
9911249,9911249
9911250,9911250
9911251,9911251
9911252,9911252
9911253,9911253
9911254,9911254
9911255,9911255
9911256,9911256
9911257,9911257
9911258,9911258
9911259,9911259
9911260,9911260
9911261,9911261
9911262,9911262
9911263,9911263
9911264,9911264
9911265,9911265
9911266,9911266
9911267,9911267
9911268,9911268
9911269,9911269
9911270,9911270
9911271,9911271
9911272,9911272
9911273,9911273
9911274,9911274
9911275,9911275
9911276,9911276
9911277,9911277
9911278,9911278
9911279,9911279
9911280,9911280
9911281,9911281
9911282,9911282
9911283,9911283
9911284,9911284
9911285,9911285
9911286,9911286
9911287,9911287
9911288,9911288
9911289,9911289
9911291,9911291
9911292,9911292
9911293,9911293
9911294,9911294
9911295,9911295
9911296,9911296
9911297,9911297
9911298,9911298
9911299,9911299
9911300,9911300
9911301,9911301
9911302,9911302
9911303,9911303
9911304,9911304
9911305,9911305
9911306,9911306
9911307,9911307
9911308,9911308
9911309,9911309
9911310,9911310
9911311,9911311
9911312,9911312
9911313,9911313
9911314,9911314
9911315,9911315
9911316,9911316
9911317,9911317
9911318,9911318
9911319,9911319
9911320,9911320
9911321,9911321
9911322,9911322
9911323,9911323
9911324,9911324
9911325,9911325
9911326,9911326
9911327,9911327
9911328,9911328
9911329,9911329
9911330,9911330
9911331,9911331
9911332,9911332
9911333,9911333
9911334,9911334
9911335,9911335
9911336,9911336
9911337,9911337
9911338,9911338
9911339,9911339
9911340,9911340
9911341,9911341
9911342,9911342
9911343,9911343
9911344,9911344
9911345,9911345
9911346,9911346
9911347,9911347
9911348,9911348
9911349,9911349
9911350,9911350
9911351,9911351
9911352,9911352
9911353,9911353
9911354,9911354
9911355,9911355
9911356,9911356
9911357,9911357
9911358,9911358
9911359,9911359
9911360,9911360
9911361,9911361
9911362,9911362
9911364,9911364
9911365,9911365
9911366,9911366
9911367,9911367
9911368,9911368
9911369,9911369
9911370,9911370
9911371,9911371
9911372,9911372
9911373,9911373
9911374,9911374
9911375,9911375
9911376,9911376
9911377,9911377
9911379,9911379
9911380,9911380
9911381,9911381
9911382,9911382
9911383,9911383
9911384,9911384
9911385,9911385
9911386,9911386
9911387,9911387
9911388,9911388
9911389,9911389
9911390,9911390
9911391,9911391
9911392,9911392
9911393,9911393
9911394,9911394
9911395,9911395
9911396,9911396
9911398,9911398
9911399,9911399
9911400,9911400
9911401,9911401
9911402,9911402
9911403,9911403
9911404,9911404
9911405,9911405
9911406,9911406
9911407,9911407
9911408,9911408
9911409,9911409
9911410,9911410
9911411,9911411
9911412,9911412
9911413,9911413
9911414,9911414
9911415,9911415
9911416,9911416
9911417,9911417
9911418,9911418
9911419,9911419
9911420,9911420
9911421,9911421
9911422,9911422
9911423,9911423
9911424,9911424
9911425,9911425
9911426,9911426
9911427,9911427
9911428,9911428
9911429,9911429
9911430,9911430
9911431,9911431
9911432,9911432
9911433,9911433
9911434,9911434
9911435,9911435
9911436,9911436
9911437,9911437
9911438,9911438
9911439,9911439
9911440,9911440
9911441,9911441
9911442,9911442
9911443,9911443
9911444,9911444
9911445,9911445
9911446,9911446
9911447,9911447
9911448,9911448
9911449,9911449
9911450,9911450
9911451,9911451
9911452,9911452
9911454,9911454
9911455,9911455
9911456,9911456
9911457,9911457
9911458,9911458
9911459,9911459
9911460,9911460
9911461,9911461
9911462,9911462
9911463,9911463
9911464,9911464
9911465,9911465
9911466,9911466
9911467,9911467
9911468,9911468
9911469,9911469
9911470,9911470
9911471,9911471
9911472,9911472
9911473,9911473
9911474,9911474
9911475,9911475
9911476,9911476
9911477,9911477
9911478,9911478
9911479,9911479
9911480,9911480
9911481,9911481
9911482,9911482
9911483,9911483
9911484,9911484
9911485,9911485
9911486,9911486
9911487,9911487
9911488,9911488
9911489,9911489
9911490,9911490
9911491,9911491
9911492,9911492
9911493,9911493
9911494,9911494
9911495,9911495
9911496,9911496
9911497,9911497
9911498,9911498
9911499,9911499
9911500,9911500
9911501,9911501
9911502,9911502
9911503,9911503
9911504,9911504
9911505,9911505
9911506,9911506
9911507,9911507
9911508,9911508
9911509,9911509
9911510,9911510
9911511,9911511
9911512,9911512
9911513,9911513
9911514,9911514
9911515,9911515
9911516,9911516
9911517,9911517
9911518,9911518
9911519,9911519
9911520,9911520
9911521,9911521
9911522,9911522
9911523,9911523
9911524,9911524
9911525,9911525
9911526,9911526
9911527,9911527
9911528,9911528
9911529,9911529
9911530,9911530
9911531,9911531
9911532,9911532
9911533,9911533
9911534,9911534
9911535,9911535
9911536,9911536
9911537,9911537
9911538,9911538
9911539,9911539
9911540,9911540
9911541,9911541
9911542,9911542
9912201,9912201
9912202,9912202
9912203,9912203
9912204,9912204
9912205,9912205
9912206,9912206
9912208,9912208
9912209,9912209
9912210,9912210
9912211,9912211
9912212,9912212
9912213,9912213
9912214,9912214
9912215,9912215
9912216,9912216
9912217,9912217
9912218,9912218
9912219,9912219
9912220,9912220
9912221,9912221
9912222,9912222
9912223,9912223
9912224,9912224
9912225,9912225
9912226,9912226
9912227,9912227
9912228,9912228
9912229,9912229
9912230,9912230
9912231,9912231
9912232,9912232
9912233,9912233
9912234,9912234
9912235,9912235
9912236,9912236
9912237,9912237
9912238,9912238
9912239,9912239
9912240,9912240
9912241,9912241
9912242,9912242
9912243,9912243
9912244,9912244
9912245,9912245
9912246,9912246
9912247,9912247
9912248,9912248
9912249,9912249
9912250,9912250
9912251,9912251
9912252,9912252
9912253,9912253
9912254,9912254
9912255,9912255
9912256,9912256
9912258,9912258
9912259,9912259
9912260,9912260
9912261,9912261
9912262,9912262
9912263,9912263
9912264,9912264
9912265,9912265
9912266,9912266
9912267,9912267
9912268,9912268
9912269,9912269
9912270,9912270
9912271,9912271
9912272,9912272
9912273,9912273
9912274,9912274
9912275,9912275
9912276,9912276
9912277,9912277
9912278,9912278
9912279,9912279
9912280,9912280
9912281,9912281
9912282,9912282
9912283,9912283
9912284,9912284
9912285,9912285
9912286,9912286
9912287,9912287
9912288,9912288
9912289,9912289
9912290,9912290
9912291,9912291
9912292,9912292
9912293,9912293
9912294,9912294
9912295,9912295
9912296,9912296
9912297,9912297
9912298,9912298
9912299,9912299
9912300,9912300
9912301,9912301
9912302,9912302
9912303,9912303
9912304,9912304
9912305,9912305
9912306,9912306
9912307,9912307
9912308,9912308
9912309,9912309
9912310,9912310
9912311,9912311
9912312,9912312
9912313,9912313
9912314,9912314
9912315,9912315
9912316,9912316
9912317,9912317
9912318,9912318
9912319,9912319
9912320,9912320
9912321,9912321
9912322,9912322
9912323,9912323
9912324,9912324
9912325,9912325
9912326,9912326
9912327,9912327
9912328,9912328
9912329,9912329
9912330,9912330
9912331,9912331
9912332,9912332
9912333,9912333
9912334,9912334
9912335,9912335
9912336,9912336
9912337,9912337
9912338,9912338
9912339,9912339
9912340,9912340
9912341,9912341
9912342,9912342
9912343,9912343
9912344,9912344
9912345,9912345
9912346,9912346
9912347,9912347
9912348,9912348
9912349,9912349
9912350,9912350
9912351,9912351
9912352,9912352
9912353,9912353
9912354,9912354
9912355,9912355
9912356,9912356
9912357,9912357
9912358,9912358
9912359,9912359
9912360,9912360
9912361,9912361
9912362,9912362
9912363,9912363
9912364,9912364
9912365,9912365
9912366,9912366
9912367,9912367
9912368,9912368
9912369,9912369
9912370,9912370
9912371,9912371
9912372,9912372
9912373,9912373
9912374,9912374
9912375,9912375
9912376,9912376
9912377,9912377
9912378,9912378
9912379,9912379
9912380,9912380
9912381,9912381
9912382,9912382
9912383,9912383
9912384,9912384
9912385,9912385
9912386,9912386
9912387,9912387
9912388,9912388
9912389,9912389
9912390,9912390
9912391,9912391
9912392,9912392
9912393,9912393
9912394,9912394
9912395,9912395
9912396,9912396
9912397,9912397
9912398,9912398
9912399,9912399
9912400,9912400
9912401,9912401
9912402,9912402
9912403,9912403
9912404,9912404
9912405,9912405
9912406,9912406
9912407,9912407
9912408,9912408
9912409,9912409
9912410,9912410
9912411,9912411
9912412,9912412
9912413,9912413
9912414,9912414
9912415,9912415
9912416,9912416
9912417,9912417
9912418,9912418
9912419,9912419
9912420,9912420
9912421,9912421
9912422,9912422
9912423,9912423
9912424,9912424
9912425,9912425
9912426,9912426
9912427,9912427
9912428,9912428
9912429,9912429
9912430,9912430
9912431,9912431
9912432,9912432
9912433,9912433
9912434,9912434
9912435,9912435
9912436,9912436
9912437,9912437
9912438,9912438
9912439,9912439
9912440,9912440
9912441,9912441
9912442,9912442
9912443,9912443
9912444,9912444
9912445,9912445
9912446,9912446
9912447,9912447
9912448,9912448
9912449,9912449
9912450,9912450
9912451,9912451
9912452,9912452
9912453,9912453
9912454,9912454
9912455,9912455
9912456,9912456
9912457,9912457
9912458,9912458
9912459,9912459
9912460,9912460
9912461,9912461
9912462,9912462
9912463,9912463
9912464,9912464
9912465,9912465
9912466,9912466
9912467,9912467
9912468,9912468
9912469,9912469
9912470,9912470
9912471,9912471
9912472,9912472
9912473,9912473
9912474,9912474
9912475,9912475
9912476,9912476
9912477,9912477
9912478,9912478
9912479,9912479
9912480,9912480
9912481,9912481
9912482,9912482
9912483,9912483
9912484,9912484
9912485,9912485
9912486,9912486
9912487,9912487
9912488,9912488
9912489,9912489
9912490,9912490
9912491,9912491
9912492,9912492
9912493,9912493
9912494,9912494
9912495,9912495
9912496,9912496
9912497,9912497
9912498,9912498
9912499,9912499
9912500,9912500
9912501,9912501
9912502,9912502
9912503,9912503
9912504,9912504
9912505,9912505
9912506,9912506
9912507,9912507
9912508,9912508
9912509,9912509
9912510,9912510
9912511,9912511
9912512,9912512
9912513,9912513
9912514,9912514
9912515,9912515
9912516,9912516
9912517,9912517
9912518,9912518
9912519,9912519
9912520,9912520
9912521,9912521
9912522,9912522
9912524,9912524
9912525,9912525
9912526,9912526
9912527,9912527
9912528,9912528
9912529,9912529
9912530,9912530
9912531,9912531
9912532,9912532
9912533,9912533
9912534,9912534
9912535,9912535
9912536,9912536
9912537,9912537
9912538,9912538
9912539,9912539
9912540,9912540
9912541,9912541
9912542,9912542
9912543,9912543
9912544,9912544
9912545,9912545
9912546,9912546
9912547,9912547
9912548,9912548
9912549,9912549
9912550,9912550
9912551,9912551
9912552,9912552
9912553,9912553
